pdb_id,binding_affinity_pK
2tpi,4.309803919971486
5tln,6.366531544420414
4tln,3.721246399047171
6rsa,4.3979400086720375
1rnt,5.187086643357144
6cha,4.3979400086720375
4ts1,4.935542010773082
4tmn,10.167491087293763
2tmn,5.886056647693163
1tlp,7.552841968657781
1tmn,7.301029995663981
5tmn,8.040958607678906
4fab,8.05551732784983
1p01,9.455931955649724
3at1,3.1804560644581312
1p05,5.958607314841775
1p10,6.698970004336019
6gch,4.698970004336019
7gch,5.698970004336019
1p04,7.3979400086720375
1p06,6.267606240177032
1p03,8.193820026016112
1p02,7.173925197299173
8abp,8.0
1rbp,6.721246399047171
7abp,6.455931955649724
6abp,6.356547323513813
1fkf,9.397940008672037
9icd,3.9030899869919438
6apr,7.769551078621726
4er1,6.616184634019569
5er2,6.568636235841013
4er2,9.301029995663981
2ypi,4.823908740944319
4er4,6.795880017344075
5apr,7.769551078621726
3er5,9.0
4apr,6.698970004336019
5hvp,7.698970004336019
6cpa,11.522878745280337
2er9,7.3979400086720375
2er0,6.376750709602099
4sga,7.301029995663981
2er6,7.221848749616356
3er3,7.0915149811213505
5er1,6.017728766960431
9abp,8.0
1bap,6.853871964321762
5abp,6.638272163982407
8gpb,3.6020599913279625
1apb,5.82102305270683
7gpb,5.522878745280337
5est,6.522878745280337
6tim,3.214670164989233
6gpb,4.853871964321762
9hvp,8.346787486224656
4tim,2.161150909262745
4est,5.022276394711152
2mip,8.455931955649724
4phv,9.173925197299173
1rne,8.698970004336019
1ind,10.045757490560675
1igj,10.0
1fkb,9.698970004336019
1gca,6.698970004336019
1l83,3.3979400086720375
1rin,3.154901959985743
1dmb,5.7447274948966935
1atr,6.958607314841775
1dbb,9.0
1pop,9.0
1gpy,4.698970004336019
1abf,5.42021640338319
1rgl,4.431798275933005
6rnt,2.3665315444204134
1rgk,4.308918507877031
3gst,6.721246399047171
1cps,6.657577319177793
7hvp,9.619788758288394
2gst,6.070581074285707
2lpr,8.886056647693163
3lpr,5.958607314841775
1ppm,5.795880017344075
1hos,8.55284196865778
1ppl,8.55284196865778
9lpr,5.698970004336019
8lpr,6.619788758288394
5lpr,6.568636235841013
1bcd,8.698970004336019
1ivp,7.522878745280337
1trd,5.3979400086720375
6lpr,7.301029995663981
7lpr,7.180456064458132
1mns,4.173925197299174
1ths,7.5376020021010435
1htf,6.8297382846050425
2hmb,5.585026652029182
1him,7.698970004336019
1dbj,7.6777807052660805
1hte,5.644931793651149
2dbl,8.698970004336019
1htg,8.42021640338319
1thr,5.376750709602099
1acj,8.086186147616283
1dbk,8.096910013008056
1hsl,7.1938200260161125
2drc,9.886056647693163
1sre,3.853871964321762
1sri,6.080921907623926
1tka,6.096910013008056
1abt,5.853871964321762
1lst,7.853871964321762
1tkc,4.853871964321762
1ctr,6.0
1hgi,2.6777807052660805
1hgj,1.6575773191777938
1dhj,6.55129368009492
1tys,5.485452247339714
1sps,8.522878745280337
1pyg,5.522878745280337
1adl,5.356547323513812
1mfd,5.309803919971486
1hge,2.2676062401770314
2cgr,7.275724130399211
1dhi,7.259637310505756
1srg,5.301029995663981
1erb,8.096910013008056
1mfa,5.040958607678906
1tni,4.0
2ctc,3.886056647693163
1add,6.7447274948966935
1tmb,6.7447274948966935
1elc,6.657577319177793
1wht,3.6989700043360187
1tsi,3.4814860601221125
1cil,9.431798275933005
2sim,3.42021640338319
1thl,6.42021640338319
1tnh,3.3665315444204134
1ela,6.356547323513813
1cbx,6.346787486224656
1inc,9.337242168318426
1ppc,6.161150909262744
1hps,9.221848749616356
1fig,6.221848749616356
1tet,6.080921907623926
1azm,6.096910013008056
1rpa,6.0
1tng,2.9318141382538383
1pph,5.920818753952375
1ett,5.886056647693163
1cim,8.818156412055227
1csi,8.795880017344075
1cin,8.72584215073632
1fki,7.0
1rpf,3.987162775294828
1gbt,2.0
1apw,8.0
1fkg,8.0
1tkb,8.0
1nnb,5.0
1tnj,1.958607314841775
1ent,6.958607314841775
1hvl,9.950781977329818
1epo,7.958607314841775
1hvk,10.958607314841775
1hvi,10.920818753952375
1tnl,1.8761483590329142
1bra,1.8239087409443189
1hgt,6.823908740944319
1els,10.823908740944319
1eed,4.790484985457369
1heg,7.7447274948966935
1sbg,7.7447274948966935
1apv,9.0
1hef,9.0
1agm,12.0
1ppk,7.657577319177793
1csh,7.552841968657781
1iht,8.455931955649724
1lyb,11.42021640338319
1tnk,1.4881166390211256
1dwc,7.4089353929735005
2cht,5.522878745280337
1aaq,8.397940008672037
1hvj,11.397940008672037
1epq,8.187086643357144
1dwd,8.18045606445813
1epp,7.161150909262744
1ets,8.221848749616356
1elb,7.154901959985743
8cpa,9.148741651280925
1fkh,8.154901959985743
1siv,8.075720713938118
1ida,8.698970004336019
1mnc,10.337242168318426
1fta,6.356547323513813
1shd,6.173925197299173
1tps,8.0
1idb,7.958607314841775
1hrn,8.045757490560675
1drj,7.3979400086720375
2dri,6.886056647693163
1drk,6.823908740944319
1flr,10.0
1tyr,7.0
1hmr,6.552841968657781
1hms,6.366531544420414
1cbr,9.397940008672037
1hmt,5.785156151952302
1cka,5.721246399047171
1utr,8.0
1ahx,3.9208187539523753
1cny,7.853871964321762
1laf,7.853871964321762
186l,4.853871964321762
1cnw,7.721246399047171
184l,4.721246399047171
1lcj,9.0
1yda,6.552841968657781
185l,3.537602002101044
1pgp,5.698970004336019
1lah,7.522878745280337
187l,3.374687549038326
1cnx,7.366531544420414
1ahy,3.3565473235138126
188l,3.3279021420642825
1ckb,5.2839966563652006
1ydb,8.236572006437063
1lag,6.301029995663981
1prl,4.229147988357856
1prm,4.229147988357856
1rlp,5.096910013008056
1rlq,5.096910013008056
1ydd,7.0655015487564325
2gyi,7.0
1cgl,6.8696662315049934
1ele,6.853871964321762
2ada,13.0
1fpc,7.0
1eld,6.698970004336019
1lcp,6.638272163982407
2srt,6.638272163982407
1pdz,3.6989700043360187
1tyn,9.698970004336019
1hvr,9.508638306165727
1atl,6.2839966563652006
1tpw,3.3010299956639813
1hpv,9.221848749616356
1css,6.096910013008056
1ctu,11.920818753952375
1gar,10.0
1eat,7.823908740944319
1ebg,10.823908740944319
1hdt,7.764471553092451
1bty,4.735182176990463
1eas,7.7447274948966935
1ibg,8.55284196865778
1fiv,6.585026652029182
1bma,4.585026652029182
1ctt,4.522878745280337
1csr,7.376750709602099
1hbv,6.366531544420414
1std,10.327902142064282
1qca,5.267606240177032
1hvs,10.301029995663981
1hii,7.275724130399211
1lan,7.221848749616356
1hti,5.130768280269024
1ppi,5.013228265733755
1hih,8.045757490560675
1vrt,7.096910013008056
1vru,7.0
1rth,6.3979400086720375
1bil,9.301029995663981
1pig,9.154901959985743
1bim,8.920818753952375
1fpi,5.886056647693163
1inf,5.0
1cwc,7.795880017344075
1rti,4.769551078621726
1gym,2.6989700043360187
1cpi,7.4089353929735005
1mik,6.346787486224656
1inh,2.3010299956639813
1qwf,6.346787486224656
1nja,6.309803919971486
1qwe,5.920818753952375
1njb,5.795880017344075
1gaf,8.0
1sts,5.0
1tsy,4.958607314841775
1cea,4.958607314841775
1dar,4.958607314841775
1slg,3.9030899869919438
1lkk,6.853871964321762
1lkl,5.812479279163537
1tsv,4.795880017344075
1nje,3.7958800173440754
1str,4.769551078621726
1ceb,6.0
1njd,5.568636235841013
1njc,5.552841968657781
1mai,6.6777807052660805
1zsb,0.6020599913279624
1sld,6.568636235841013
2olb,5.5376020021010435
1pot,5.494850021680094
1btn,4.3979400086720375
1det,4.301029995663981
1kel,7.2839966563652006
1sle,6.173925197299173
1swi,3.0969100130080562
1mmq,7.522878745280337
2upj,7.3872161432802645
1lhc,10.397940008672037
2csm,4.301029995663981
1grp,3.7235381958267557
1fmb,10.0
1sln,6.638272163982407
1lhd,9.619788758288394
1lhe,9.537602002101044
1hsg,9.42021640338319
1hsh,9.42021640338319
1igb,6.3979400086720375
1jrs,6.3979400086720375
1aht,6.2076083105017466
1mmp,6.070581074285707
1pbk,9.045757490560675
1jao,5.920818753952375
1gai,8.0
1tcx,6.950781977329818
1cwb,7.886056647693163
1rdn,1.8416375079047502
1dud,4.823908740944319
1gah,12.0
1gno,7.698970004336019
1rdj,1.6635402661514704
1gnn,5.6777807052660805
1dif,10.657577319177793
1bmn,8.443697499232712
1rev,7.481486060122112
1jaq,4.481486060122113
2csn,4.4089353929735005
1mmr,5.3979400086720375
1mtr,8.397940008672037
1hpx,11.259637310505756
1rdl,2.2441251443275085
1gnm,6.251811972993799
1pro,11.301029995663981
1noi,3.154901959985743
1noj,3.154901959985743
1nok,3.154901959985743
1bmm,7.102372908709558
1lhg,7.102372908709558
1lhf,8.09151498112135
1rdi,2.0555173278498313
1mdl,3.0915149811213505
1rnm,3.0735546521816106
1tcw,6.017728766960431
1fkw,5.045757490560675
1kvo,7.886056647693163
1tze,6.8297382846050425
1lt6,3.3010299956639813
1jlx,5.795880017344075
1bkm,5.7447274948966935
2rox,4.978810700930062
1jld,6.732828271596986
1lt5,2.6989700043360187
1tvr,7.481486060122112
1uwb,8.337242168318426
1dth,8.221848749616356
1rt2,8.221848749616356
1aq1,8.154901959985743
1rt1,8.096910013008056
1lfo,8.045757490560675
1avn,3.9030899869919438
1rbo,12.721246399047171
1drv,6.537602002101044
1aqj,6.468521082957745
1bxl,6.468521082957745
1okl,6.031517051446065
1ao0,4.958607314841775
1nlp,4.958607314841775
1avp,7.920818753952375
1jev,6.886056647693163
1aj7,3.869666231504994
1jeu,6.823908740944319
1ag9,9.0
1ado,6.0
2adm,5.698970004336019
1aqi,5.619788758288394
2h4n,8.698970004336019
1nlo,5.468521082957745
1gbq,2.4559319556497243
3gbq,5.455931955649724
2mas,7.522878745280337
1rst,4.431798275933005
1aqc,5.341035157335565
1shc,7.275724130399211
1jet,7.251811972993799
2hrp,8.301029995663981
2aac,2.221848749616356
1irs,5.221848749616356
1mpa,8.040958607678906
1nox,7.045757490560675
1uvt,7.638272163982407
1qbt,10.619788758288394
1qbr,10.568636235841012
1ajq,4.309803919971486
1qbu,10.236572006437063
1ai7,4.086186147616283
1ai6,3.9706162223147903
4vgc,6.896196279044043
1hxb,9.920818753952375
1sqc,6.853871964321762
3mbp,6.795880017344075
1ai5,3.7235381958267557
1ad8,6.6020599913279625
1dmp,9.55284196865778
1qbs,9.468521082957745
1pau,9.455931955649724
2kce,6.173925197299173
1hpo,9.221848749616356
1af2,3.0969100130080562
1vgc,5.920818753952375
1yds,5.920818753952375
3gss,5.823908740944319
1dub,5.795880017344075
1uvu,5.0
2gss,4.939302159646388
1ajx,7.913640169325252
2rkm,3.9030899869919438
1h4n,4.920818753952375
3aid,6.863279432843593
1aid,4.823908740944319
1al7,7.795880017344075
1ajv,7.718966632752273
1ajn,2.6345120151091
1fwe,5.6020599913279625
1vfn,5.6020599913279625
1juy,7.657577319177793
1vot,6.6020599913279625
1ydr,5.522878745280337
3vgc,5.507239610973163
1ai4,2.5044556624535517
7upj,8.494850021680094
1anf,5.455931955649724
1al8,5.318758762624412
1fax,7.3872161432802645
6upj,6.318758762624412
1ydt,7.318758762624412
1uvs,5.3979400086720375
2vgc,5.239577516576788
1ajp,2.2328441339178196
1amk,4.301029995663981
1ml1,4.2839966563652006
1tom,8.301029995663981
1sme,11.221848749616356
5upj,7.1249387366083
2jxr,7.045757490560675
1rtf,3.0409586076789066
1bm2,6.958607314841775
2pax,6.7447274948966935
1vik,9.522878745280337
4aig,6.522878745280337
4pax,6.3979400086720375
1a2c,6.301029995663981
1bmb,6.154901959985743
1aq7,6.045757490560675
1bl4,8.744727494896694
1fgi,5.0
2aig,5.0
3pax,5.0
3aig,6.0
1agw,4.698970004336019
2qwg,3.6382721639824074
1bji,8.698970004336019
1bmq,7.42021640338319
1ao8,8.221848749616356
1skj,5.154901959985743
1err,8.113509274827518
1a5v,3.0969100130080562
1akv,11.585026652029182
1b7h,8.022276394711152
1b6h,7.823908740944319
1a4k,8.0
3pcj,7.221848749616356
1b1h,7.031517051446065
1ax2,3.987162775294828
1b39,6.920818753952375
1bcj,3.6989700043360187
1b0h,6.698970004336019
1b38,6.595166283380062
1a7x,9.698970004336019
1a09,6.698970004336019
3pck,6.698970004336019
1x11,6.494850021680094
220l,3.3979400086720375
223l,3.3979400086720375
1a07,6.3979400086720375
1a1b,6.3979400086720375
1a1c,6.3979400086720375
1ax1,3.288192770958809
1bcu,3.275724130399211
2nmb,6.275724130399211
1wdn,6.301029995663981
1b3h,6.2076083105017466
1axz,3.1958605676646497
1a9q,6.167491087293763
1ax0,3.1272611725273314
1akq,9.102372908709558
1akr,9.086186147616283
1jmg,6.070581074285707
1jmi,6.060480747381382
1b5h,6.013228265733755
1a4h,5.920818753952375
1aj6,5.920818753952375
1lvk,5.920818753952375
1yet,5.920818753952375
1bbz,5.823908740944319
1vwn,5.823908740944319
1jmf,5.769551078621726
1gux,6.958607314841775
1b3l,5.886056647693163
1b3f,6.886056647693163
1af6,1.8239087409443189
1azg,4.795880017344075
1axs,7.769551078621726
1br8,4.7447274948966935
1a1e,6.0
2izl,6.0
1vwl,5.632644078973981
1azl,8.619788758288394
1a08,5.619788758288394
1akw,8.585026652029182
1b3g,6.698970004336019
4tmk,7.698970004336019
3pcn,3.657577319177794
1amw,4.5376020021010435
1b2h,4.5376020021010435
1a99,5.698970004336019
1akt,8.494850021680094
1b4h,5.46344155742847
1a3e,8.455931955649724
1bm7,7.522878745280337
1vwf,6.508638306165727
5tmp,7.468521082957745
1bhf,4.376750709602099
1swg,7.357535479757878
4rsk,4.324221658325915
1a0t,1.3010299956639813
1at5,4.1938200260161125
1aku,6.127261172527331
1b05,7.1249387366083
1b32,7.102372908709558
1at6,4.070581074285707
1awi,4.045757490560675
1usn,7.7447274948966935
2qwe,7.481486060122113
1bv7,10.301029995663981
1a5g,10.148741651280925
1xug,7.045757490560675
1bxo,10.0
1bv9,9.958607314841775
1a52,9.860120913598763
1bhx,6.838631997765025
1tbz,9.795880017344075
1bdr,6.6777807052660805
2usn,6.508638306165727
1moq,3.4559319556497243
1alw,6.522878745280337
1bdq,6.337242168318426
1met,9.397940008672037
10gs,6.3979400086720375
1br6,3.2218487496163566
1ayu,9.154901959985743
1tsl,6.154901959985743
1awh,6.080921907623926
1meu,6.096910013008056
2wed,6.096910013008056
1awf,6.013228265733755
3pcf,6.045757490560675
1tsm,6.0
2pri,2.910094888560602
1a4w,5.920818753952375
1bdl,5.85078088734462
3tlh,8.823908740944319
2amv,8.795880017344075
1a8t,5.795880017344075
3pce,2.0
1ayv,8.0
1b5g,8.0
1mem,7.939302159646388
2wec,3.958607314841775
1a9m,6.924453038607469
1hvh,7.958607314841775
1au2,7.886056647693163
1ilq,4.886056647693163
2qwd,4.853871964321762
1b4d,4.806875401645539
1hxw,10.823908740944319
1bju,4.795880017344075
2qwb,2.7399286120149253
6cgt,6.0
2qwf,5.665546248849069
4mbp,5.638272163982407
1a61,8.619788758288394
1bwa,8.602059991327963
1bjv,5.537602002101044
1a46,5.698970004336019
1b0f,7.698970004336019
1mes,7.698970004336019
1bjr,7.6777807052660805
1au0,7.657577319177793
5fiv,7.657577319177793
1a7t,1.6382721639824072
1afk,6.619788758288394
3pcc,3.619788758288394
3jdw,3.596879478824182
2hpa,4.6020599913279625
2qwc,3.552841968657781
1hfs,8.698970004336019
1ohr,8.698970004336019
1a8i,5.522878745280337
1bwb,8.42021640338319
2prj,4.494850021680094
1lox,5.522878745280337
1b11,7.3872161432802645
1bxq,7.376750709602099
3pcb,2.3979400086720375
1bq3,5.3979400086720375
3pch,5.3979400086720375
1a28,8.292429823902063
1auj,8.2518119729938
1a30,4.301029995663981
1afl,6.2839966563652006
1axr,3.2676062401770314
1ibc,10.2518119729938
3pcg,2.3010299956639813
1a69,5.301029995663981
16pk,5.221848749616356
1bq4,5.221848749616356
3bls,5.136677139879544
2web,5.119186407719209
6fiv,8.080921907623926
1aw1,1.0506099933550872
1stc,8.096910013008056
1jfh,2.0457574905606752
1a4g,8.397940008672037
1bl7,7.721246399047171
1bmk,7.6020599913279625
1qf5,7.366531544420414
1bqm,7.346787486224656
1a9u,7.318758762624412
1db4,7.2441251443275085
1db5,6.818156412055227
1bl6,6.795880017344075
1qfs,9.481486060122112
1qti,6.443697499232713
1vij,9.522878745280337
1c3r,6.3979400086720375
1bqn,6.221848749616356
1qf4,6.1771783546968955
1cj1,8.795880017344075
1a86,3.9956786262173574
1biw,6.982966660701219
5prc,4.886056647693163
2cbr,6.853871964321762
1cx9,6.749579997691106
6prc,4.769551078621726
1bqo,7.735182176990463
3erk,4.7447274948966935
1qs4,5.638272163982407
1bio,5.537602002101044
1b9v,3.6497519816658373
1zfp,7.585026652029182
1qpf,7.568636235841013
4erk,4.568636235841013
1czq,4.5376020021010435
1qpl,8.508638306165727
1b2i,5.508638306165727
1a4q,5.443697499232713
1a85,4.522878745280337
1c50,6.476253533188435
1bug,4.366531544420414
3znc,7.343901797987168
1c9d,6.30189945437661
1eve,8.244125144327509
3cbs,7.236572006437063
7prc,5.2076083105017466
2cbs,8.221848749616356
1cw2,6.145693958198919
1c5f,6.0655015487564325
1b9t,5.096910013008056
1a7c,4.0
1bnm,10.0
1bnn,10.0
1d3v,6.958607314841775
1swr,6.920818753952375
1a42,9.886056647693163
1bn3,9.886056647693163
1bnt,9.795880017344075
1bkj,6.769551078621726
1b2m,3.7328282715969863
5fwg,6.721246399047171
2a2g,7.0
1bnu,9.698970004336019
1a4r,6.657577319177793
2ay3,3.5528419686577806
1a50,6.698970004336019
1bnq,9.494850021680094
1rpj,6.481486060122113
1ct8,6.522878745280337
1bn1,9.337242168318426
1bn4,9.309803919971486
1azx,9.397940008672037
1d4p,6.301029995663981
1czl,9.148741651280925
2ay6,3.1079053973095196
1bnw,9.080921907623926
1czr,9.0
2ay4,2.906578314837765
2ans,5.920818753952375
1ork,8.806875401645538
1bnv,8.769551078621726
1c12,8.721246399047171
2bow,4.0
1fpp,8.0
1b9j,5.958607314841775
1qka,5.920818753952375
1d4w,6.920818753952375
1vr1,6.892790030352131
2ay2,1.8827287043442358
3tmk,6.8696662315049934
1bky,3.8416375079047502
1bux,4.853871964321762
1mxl,3.812479279163537
1d2e,6.0
2ay5,2.585026652029182
1bgq,8.568636235841012
3kiv,4.698970004336019
1qsc,3.677780705266081
1sm3,4.619788758288394
1d7i,3.6020599913279625
5a3h,4.573488738635425
1b58,6.585026652029182
1d04,4.585026652029182
1czo,4.552841968657781
2pcp,8.698970004336019
1bt6,5.698970004336019
1yei,7.455931955649724
1yej,7.455931955649724
1b5j,7.431798275933005
1bzy,8.337242168318426
1b55,7.3979400086720375
1qja,6.380906669373258
1b51,7.366531544420414
1qkb,7.346787486224656
2ay7,2.3010299956639813
2ay1,2.289036881004724
1clu,8.267606240177031
2ay8,2.2365720064370627
1d7j,3.3010299956639813
1b46,5.2839966563652006
1b40,7.275724130399211
1b4z,5.229147988357856
1bzf,8.301029995663981
2ay9,2.161150909262745
1evh,3.2204035087421756
1aze,4.221848749616356
1qk4,4.214670164989233
1d4t,6.187086643357144
1qk3,5.1487416512809245
1qaw,5.1249387366083
1b52,7.119186407719209
3mct,4.068033885271827
3mag,4.0655015487564325
1bwn,7.060480747381382
1m6p,5.096910013008056
2mpa,8.040958607678906
1b5i,7.045757490560675
1b42,4.009217308196862
1d4y,11.096910013008056
3erd,9.899629454882437
2std,9.853871964321762
456c,9.769551078621726
1bzh,6.769551078621726
1sfi,10.0
1ch8,7.0
1oth,7.0
3ert,9.603800652904264
1bo5,3.6020599913279625
1dfo,6.698970004336019
1ca8,9.494850021680094
4yas,3.408935392973501
1bxr,3.3979400086720375
1pme,9.397940008672037
2bpx,9.397940008672037
830c,9.2839966563652
5yas,3.2596373105057563
1a5h,6.301029995663981
1ba8,9.0
1ekb,6.0
1cet,2.886056647693163
2bza,2.8013429130455774
11gs,5.823908740944319
1dg9,2.744727494896694
3amv,7.966576244513051
1qin,8.0
1cp6,5.0
1qf2,5.920818753952375
1bzc,4.920818753952375
1xka,6.882728704344236
1bm6,7.886056647693163
1a94,7.853871964321762
1b8y,7.853871964321762
1d5r,1.8239087409443189
1ce5,4.735182176990463
1caq,7.721246399047171
7std,10.721246399047171
6std,8.638272163982407
1mfi,5.585026652029182
2sfp,1.6989700043360187
1bai,7.698970004336019
2bpv,7.673664139071248
1c3x,3.677780705266081
1bzj,4.657577319177793
966c,7.638272163982407
1b8o,10.638272163982407
13gs,4.619788758288394
1upf,4.6020599913279625
1c3e,6.585026652029182
1a0q,7.568636235841013
1c3b,7.568636235841013
1qhc,7.568636235841013
2tsr,7.5376020021010435
2fmb,8.698970004336019
1cr6,8.508638306165727
1bgo,8.455931955649724
4fiv,6.522878745280337
1qcp,7.522878745280337
1b8n,10.522878745280337
1d6n,4.501689446210399
5std,10.494850021680094
1ciz,7.443697499232712
2bpy,7.400116927926312
1bb0,8.356547323513812
1hwr,8.327902142064282
7kme,4.3979400086720375
1qbv,5.3872161432802645
1qjb,6.380906669373258
1qf0,7.376750709602099
2fgi,7.3448615651886175
4std,10.327902142064282
1qf1,7.318758762624412
1qbq,8.301029995663981
1icj,2.221848749616356
3std,11.113509274827518
4prg,7.154901959985743
2toh,4.154901959985743
3usn,6.1487416512809245
1zzz,5.136677139879544
1b56,6.095825631715837
1yyy,5.0915149811213505
1ody,8.096910013008056
1qr3,6.585026652029182
1eei,3.154901959985743
1d5j,9.154901959985743
1e02,6.154901959985743
1e00,6.096910013008056
1eef,2.9208187539523753
1dzj,5.886056647693163
1c3i,5.795880017344075
1bzs,8.0
1fv9,5.0
1efi,1.9208187539523751
1qhr,6.886056647693163
1ftk,4.838631997765025
1fd7,1.853871964321762
1d8f,7.7447274948966935
1qj6,7.7447274948966935
1c8k,6.0
1di8,6.0
1cqp,5.619788758288394
1fyr,5.619788758288394
1e06,5.6020599913279625
1e1y,5.6020599913279625
1qpe,7.698970004336019
1d8e,6.6020599913279625
1dmt,8.698970004336019
1d8m,8.508638306165727
1qkn,8.468521082957745
1dzp,5.443697499232713
1dzm,5.4089353929735005
1d7x,8.522878745280337
3gwx,5.3979400086720375
1exv,7.346787486224656
1c29,6.3260580013659125
1c8v,6.3260580013659125
1qtn,7.301029995663981
1ezf,7.251811972993799
1dtt,8.301029995663981
1di9,5.301029995663981
1c8l,8.161150909262744
1dx6,6.185752404268079
1dtq,8.221848749616356
1em6,8.221848749616356
1dm2,7.154901959985743
1ftj,6.085656842880559
1qj7,8.096910013008056
1fsg,5.022276394711152
1ftl,6.000869458712629
1qj1,8.045757490560675
1fao,7.366531544420414
1fl3,6.795880017344075
1d2s,9.739928612014925
1df8,9.698970004336019
1qku,9.585026652029182
1g52,9.537602002101044
1d3q,6.537602002101044
1c7f,9.522878745280337
1dl7,6.494850021680094
1g1d,9.443697499232712
1flm,9.366531544420413
1e03,9.397940008672037
1db1,9.259637310505756
1fcz,9.221848749616356
1fbm,6.221848749616356
1d3d,9.09151498112135
1f4y,6.080921907623926
1dzk,6.096910013008056
1g53,9.040958607678906
1qkt,9.036212172654444
1czc,2.8239087409443187
1czk,8.823908740944319
1g54,8.823908740944319
1g46,8.795880017344075
1duv,11.795880017344075
1ggd,5.795880017344075
1qft,8.769551078621726
1ddm,5.769551078621726
1fhr,4.0
1f8a,5.0
1ql7,5.0
1c5c,6.958607314841775
1elr,4.958607314841775
1ff1,4.920818753952375
1qng,7.886056647693163
1qiw,7.7447274948966935
1dpu,6.0
1f40,6.0
1g4j,8.698970004336019
1dkd,5.698970004336019
1e8h,5.6777807052660805
1g45,8.638272163982407
1cze,2.619788758288394
1f4x,5.585026652029182
1fo0,5.585026652029182
1om2,4.698970004336019
1e5a,7.638272163982407
1ftm,7.605548319173784
1fzq,7.619788758288394
1fj4,4.585026652029182
1g1e,7.5376020021010435
1e4h,8.4089353929735
1g48,8.4089353929735
1fcy,8.522878745280337
1bp0,5.3979400086720375
1d3p,7.3872161432802645
1qpb,1.3565473235138126
1g4o,8.2518119729938
1c7e,6.296708621881338
1ej4,7.301029995663981
1g6g,6.275724130399211
1g6r,4.267606240177032
1etz,7.236572006437063
1f3j,5.221848749616356
1fcx,7.1938200260161125
1d6v,6.173925197299173
1fch,7.154901959985743
1d6s,4.107905397309519
1dva,8.070581074285707
1qnh,6.059483515067432
1c1u,8.2518119729938
1c4v,10.795880017344075
1b57,8.0
1c1r,7.628932137728264
1c1v,7.638272163982407
1f7b,4.6020599913279625
1c4u,10.366531544420413
1c70,10.301029995663981
1fjs,9.958607314841775
1fh8,6.886056647693163
1fhd,6.823908740944319
1gfz,4.0
1e37,3.6989700043360187
1c5x,6.6777807052660805
1d1p,3.6020599913279625
1f3e,6.698970004336019
1c6y,9.508638306165727
1fh9,6.431798275933005
1c5q,6.356547323513813
1e6s,3.2218487496163566
1d4k,9.221848749616356
1d9i,9.10790539730952
1ec9,3.0969100130080562
1fq8,6.026872146400302
1f74,3.0457574905606752
1ezq,9.045757490560675
1eoc,6.045757490560675
1ecq,3.0
1c5s,6.0
1f4e,2.958607314841775
1doj,8.958607314841775
1e34,2.87942606879415
1qm5,5.823908740944319
1fkn,8.795880017344075
1d4l,8.769551078621726
1b6k,8.744727494896694
1f0t,6.0
1dqn,8.0
1e2k,4.943095148663527
1d6w,5.958607314841775
1exw,3.9030899869919438
1b6j,7.920818753952375
1c4y,7.920818753952375
1fq6,7.863279432843593
1erq,7.886056647693163
1qbn,5.853871964321762
1c83,4.853871964321762
1ecv,4.853871964321762
1qji,4.853871964321762
1gfw,7.823908740944319
1qb1,6.769551078621726
1ek1,7.769551078621726
1f0s,7.7447274948966935
1qbo,7.7447274948966935
1qaq,4.7447274948966935
1ylv,2.6989700043360187
1f57,5.638272163982407
1hlf,5.638272163982407
1ejn,5.619788758288394
1c5n,4.698970004336019
1c86,4.698970004336019
1c5p,4.6777807052660805
1f0r,7.657577319177793
1c85,4.638272163982407
1f4f,4.619788758288394
1c2t,6.585026652029182
1d09,7.568636235841013
1egh,5.698970004336019
1ggn,5.508638306165727
1fq7,5.42712839779952
1c5o,3.494850021680094
1f4g,6.481486060122113
1qan,4.481486060122113
1fw0,5.432973633840939
1qb9,7.443697499232712
1fq4,6.400116927926312
1b6p,8.522878745280337
1fq5,8.397940008672037
1f73,2.3872161432802645
1ql9,5.351639989019068
1qi0,2.346787486224656
1dy4,4.356547323513813
1b6m,8.397940008672037
1c88,5.292429823902063
1fh7,5.236572006437063
1ero,8.229147988357855
1b74,1.3010299956639813
1qm4,4.301029995663981
1e2l,4.288192770958809
1b6l,8.301029995663981
1ek2,8.200659450546418
1ft7,5.180456064458132
1c5y,4.200659450546418
1c87,4.200659450546418
1f0u,7.161150909262744
1bsk,4.119186407719209
1e55,4.119186407719209
1gfy,5.079876673709276
1enu,5.080921907623926
1qq9,2.0604807473813813
1eix,11.05551732784983
1dgm,5.050609993355088
1c5t,4.096910013008056
1qb6,6.060480747381382
8a3h,4.055517327849832
1c84,5.00436480540245
1ci7,7.045757490560675
1c5z,4.013228265733755
1dqx,11.045757490560675
1jlq,8.154901959985743
1h8y,7.698970004336019
1joj,4.221848749616356
1jbd,6.920818753952375
1g37,10.0
1i7m,9.638272163982407
1ft4,6.568636235841013
1hvy,6.537602002101044
1jik,9.698970004336019
1fo3,6.698970004336019
1jq3,6.698970004336019
1i7c,6.3979400086720375
1k2i,3.1079053973095196
1i91,8.939302159646388
1i8z,8.896196279044043
1i90,8.892790030352131
1jvp,5.795880017344075
1jj9,5.769551078621726
1hc9,8.721246399047171
1iep,7.0
1fvv,8.0
1g2a,8.0
1k1p,7.924453038607469
1g49,7.795880017344075
1h5u,6.749579997691106
1jii,9.0
1f0q,6.0
1g4k,5.698970004336019
1ikw,8.602059991327963
1cs4,5.568636235841013
1fo2,4.698970004336019
1haa,8.698970004336019
1i32,5.698970004336019
1hbj,8.522878745280337
1g05,8.508638306165727
1jje,8.431798275933005
1fls,7.481486060122112
1e9h,7.455931955649724
1i8j,4.4089353929735005
1jij,8.522878745280337
1jk7,8.522878745280337
1hs6,5.376750709602099
1g5s,7.318758762624412
1jil,8.397940008672037
1iky,8.259637310505756
1ikv,6.2839966563652006
1i72,7.259637310505756
1fvt,7.221848749616356
1ikx,8.154901959985743
1i33,4.1249387366083
1g27,8.154901959985743
1jjt,8.045757490560675
1j7z,7.698970004336019
1jd6,7.3872161432802645
1ie9,10.187086643357144
1j81,7.096910013008056
1hn4,3.8239087409443187
1fwv,3.721246399047171
1fwu,3.6989700043360187
1jd5,6.619788758288394
1j4q,6.443697499232713
1i80,6.4089353929735005
1j80,6.522878745280337
1k3q,6.522878745280337
1g3f,6.366531544420414
1ex8,6.327902142064283
1g7v,6.3979400086720375
1i7z,6.3979400086720375
1ka7,6.221848749616356
1h6e,6.154901959985743
1hiy,3.0809219076239263
1e3g,9.00436480540245
1hn2,6.0
1h8s,5.812479279163537
1j4p,4.991399828238083
1k3n,4.991399828238083
1j4k,4.0
1ih0,5.0
1f90,7.924453038607469
1k1l,6.903089986991944
1fzo,7.886056647693163
1h61,4.886056647693163
1k1n,6.815308569182402
1h62,4.769551078621726
1k03,6.0
1hq5,5.653647025549361
1i9n,8.657577319177793
1ha2,5.537602002101044
1fzm,7.698970004336019
1h60,4.698970004336019
1f47,4.665546248849069
1if8,9.638272163982407
1ii5,6.619788758288394
1joc,4.619788758288394
1k1i,6.578396073130169
1k1j,7.552841968657781
1i8h,4.5376020021010435
1jgl,8.698970004336019
1i9l,8.481486060122112
1i9m,8.481486060122112
1i9o,8.42021640338319
1h9z,5.42021640338319
1i9p,8.4089353929735
1i9q,8.4089353929735
1imx,3.5228787452803374
1if7,10.522878745280337
1ewj,7.494850021680094
1iq1,7.455931955649724
1fl6,7.431798275933005
1ikt,3.3979400086720375
1k1m,7.3979400086720375
1jmq,4.3979400086720375
1ilh,7.3872161432802645
1e3v,4.33970383972927
1fe3,7.330683119433888
1fzk,8.397940008672037
1h6h,5.301029995663981
1k9r,3.3010299956639813
1fdq,7.272458742971444
1i5h,4.275724130399211
1idg,7.187086643357144
1k9q,3.154901959985743
1gny,4.136677139879544
1g6s,5.154901959985743
1fzj,8.096910013008056
1i1e,5.026872146400302
1j4r,7.721246399047171
1f8c,7.3979400086720375
1e66,9.886056647693163
1fsy,6.823908740944319
1g7g,6.6020599913279625
1jzs,6.6020599913279625
1i37,9.568636235841012
1hp0,6.698970004336019
1k9s,6.522878745280337
1fsw,6.494850021680094
1i00,6.337242168318426
1hnn,6.236572006437063
1hqh,6.301029995663981
1f92,6.1938200260161125
1e72,3.2218487496163566
1jp5,9.221848749616356
1h9l,3.1191864077192086
1e6q,3.154901959985743
1g42,3.0132282657337552
1hqg,3.0
1iih,2.886056647693163
1e1x,5.886056647693163
1hdq,5.823908740944319
1f1j,8.795880017344075
1g3c,5.795880017344075
1g3b,5.7447274948966935
1eub,8.721246399047171
1e5j,4.0
1juj,6.962573502059376
1hlk,5.0
1hqf,5.0
1i6v,5.0
1g2k,7.958607314841775
1f2o,1.9065783148377649
1f2p,1.8961962790440432
1e1v,4.920818753952375
1g30,6.853871964321762
1f8e,4.823908740944319
1ga8,1.7958800173440752
1f28,7.795880017344075
1f5k,3.744727494896694
1fm9,9.0
1fpy,6.0
1i48,5.698970004336019
1g5f,2.6363880201078556
1jak,5.568636235841013
1g3d,5.552841968657781
1i43,3.6989700043360187
1iem,7.698970004336019
1iew,4.5934598195660445
1iig,1.5686362358410126
1dxp,7.568636235841013
1i41,4.568636235841013
1hp5,6.552841968657781
1g2o,10.55284196865778
1f9e,8.698970004336019
1g98,5.698970004336019
1g9r,5.698970004336019
1jsv,5.698970004336019
1g7f,5.468521082957745
1hi4,4.494850021680094
1ik4,7.4089353929735005
1f8b,5.3979400086720375
1g3e,5.376750709602099
1hee,5.337242168318426
1k06,5.337242168318426
1k08,5.337242168318426
1f8d,3.3979400086720375
1g2m,7.3979400086720375
1jh1,4.3872161432802645
1jut,7.321481620959886
1f5l,5.275724130399211
1jd0,8.244125144327509
1f9g,1.275724130399211
1g2l,7.2441251443275085
1hv5,8.301029995663981
1hi3,4.1938200260161125
1k1o,6.170696227168975
1g36,7.173925197299173
1efy,8.221848749616356
1jr1,8.221848749616356
1g35,8.136677139879543
1gcz,5.130768280269024
1gag,6.1249387366083
1g32,6.107905397309519
1jtq,8.070581074285707
1jjk,11.05551732784983
1iau,7.096910013008056
1ga9,7.080921907623926
1hyo,4.071604147743286
1hi5,4.036212172654444
1l6y,3.657577319177794
1kkq,6.619788758288394
1i7i,6.698970004336019
1il9,3.3979400086720375
1m5c,6.301029995663981
1kz8,6.080921907623926
1gzg,3.0457574905606752
1h1q,6.0
1i7g,6.0
1kat,6.0
1ld7,8.958607314841775
1il4,2.853871964321762
1ktt,5.823908740944319
1jyi,4.0
1kmv,6.950781977329818
1klg,7.886056647693163
1m5f,7.8297382846050425
1juf,5.853871964321762
1iyl,9.0
1ke8,6.0
1jiz,8.698970004336019
1il5,2.657577319177794
1h1r,5.638272163982407
1lev,5.6020599913279625
1m7q,8.585026652029182
1il3,2.5528419686577806
1m5e,7.696803942579511
1hww,7.698970004336019
1klu,7.6020599913279625
1kak,4.585026652029182
1ld8,8.455931955649724
1ijr,5.443697499232713
1eou,7.443697499232712
1l6s,4.4089353929735005
1hy7,5.388276691992658
1kyn,5.3872161432802645
1hxk,3.3979400086720375
1hty,1.3979400086720375
1gmy,7.346787486224656
1nd5,8.397940008672037
1jg0,5.301029995663981
1ke6,8.244125144327509
1inq,6.268411234813262
1ke5,6.251811972993799
1jdj,2.3010299956639813
1lqf,8.301029995663981
1g9a,5.301029995663981
1g9b,5.301029995663981
1g9c,5.301029995663981
1g9d,5.301029995663981
1k3t,4.1938200260161125
1ke9,6.180456064458132
1mzs,5.154901959985743
1ljt,5.154901959985743
1ke7,8.050609993355087
1m5d,5.036212172654444
1m5b,8.013228265733755
1llb,6.045757490560675
1m7y,10.958607314841775
1lbf,7.853871964321762
1jyc,4.337242168318426
1n4k,10.045757490560675
1lrh,6.823908740944319
1li6,3.795880017344075
1kv2,10.0
1is0,7.0
1gz9,3.5086383061657274
1gzc,3.494850021680094
1esz,6.522878745280337
1gx8,6.366531544420414
1m83,3.3979400086720375
1g50,6.275724130399211
1gui,6.275724130399211
1lhw,9.079876673709276
1lgt,6.096910013008056
1kdk,9.045757490560675
1kl5,5.991399828238082
1kv1,5.935542010773082
1lhv,8.910094888560602
1kzn,8.920818753952375
1kyv,5.920818753952375
1kl3,5.863279432843593
1lek,8.886056647693163
1lhu,8.829738284605043
1guw,5.721246399047171
1m74,7.0
1lgw,4.0
1l5q,3.96657624451305
1jm4,5.0
1jpl,5.0
1leg,7.954677021213342
1k6v,6.920818753952375
1mwt,1.8761483590329142
1h2t,7.886056647693163
1h2u,7.886056647693163
1h79,4.886056647693163
1l5r,4.769551078621726
1h7a,4.721246399047171
1lvc,6.0
1kf0,2.5528419686577806
1mwn,6.698970004336019
1l2z,3.692503962086787
1i8i,7.657577319177793
1l0a,4.621602099051862
1j5i,3.6382721639824074
1k6t,7.619788758288394
1gwr,6.6020599913279625
1mq1,6.585026652029182
1jyq,8.698970004336019
1g85,5.481486060122113
1jq9,8.447331783887806
1lf8,5.455931955649724
1h0a,5.443697499232713
1k6c,7.481486060122112
1k2v,4.443697499232712
1k6p,7.356547323513812
1n5z,4.356547323513813
1jlr,3.332547047110046
1gu3,4.3223930472795065
1fd0,8.397940008672037
1l5s,3.2596373105057563
1li3,4.251811972993799
1kll,5.200659450546418
1jif,6.200659450546418
1lxh,7.187086643357144
1lbk,3.175223537524454
1lkx,5.1487416512809245
1gwq,7.119186407719209
1m48,5.086186147616283
1gni,8.070581074285707
1lxf,4.096910013008056
1lb6,4.075720713938118
1g7q,6.05700040663396
1ez9,5.096910013008056
1kmy,5.096910013008056
1g7p,7.045757490560675
1gnj,7.040958607678906
1li2,4.040958607678906
1l7x,4.036212172654444
1ghy,8.096910013008056
1gj7,7.886056647693163
1izh,7.698970004336019
1gi4,7.187086643357144
1d4h,10.0
1ec2,10.0
1gj6,7.0
1gj8,6.958607314841775
1mto,6.958607314841775
1kuk,3.906578314837765
1m0q,3.886056647693163
1kug,3.795880017344075
1kui,3.7721132953863266
1h1b,9.795880017344075
1ihy,3.744727494896694
1kqb,4.0
1eby,9.698970004336019
1ke3,6.698970004336019
1izi,6.585026652029182
1gzv,6.568636235841013
1gz4,3.6989700043360187
1loq,3.6989700043360187
1kf6,6.698970004336019
1koj,6.698970004336019
1gpn,6.476253533188435
1j01,6.468521082957745
1jqe,6.443697499232713
1m4h,9.522878745280337
1ebz,9.397940008672037
1lol,6.3872161432802645
1gjb,6.346787486224656
1gjc,6.346787486224656
1ksn,9.397940008672037
1gqs,6.301029995663981
1gi6,6.221848749616356
1ew9,3.2218487496163566
1l8g,6.221848749616356
1gvk,3.050609993355087
1h22,9.096910013008056
1ebw,9.045757490560675
1ec3,9.036212172654444
1jq8,5.995678626217358
1fv0,5.928117992693875
1ec1,8.920818753952375
1h2k,2.9208187539523753
1mui,11.886056647693163
1d4i,8.853871964321762
1k4g,5.853871964321762
1kpm,5.798602875679548
1kav,5.823908740944319
1kds,5.769551078621726
1lf3,7.0
1gvw,6.958607314841775
1h5v,3.9318141382538383
1gj5,4.958607314841775
1km3,4.906578314837765
1h1p,4.920818753952375
1jqy,4.920818753952375
1j15,3.844663962534938
1j16,3.844663962534938
1me4,6.835647144215563
1jwt,7.853871964321762
1nde,7.823908740944319
1ghz,4.795880017344075
1lee,7.7447274948966935
1gvu,9.0
1iup,2.537602002101044
1kdw,5.537602002101044
1h4w,4.657577319177793
1m1b,4.657577319177793
1gyy,3.6382721639824074
1g9s,3.607303046740334
1l2s,4.585026652029182
1n1m,5.698970004336019
1ec0,8.494850021680094
1gyx,2.4814860601221125
1gi1,5.468521082957745
1gja,5.42021640338319
1jys,3.5228787452803374
1lf2,7.522878745280337
1gu1,4.522878745280337
1gi7,4.508638306165727
1j14,4.492144128304169
1iiq,7.481486060122112
1h8l,7.468521082957745
1kti,3.431798275933005
1eb1,10.431798275933005
1kc7,5.522878745280337
1it6,8.387216143280265
1k21,8.3767507096021
1ke0,5.376750709602099
1gpk,5.366531544420414
1d4j,8.356547323513812
1h23,8.346787486224656
1m0o,2.309803919971486
1kzk,10.387216143280265
1mhw,7.346787486224656
1ghv,4.346787486224656
1i2s,3.309803919971486
1k22,8.397940008672037
1kfy,5.2839966563652006
1ew8,2.2596373105057563
1g9t,3.279014255846261
1j17,5.218244625347531
1m0n,2.221848749616356
1gi9,5.221848749616356
1gjd,5.221848749616356
1jqd,5.161150909262744
1gvx,7.221848749616356
1ll4,7.221848749616356
1kv5,4.221848749616356
1ghw,4.200659450546418
1me3,7.189767482004916
1los,7.1938200260161125
1h1s,8.221848749616356
1h1h,5.221848749616356
1jcx,5.154901959985743
1k4h,5.113509274827519
1jvu,5.154901959985743
1lor,11.05551732784983
1gi8,5.050609993355088
1gj4,4.070581074285707
1eb2,6.008773924307505
1q6m,7.886056647693163
1q6j,7.795880017344075
1q6n,7.638272163982407
1j1a,7.5376020021010435
1onp,7.522878745280337
1oir,7.494850021680094
1ogu,7.468521082957745
1nq0,10.318758762624412
1mzc,10.221848749616356
1nyx,7.036212172654444
1g3m,10.0
1ouk,9.886056647693163
1n7t,6.823908740944319
1okx,6.795880017344075
1mqd,6.769551078621726
1ms7,6.769551078621726
1pqc,7.0
1kwr,6.6020599913279625
1mqh,6.522878745280337
1q9m,6.481486060122113
1nl4,9.4089353929735
1mqg,6.2839966563652006
1ol2,6.275724130399211
1oyn,6.259637310505756
1kwq,9.207608310501746
1okv,6.167491087293763
1ove,9.130768280269024
1pxl,6.045757490560675
1n94,8.958607314841775
1n95,8.920818753952375
1o5m,8.721246399047171
1nzq,7.958607314841775
1n0t,4.913640169325252
1p2a,7.920818753952375
1q6s,7.920818753952375
1h0w,4.886056647693163
1pxj,4.886056647693163
1h3b,6.85078088734462
1p5e,4.806875401645539
1pmv,6.823908740944319
1q3d,7.823908740944319
1njt,4.823908740944319
1mkd,6.795880017344075
1pxi,4.769551078621726
1m51,4.72584215073632
1o6h,6.730487055782084
1h36,7.7447274948966935
1urc,4.716698771296451
1uom,7.721246399047171
1npw,8.698970004336019
1nhx,5.675717544702308
1n9a,8.657577319177793
1pxk,5.657577319177793
1oiq,5.537602002101044
1mm6,7.698970004336019
1mm7,7.698970004336019
1pyw,7.698970004336019
1ol1,4.6777807052660805
1q41,7.657577319177793
1h01,4.657577319177793
1mqi,7.6283780728239785
1o6q,7.638272163982407
1h3a,6.55129368009492
1h39,6.539102157243452
1h08,4.552841968657781
1h35,7.5376020021010435
1nnk,5.455931955649724
1h3c,6.51427857351842
1h00,4.42021640338319
1q6p,8.522878745280337
1h07,5.522878745280337
1mxu,5.3979400086720375
1my3,5.3979400086720375
1ouy,8.366531544420413
1mqj,5.322393047279507
1rgj,8.309803919971486
1o79,6.391473966422806
1q3w,8.397940008672037
1okw,5.251811972993799
1nmk,8.244125144327509
1npv,8.244125144327509
1pmu,6.229147988357855
1h37,7.229147988357855
1q6t,8.301029995663981
1o0d,8.207608310501746
1onh,8.207608310501746
1oe0,5.161150909262744
1gsz,7.214670164989233
1pmn,8.148741651280925
1pmx,5.142667503568732
1pq6,8.100179497572904
1o6r,7.096910013008056
1ong,8.045757490560675
1nf8,7.823908740944319
1o7o,4.494850021680094
1gx0,4.221848749616356
1nzl,7.154901959985743
1mv0,4.0301183562535
1oeb,6.928117992693875
1q72,6.853871964321762
1qyg,6.853871964321762
1p1n,6.795880017344075
1hk2,6.769551078621726
1usi,6.7447274948966935
1ugy,3.721246399047171
1n4m,6.721246399047171
1ov3,6.721246399047171
1o5p,10.0
1gww,3.58838029403677
1hk3,6.585026652029182
1mrw,9.698970004336019
1g74,6.522878745280337
1o9k,6.468521082957745
1gt3,6.455931955649724
1ms6,9.522878745280337
1gt4,6.522878745280337
1h28,6.522878745280337
1nzv,6.3979400086720375
1usk,6.3979400086720375
1m7d,6.229147988357856
1h24,6.301029995663981
1mh5,9.214670164989233
1njf,6.2076083105017466
1msn,9.09151498112135
1ogx,6.0915149811213505
1ugw,3.0861861476162833
1gt5,6.096910013008056
1ogd,3.0315170514460648
1n8u,6.031517051446065
1n8v,6.031517051446065
1q8u,5.958607314841775
1ugx,5.906578314837765
1ogz,5.853871964321762
1ols,5.818156412055227
1ntv,5.823908740944319
1urg,5.823908740944319
1p1o,5.7594507517174005
1mjj,8.73754891026957
1h25,5.7447274948966935
1n7m,5.707743928643524
1obx,5.721246399047171
1r0p,8.0
1oai,5.0
1r2b,4.943095148663527
1n3w,6.958607314841775
1p1q,4.892790030352131
1i3z,6.882728704344236
1r0x,3.826813731587726
1r10,3.826813731587726
1jws,4.853871964321762
1j19,7.785156151952302
1q8t,4.756961951313706
1oif,7.721246399047171
1p93,7.721246399047171
1gt1,6.0
1lnm,8.698970004336019
1ow4,5.6777807052660805
1hk1,5.638272163982407
1h27,5.6020599913279625
1o9d,5.6020599913279625
1gwv,2.571865205971211
1h26,5.537602002101044
1ngw,7.684029654543083
1oz0,7.698970004336019
1h3h,6.657577319177793
1ofz,4.617982957425132
1mn9,4.619788758288394
1q9d,4.6020599913279625
1nli,3.5850266520291822
1jwm,3.5686362358410126
1m13,7.568636235841013
1uj0,4.568636235841013
1q4k,6.552841968657781
1umw,6.552841968657781
1oko,4.5376020021010435
1uh1,5.481486060122113
1lv8,5.455931955649724
1oba,2.4436974992327127
1nu8,5.42021640338319
1p28,5.42021640338319
1lke,7.519993057042849
1osg,7.522878745280337
1ntk,10.494850021680094
1msm,10.481486060122112
1n0s,7.453457336521869
1r17,6.421360790031928
1olu,4.405607449624573
1oe7,5.522878745280337
1oe8,5.522878745280337
1m7i,5.3979400086720375
1mj7,8.346787486224656
1jwu,5.337242168318426
1lvu,5.318758762624412
1oim,5.318758762624412
1hk4,5.309803919971486
1q4l,7.3979400086720375
1py1,4.3979400086720375
1p7m,4.376750709602099
1olx,4.326979092871104
1ow6,5.3979400086720375
1ow7,5.3979400086720375
1ow8,5.3979400086720375
1pz5,5.3979400086720375
1hk5,5.242603971206976
1q8w,5.2441251443275085
1oqp,7.301029995663981
1mfg,4.301029995663981
1ppx,7.2839966563652006
1pun,7.2839966563652006
1puq,7.2839966563652006
1pus,7.2839966563652006
1gx4,4.275724130399211
1m5w,4.267606240177032
1mrx,7.259637310505756
1mau,11.301029995663981
1p4u,5.301029995663981
1pdq,5.301029995663981
1ucn,5.221848749616356
1ox9,5.210419287835575
1nw5,5.214670164989233
1q5l,3.2218487496163566
1odi,4.207608310501746
1nu1,7.1938200260161125
1o9e,4.180456064458132
1l6m,8.102372908709558
1om9,4.154901959985743
1nw7,5.0915149811213505
1iwq,8.05551732784983
1maw,1.0969100130080565
1gwm,4.096910013008056
1odj,4.096910013008056
1jn2,4.086186147616283
1onz,5.096910013008056
1o3e,7.958607314841775
1o3f,7.958607314841775
1o3g,7.958607314841775
1o2t,7.853871964321762
1j07,7.6777807052660805
1o2q,7.6777807052660805
1lyx,4.5376020021010435
1lzo,4.5376020021010435
1pf8,7.508638306165727
1n46,10.522878745280337
1oyt,7.2441251443275085
1nhg,7.301029995663981
1o3h,7.301029995663981
1o3i,7.301029995663981
1o2h,7.167491087293763
1o39,7.130768280269024
1o3b,7.130768280269024
1o3c,7.130768280269024
1o3d,7.130768280269024
1nz7,7.119186407719209
1nm6,10.045757490560675
1m9n,6.920818753952375
1o2j,6.920818753952375
1o2k,6.920818753952375
1pvn,9.823908740944319
1nnu,6.823908740944319
1o37,6.823908740944319
1o38,6.823908740944319
1nlj,9.795880017344075
1nq7,6.795880017344075
1mpl,3.769551078621726
1o30,6.769551078621726
1o3j,6.769551078621726
1o3k,6.769551078621726
1ony,6.769551078621726
1gz3,3.6989700043360187
1o3p,6.657577319177793
1n7i,6.585026652029182
1o86,9.568636235841012
1n4h,6.552841968657781
1o3l,6.537602002101044
1nms,6.698970004336019
1m2r,6.455931955649724
1n7j,6.431798275933005
1nax,6.431798275933005
1o2o,6.356547323513813
1pbq,6.267606240177032
1iy7,6.1938200260161125
1o6i,3.1870866433571443
1k1y,3.2218487496163566
1qwu,3.2218487496163566
1nc1,6.1249387366083
1o2g,6.119186407719209
1m2p,6.107905397309519
1o2z,6.107905397309519
1m2q,6.096910013008056
1o2n,6.0915149811213505
1nhz,6.075720713938118
1pu7,3.0969100130080562
1pu8,3.0969100130080562
1os0,6.031517051446065
1k27,9.0
1p6d,2.939302159646388
1j37,8.958607314841775
1nfw,8.958607314841775
1nl9,5.958607314841775
1o36,5.958607314841775
1p6e,2.91721462968355
1ms0,2.910094888560602
1o0h,5.920818753952375
1n3i,8.886056647693163
1nfy,8.886056647693163
1nt1,8.886056647693163
1ny0,5.853871964321762
1o2u,5.853871964321762
1o2v,5.853871964321762
1o2w,5.853871964321762
1o2x,5.853871964321762
1o2y,5.853871964321762
1q54,5.853871964321762
1ny2,2.7569619513137056
1lq2,8.769551078621726
1pxh,8.744727494896694
1o32,5.7447274948966935
1o33,5.7447274948966935
1o34,5.7447274948966935
1mf4,7.991399828238082
1p0y,0.9965394678904935
1nu3,4.0
1my4,6.978810700930062
1nc6,8.0
1kr3,5.0
1nc3,5.0
1o35,5.0
1jn4,4.94692155651658
1oyq,6.958607314841775
1mrs,3.958607314841775
1ndv,5.920818753952375
1ph0,6.920818753952375
1pr5,3.9208187539523753
1npz,7.886056647693163
1nhw,4.844663962534939
1n1t,3.853871964321762
1n1v,3.853871964321762
1n51,4.853871964321762
1o2p,4.853871964321762
1lqe,5.821886747685368
1njs,7.823908740944319
1nvs,7.823908740944319
1oss,4.785156151952302
1my2,7.769551078621726
1j36,7.7447274948966935
1nfu,7.7447274948966935
1mcz,3.0
1mq5,9.0
1mxo,9.0
1lf9,12.0
1o8b,2.6777807052660805
1n5r,5.657577319177793
1nhu,5.657577319177793
1nhv,5.657577319177793
1lrt,5.638272163982407
1h0r,3.6989700043360187
1nyy,4.6777807052660805
1nny,7.657577319177793
1owk,7.628932137728263
1pb9,3.6179829574251317
1no9,7.619788758288394
1orw,7.600326278518962
1lpz,7.6020599913279625
1nj1,7.6020599913279625
1pcg,7.6020599913279625
1pa9,4.6020599913279625
1h46,3.5686362358410126
1np0,3.5686362358410126
1owi,7.552841968657781
1lpk,7.552841968657781
1i5r,8.522878745280337
1nfx,8.522878745280337
1pyn,5.494850021680094
1o2s,5.468521082957745
1pq3,7.522878745280337
1mrn,4.522878745280337
1my8,7.455931955649724
1ozv,1.4365189146055892
1no6,4.4089353929735005
1nym,5.3979400086720375
1nwl,2.3872161432802645
1lzq,8.387216143280265
1nl6,11.318758762624412
1jt1,3.3979400086720375
1owh,7.3979400086720375
1ocn,6.3851027839668655
1owj,7.318758762624412
1o1s,7.309803919971486
1ps3,2.283996656365201
1nvq,8.2518119729938
1nj5,7.301029995663981
1nqc,7.301029995663981
1ndw,5.229147988357856
1o0f,5.301029995663981
1pr1,5.301029995663981
1h1d,8.221848749616356
1o2r,5.214670164989233
1owd,8.200659450546418
1ocq,5.187086643357144
1q1m,5.161150909262744
1n3z,4.199282921717615
1owe,6.199970640755866
1nxy,7.1938200260161125
1me7,7.187086643357144
1me8,7.187086643357144
1ndy,6.167491087293763
1pb8,5.153662887870195
1o0m,5.1487416512809245
1p2g,2.1307682802690238
1qx1,2.1249387366083
1ndz,8.113509274827518
1nvr,8.10790539730952
1m2x,4.154901959985743
1mq6,11.154901959985743
1lpg,7.086186147616283
1o0n,4.086186147616283
1n2v,4.080921907623926
1ui0,7.055517327849832
1njj,2.0969100130080562
1o0o,5.096910013008056
1od8,5.096910013008056
1qxk,5.045757490560675
1lqd,8.045757490560675
1uv5,8.301029995663981
1xom,7.958607314841775
1xbc,7.920818753952375
1vjb,7.886056647693163
1xon,10.67778070526608
1vjy,7.638272163982407
1xlx,7.6020599913279625
1q1y,7.698970004336019
1r5g,7.522878745280337
1xm4,10.387216143280265
1xdg,7.301029995663981
1rs4,7.167491087293763
1py2,7.221848749616356
1unh,7.0
1r58,6.958607314841775
1vj5,6.920818753952375
1v0p,6.886056647693163
1rv1,6.853871964321762
1ung,6.795880017344075
1r5h,6.7447274948966935
1rwq,10.0
1unl,6.698970004336019
1oiu,6.6777807052660805
1tkz,6.619788758288394
1xnz,6.619788758288394
1o45,9.602059991327963
1snk,9.602059991327963
1so2,9.568636235841012
1xdd,6.698970004336019
1rsd,6.522878745280337
1pzj,3.494850021680094
1t46,6.431798275933005
1tl1,6.42021640338319
1xor,6.4089353929735005
1o4d,3.5228787452803374
1o4f,3.5228787452803374
1xm6,6.376750709602099
1xp6,9.397940008672037
1tow,6.2441251443275085
1xn0,6.2441251443275085
1o4e,3.3010299956639813
1xp1,9.301029995663981
1tl3,6.200659450546418
1x81,9.187086643357144
1xoq,9.167491087293763
1tkt,6.1487416512809245
1uu3,6.1249387366083
1rhk,9.112945621949043
1tu6,9.080921907623926
1xmu,9.075720713938118
1sj0,9.096910013008056
1ni1,9.045757490560675
1xlz,6.017728766960432
1o41,3.0457574905606752
1pum,3.0457574905606752
1xp0,9.0
1uze,8.896196279044043
1o4k,2.9208187539523753
1xoz,8.920818753952375
1xp9,8.886056647693163
1tqf,5.853871964321762
1utz,5.853871964321762
1rri,5.823908740944319
1ros,8.769551078621726
1xpc,8.769551078621726
1hkm,8.721246399047171
1s9v,4.0
1tlo,4.0
1o46,8.0
1sqb,7.950781977329818
1o4a,6.920818753952375
1tg5,7.920818753952375
1wdy,7.886056647693163
1uyh,4.844663962534939
1uu7,4.853871964321762
1uy9,4.815308569182402
1qxy,4.795880017344075
1uyk,4.767003889607846
1rhq,7.752026733638194
1rhm,5.760700520873107
1w22,6.755722879198157
1qxz,4.721246399047171
1tou,6.0
1uvr,6.0
1uym,6.0
1npa,8.698970004336019
1tve,5.6777807052660805
1o43,5.657577319177793
1o4i,2.638272163982407
1o4p,2.6020599913279625
1hkj,8.585026652029182
1rtl,5.585026652029182
1szm,5.531652669587842
1xos,4.698970004336019
1oq5,7.6777807052660805
1uwh,7.657577319177793
1t49,4.657577319177793
1soj,6.616184634019569
1v3x,7.619788758288394
1q6k,7.585026652029182
1vcj,4.585026652029182
1riw,7.552841968657781
1rrw,4.552841968657781
1vyz,6.5376020021010435
1tkx,7.5376020021010435
1o4b,5.698970004336019
1rhu,8.522878745280337
1tl9,5.522878745280337
1xh3,5.508638306165727
1o4q,2.494850021680094
1o4o,2.4559319556497243
1o4h,2.4436974992327127
1xot,5.42021640338319
1o4r,2.408935392973501
1uyf,4.522878745280337
1t48,3.4559319556497243
1v1k,4.455931955649724
1vyw,7.431798275933005
1rsi,4.42021640338319
1rq2,2.5228787452803374
1o44,8.522878745280337
1r78,8.522878745280337
1uyi,5.3872161432802645
1o4j,2.3565473235138126
1hkk,7.3979400086720375
1uyc,4.3872161432802645
1o49,6.359518563029578
1o48,6.346787486224656
1o47,8.397940008672037
1w4l,8.397940008672037
1t1r,5.3979400086720375
1tv6,5.3979400086720375
1uu9,5.3979400086720375
1v0o,5.259637310505756
1xmy,7.299988937677887
1w51,6.301029995663981
1ppw,4.301029995663981
1rs2,4.301029995663981
1py5,7.292429823902063
1uyg,4.2716462179787715
1u59,7.253365801062421
1okz,8.301029995663981
1v2h,5.301029995663981
1oky,8.187086643357144
1w6j,8.187086643357144
1q0b,5.173925197299174
1uk1,7.221848749616356
1re1,5.213461519502197
1oiy,7.1938200260161125
1oi9,7.161150909262744
1pw6,5.221848749616356
1rhr,8.09963287134353
1w6r,6.153662887870195
1w76,6.153662887870195
1rxp,7.142667503568732
1uy8,4.1249387366083
1pfy,8.154901959985743
1tfz,8.154901959985743
1qxw,5.154901959985743
1t1s,5.154901959985743
1rry,4.096910013008056
1uk0,8.096910013008056
1t4j,5.096910013008056
1rhj,8.03763066432998
1u32,7.013228265733755
1o42,8.045757490560675
1uu8,5.045757490560675
1tfq,7.920818753952375
1xsc,4.301029995663981
1xzx,10.221848749616356
1sr7,10.096910013008056
1toi,4.045757490560675
1utj,3.8416375079047502
1os5,6.853871964321762
1oh4,3.744727494896694
1s3k,6.619788758288394
1vjc,3.580044251510242
1ujk,6.568636235841013
1vjd,3.543633966870957
1nki,6.698970004336019
1s19,9.508638306165727
1utn,3.493494967595128
1ru2,6.494850021680094
1q4x,9.481486060122112
1qy1,6.522878745280337
1toj,3.3872161432802645
1ukh,6.376750709602099
1sqn,9.397940008672037
1xow,9.2839966563652
1udt,9.301029995663981
1tpz,6.1938200260161125
1tq4,6.1938200260161125
1tog,3.2218487496163566
1uho,9.221848749616356
1xb7,6.221848749616356
1uod,3.1079053973095196
1xxh,6.107905397309519
1w9u,6.0915149811213505
1oj5,6.096910013008056
1ujj,6.096910013008056
1t7d,6.026872146400302
1utm,3.0123337350737254
1udu,9.045757490560675
1t29,6.045757490560675
1t7r,5.958607314841775
1oay,5.920818753952375
1ule,5.920818753952375
1u1w,5.853871964321762
1p17,2.8239087409443187
1ryf,8.795880017344075
1qy2,5.7447274948966935
1v11,3.9796387173522922
1rmz,8.0
1vyg,8.0
1xws,8.0
1sbr,5.0
1v1m,3.939302159646388
1pg2,4.958607314841775
1uz8,4.958607314841775
1nlt,4.920818753952375
1v16,3.870310107800699
1vkj,4.853871964321762
1rd4,7.73754891026957
1ru1,4.7447274948966935
1pfu,2.721246399047171
1ux7,3.0
1xt3,5.696803942579511
1uti,5.619788758288394
1q1g,8.568636235841012
1r5w,5.537602002101044
1oau,7.698970004336019
1ryh,7.559090917934782
1w80,4.543633966870957
1utc,4.552841968657781
1szd,4.535212480354063
1xap,8.698970004336019
1y0x,8.698970004336019
1xxi,5.522878745280337
1t08,5.508638306165727
1uef,5.494850021680094
1utl,2.4672456210075024
1tok,2.468521082957745
1r5n,5.42021640338319
1u2r,5.4089353929735005
1vea,7.522878745280337
1xa5,6.5003129173815966
1osv,3.4814860601221125
1r5v,4.481486060122113
1qvu,4.455931955649724
1utp,1.4436974992327127
1t2v,6.3979400086720375
1oar,7.3979400086720375
1r6n,7.3979400086720375
1qvt,4.376750709602099
1td7,4.366531544420414
1uw6,7.3448615651886175
1ttm,7.346787486224656
1sv3,4.346787486224656
1t37,4.346787486224656
1w3j,6.315154638355588
1r9l,5.3979400086720375
1s5q,5.2839966563652006
1uto,2.2740883677049517
2bfr,5.249491605148654
1opi,7.301029995663981
1sw1,7.301029995663981
1u8t,4.259637310505756
1uxa,2.3010299956639813
1oxr,5.1938200260161125
1sw2,7.221848749616356
1pzi,4.221848749616356
1ulg,4.206209615309182
1q7a,7.1938200260161125
1sje,8.221848749616356
1w2x,5.142667503568732
1uv6,5.120617362825658
1p19,4.114638779968488
1uxb,2.154901959985743
1rzx,4.096910013008056
1nw4,9.065501548756432
1x8s,5.096910013008056
1u9l,5.017728766960432
1r4w,4.045757490560675
1sjh,8.045757490560675
1vyf,8.045757490560675
1rp7,8.522878745280337
1vja,7.698970004336019
1w1g,7.6777807052660805
1oxg,10.568636235841012
1v0l,7.552841968657781
1v0n,7.552841968657781
1vj9,7.552841968657781
1sqo,7.455931955649724
1sc8,7.443697499232713
1ua4,4.221848749616356
1pxm,7.221848749616356
1xd0,7.1249387366083
1pxn,7.154901959985743
1sb1,6.892790030352131
1pkx,6.920818753952375
1vcu,3.853871964321762
1om1,6.769551078621726
1nh0,9.744727494896694
1wc1,4.0
1wc6,4.0
1rjk,10.0
1pxp,6.657577319177793
1qw7,3.6020599913279625
1uys,3.6020599913279625
1w1d,6.522878745280337
1s4d,6.494850021680094
1xjd,9.481486060122112
1q4w,6.455931955649724
1r5y,6.455931955649724
1o5a,6.42021640338319
1re8,9.522878745280337
1t69,6.318758762624412
1w3l,6.2839966563652006
1px4,3.2291479883578558
1phw,3.3010299956639813
1pwp,6.301029995663981
1wm1,6.301029995663981
1sqa,9.207608310501746
1sqt,6.200659450546418
1v2k,6.187086643357144
1ta6,9.130768280269024
1u0g,6.154901959985743
1s26,3.070581074285707
1o5f,6.070581074285707
1uj5,3.050609993355087
1uj6,3.050609993355087
1xbo,6.036212172654444
1s63,9.045757490560675
1uwu,5.982966660701219
1uwt,5.966576244513051
1mu8,9.0
1v2n,5.903089986991944
1r1h,8.920818753952375
1u6q,5.882728704344236
1ugp,2.886056647693163
1sl3,11.853871964321762
1q63,5.853871964321762
1m0b,8.8153085691824
1w5w,8.795880017344075
1rql,2.7471469690201067
2bet,2.769551078621726
1o5b,5.769551078621726
1q66,5.769551078621726
1ur9,5.769551078621726
1o5e,5.7447274948966935
1u0h,6.958607314841775
1qxl,7.958607314841775
1o5g,4.958607314841775
1pwq,4.958607314841775
1t3t,4.958607314841775
1tl7,7.920818753952375
1uz1,6.886056647693163
1v79,7.886056647693163
1xff,4.823908740944319
1v48,7.795880017344075
1pi5,7.769551078621726
1v2o,4.734003629504921
1v2p,4.734003629504921
1sdv,8.742321425130816
1u2y,1.744727494896694
1txr,7.7447274948966935
1v2t,4.708631149548418
1rm8,9.0
1ssq,6.0
1pxo,8.698970004336019
1pwu,5.6777807052660805
1mue,8.638272163982407
1r1j,8.638272163982407
1r1i,8.537602002101044
1rdt,6.698970004336019
1rek,6.698970004336019
1s39,7.698970004336019
1uou,7.698970004336019
1v41,4.698970004336019
1xs7,7.600326278518962
1w8m,1.6020599913279623
1u33,4.6020599913279625
1v2r,3.55445806563208
1pk0,7.568636235841013
1q95,7.568636235841013
1w5y,8.481486060122112
1q65,5.455931955649724
1t4s,2.4436974992327127
1xxe,5.4089353929735005
1uml,7.522878745280337
1w8l,0.494850021680094
1ro6,6.455931955649724
1pi4,7.431798275933005
1pye,6.413412695328245
1q5k,7.42021640338319
1ta2,8.522878745280337
1xkk,8.522878745280337
1w5x,8.397940008672037
1mu6,8.3767507096021
1uz4,3.3979400086720375
1p57,4.3979400086720375
1sgu,5.3731465853332745
1v2u,3.3695721249749764
1v2v,3.3695721249749764
1rwx,7.366531544420414
1pzo,3.318758762624413
1pzp,3.309803919971486
1s64,8.397940008672037
1xbb,5.301029995663981
1s89,5.236572006437063
1w3k,4.301029995663981
1v2l,4.292429823902063
1v2m,4.292429823902063
1sdt,9.267606240177031
1v2j,3.2471835688117285
2bes,4.2441251443275085
1rej,8.301029995663981
1rww,8.301029995663981
1o5c,5.221848749616356
1ogg,5.1938200260161125
1ro7,3.1824346304402193
1v2s,4.167491087293763
1pl0,8.221848749616356
1s38,5.154901959985743
1w5v,8.148741651280925
1thz,5.1487416512809245
1o5r,8.1249387366083
1q91,4.154901959985743
1pf7,10.142667503568731
1v2q,4.133004186889352
1sdu,10.065501548756432
1tuf,4.050609993355088
1p4r,8.096910013008056
1v0k,5.096910013008056
1v0m,5.096910013008056
1v7a,8.008773924307505
1pwy,4.045757490560675
1sh9,6.030584087646019
1v2w,4.009705553871561
1yt9,8.301029995663981
1tt1,8.154901959985743
2a5u,8.096910013008056
1z6j,8.0268721464003
1waw,7.886056647693163
1yhs,8.0
2b54,7.698970004336019
1y2k,7.6777807052660805
1y2j,7.481486060122113
1y2h,7.251811972993799
1y91,7.229147988357856
1w83,7.187086643357144
1z4u,7.154901959985743
1yvf,7.0
2a3x,6.920818753952375
1yt7,9.886056647693163
1s9t,6.823908740944319
1y2e,6.795880017344075
2ai8,6.795880017344075
1rw8,6.756961951313706
2c1a,6.769551078621726
2a4z,6.6020599913279625
2byh,6.58838029403677
1y2c,6.568636235841013
2c6l,6.568636235841013
1zz3,6.537602002101044
1z6q,6.698970004336019
1wbt,6.468521082957745
1wbn,6.455931955649724
2c6m,6.455931955649724
2c1b,6.3979400086720375
1z34,3.3767507096020997
2byi,6.336299074610352
1xhm,6.327902142064283
2ai7,6.3979400086720375
1wzy,6.251811972993799
1zh7,6.301029995663981
1r6g,9.207608310501746
1wbs,6.200659450546418
2b53,6.221848749616356
2c6k,6.136677139879544
2bz5,6.154901959985743
1xo2,6.070581074285707
1you,9.060480747381382
2b5j,9.096910013008056
1zz1,6.022276394711152
1z6p,6.045757490560675
2a3i,6.045757490560675
1yc5,3.0
2c4g,5.939302159646388
1w1t,2.958607314841775
1u3s,8.853871964321762
2bro,5.853871964321762
1zyj,5.823908740944319
2bge,2.795880017344075
1wug,5.795880017344075
1zuc,8.769551078621726
2c68,5.7447274948966935
1x76,8.721246399047171
1z3c,4.0
1x7e,5.973671061277651
2c6i,4.958607314841775
1zp5,2.9208187539523753
1wqv,6.886056647693163
2f6y,3.870310107800699
1ywr,7.886056647693163
1x78,7.853871964321762
1ymx,4.853871964321762
1yw2,6.85078088734462
1yhm,3.832682665251824
2a3a,2.8239087409443187
2b8l,7.823908740944319
1ttv,6.795880017344075
1wbv,3.7904849854573692
1y57,5.7870138152633315
1xh8,5.769551078621726
1wss,7.769551078621726
1x7q,6.730487055782084
1wu1,7.7447274948966935
1x70,7.7447274948966935
1w82,6.707743928643524
1yk7,7.721246399047171
1wbg,3.0
1z9h,3.0
2ban,9.0
1zgv,6.0
1y2d,5.698970004336019
2aie,5.657577319177793
1w1y,2.619788758288394
2bbb,8.619788758288394
2f71,5.6020599913279625
1x0n,7.698970004336019
2bts,7.698970004336019
2brh,4.640164517660112
1y6a,7.657577319177793
2c69,4.585026652029182
2bmc,7.568636235841013
1svg,8.698970004336019
2be2,8.698970004336019
2bpm,8.698970004336019
2bw7,5.698970004336019
1u3q,8.455931955649724
1u9w,8.455931955649724
1ynd,8.443697499232712
2a3w,5.42021640338319
2aia,5.4089353929735005
1z5m,7.522878745280337
1zkn,4.508638306165727
2f70,4.474955192963154
1wok,7.481486060122112
1wcc,3.4559319556497243
1w84,4.455931955649724
1svh,6.443697499232712
2f6v,4.431798275933005
1y6b,7.42021640338319
1veb,7.4089353929735005
1yi3,5.3979400086720375
1x7b,8.387216143280265
1yvz,5.356547323513812
1wb0,5.346787486224656
1u9q,8.327902142064282
2f6z,5.318758762624412
1way,3.3979400086720375
1xog,6.3872161432802645
1xoe,7.3872161432802645
1wbw,4.356547323513813
1yrs,6.346787486224656
2a3b,3.3288271572849166
1w1p,2.3010299956639813
1zzl,8.301029995663981
1wum,5.292429823902063
2brn,5.259637310505756
1u9e,8.244125144327509
1zrz,5.236572006437063
1wv7,7.259637310505756
1sve,8.301029995663981
1u3r,8.301029995663981
1w0x,5.301029995663981
1zz2,5.221848749616356
2brg,5.214670164989233
1w1v,2.2006594505464183
1sqp,8.200659450546418
1wun,7.2076083105017466
1xqc,7.200659450546418
1xur,5.180456064458132
1xuo,7.161150909262744
1u9v,8.221848749616356
1xuc,7.142667503568732
1u9x,8.154901959985743
1yvx,5.096910013008056
1zkl,5.0915149811213505
1wxz,8.065501548756432
1zgb,8.05551732784983
2brc,5.050609993355088
1y2b,4.086186147616283
1wax,4.0655015487564325
1xud,8.096910013008056
1zxc,8.096910013008056
2b52,8.096910013008056
1zaj,5.096910013008056
1wtg,7.031517051446065
2btr,7.022276394711152
2b55,7.017728766960431
1x8b,7.013228265733755
2b8v,7.008773924307505
1x7r,8.045757490560675
1tft,8.301029995663981
1t13,7.376750709602099
2bfq,6.886056647693163
1xt8,6.853871964321762
1tr7,6.823908740944319
1uwf,6.823908740944319
2f01,13.0
1tmm,6.638272163982407
1zub,6.568636235841013
2bmz,3.6989700043360187
1ysg,3.5228787452803374
2aa6,9.4089353929735
2bys,9.522878745280337
1w9v,6.337242168318426
1z2b,6.3979400086720375
2ao6,9.2839966563652
1s5z,3.207608310501746
2bt9,6.1938200260161125
1y8p,6.075720713938118
1yy6,6.0655015487564325
2byp,9.05551732784983
1kjr,6.055517327849832
1ws5,3.0333890133180654
1ws4,3.0
1xk5,6.0
1y8o,5.886056647693163
1ydk,5.886056647693163
2a29,2.853871964321762
1wdq,1.9808837095529273
1vyj,7.0
1ycm,8.0
1z3j,8.0
1yid,5.0
1ykp,2.958607314841775
1x9d,3.958607314841775
1z3t,3.939302159646388
2a58,4.920818753952375
1y2f,4.920818753952375
1xfv,3.886056647693163
1xh7,6.823908740944319
1sqq,7.823908740944319
1y3p,4.823908740944319
2a0t,4.823908740944319
1ywh,7.785156151952302
1u1b,7.795880017344075
1y19,6.769551078621726
1xh9,7.769551078621726
1y0l,9.0
1t7j,8.698970004336019
2bz8,5.6020599913279625
2byr,8.55284196865778
1y3n,5.552841968657781
2c2l,5.552841968657781
1xge,4.681936665037238
1xr8,6.698970004336019
1w70,3.6989700043360187
2bjm,3.6989700043360187
2agv,7.698970004336019
2arm,7.6777807052660805
2a25,4.619788758288394
2c3i,7.6020599913279625
1wva,6.568636235841013
1yc4,6.552841968657781
1wdr,2.515700160653214
1y98,5.431798275933005
1w96,8.4089353929735
1y3a,5.4089353929735005
1zhy,6.522878745280337
1xz8,4.522878745280337
2a4m,4.522878745280337
2br8,7.486782399932061
1zkk,4.481486060122113
1xh5,5.468521082957745
1xh4,7.468521082957745
2bj4,4.468521082957745
1zhk,4.453457336521869
1ywi,3.4306260903849544
2bak,7.431798275933005
1tjp,4.42021640338319
2baj,8.397940008672037
1w6y,5.356547323513812
1yvh,7.366531544420414
1we2,4.356547323513813
1y2a,7.339134521996131
1xq0,6.342944147142896
1zm6,4.346787486224656
1xh6,7.318758762624412
2bal,6.309803919971486
2az5,5.27083521030723
1x07,3.283996656365201
2f8i,7.259637310505756
1rr6,10.2518119729938
2aeb,8.301029995663981
1x8d,2.2104192878355744
1yc1,6.167491087293763
1xr9,7.154901959985743
1z3v,4.113509274827518
2c1n,4.1073489661227
1t4e,7.096910013008056
2f7i,7.096910013008056
1y2g,4.080398976215889
1xpz,7.075720713938118
1vj6,5.096910013008056
1zhl,5.00436480540245
2b9a,8.045757490560675
1w7x,8.397940008672037
1wuq,8.267606240177031
2ajl,7.886056647693163
1yly,7.823908740944319
1t4v,7.6777807052660805
2c3k,7.585026652029182
1ysi,7.443697499232713
1xn2,10.522878745280337
1s50,7.200659450546419
1x8j,6.958607314841775
1tvo,6.853871964321762
2etk,6.823908740944319
2etr,6.823908740944319
1wur,6.657577319177793
1w31,3.6020599913279625
1ws1,9.55284196865778
2bok,6.552841968657781
2a5s,6.698970004336019
1w2k,6.455931955649724
2b07,6.431798275933005
1w0y,6.42021640338319
2ax9,9.522878745280337
1yys,6.327902142064283
1yvm,6.3979400086720375
2ayr,9.292429823902063
1yyr,6.292429823902063
2ael,6.292429823902063
2esm,6.275724130399211
1wcq,6.259637310505756
1ym1,6.238072161579471
2b17,6.2076083105017466
2c3j,6.18111458540599
1z71,9.18045606445813
1x6u,3.2218487496163566
1x39,9.221848749616356
1z1r,9.221848749616356
1y1z,3.080398976215889
1zxv,6.096910013008056
1xgj,6.0
2br6,2.958607314841775
1yms,5.920818753952375
2brm,5.886056647693163
1x38,8.769551078621726
1zp8,8.769551078621726
1zdp,5.7447274948966935
1zyr,5.7447274948966935
1zoh,7.0
1w2h,5.0
2ad5,3.958607314841775
2brb,4.863279432843593
1x7a,7.886056647693163
1z6f,4.886056647693163
1xk9,6.853871964321762
1xgi,4.853871964321762
1ya4,4.818156412055227
1y1m,1.8153085691824011
1wkm,0.8239087409443188
1v1j,4.823908740944319
1y3w,5.774690718274137
1x8t,7.795880017344075
1ybg,4.795880017344075
2afw,4.769551078621726
2aou,7.730487055782084
1wvj,6.732828271596986
2adu,7.7447274948966935
1w4p,4.7447274948966935
2bvd,6.0
2a14,5.698970004336019
2erz,5.657577319177793
1t31,8.638272163982407
1z9g,5.638272163982407
1ze8,7.6777807052660805
1wn6,4.6777807052660805
1y3v,5.638272163982407
1y3y,5.638272163982407
2azr,3.6382721639824074
2bo4,4.609064892896621
1yqy,7.619788758288394
1t5a,4.619788758288394
2f6t,4.619788758288394
1tx7,4.6020599913279625
1u65,7.578396073130169
2ax6,7.568636235841013
1w2g,4.568636235841013
1y6q,11.698970004336019
2bgn,5.698970004336019
1z4n,4.522878745280337
1z4o,4.522878745280337
1u71,7.481486060122112
1syi,5.444905551421681
1wvc,4.455931955649724
1vzq,7.443697499232712
2a3c,4.431798275933005
2aow,7.4179366370882915
2aox,7.4179366370882915
1t32,7.42021640338319
1syh,6.405607449624573
1z6d,2.337242168318426
1zgi,5.337242168318426
1y20,5.318758762624412
1vyq,5.302770657240282
1xn3,7.3979400086720375
1zoe,7.3979400086720375
1xnx,6.380906669373258
1yfz,4.346787486224656
1z6s,4.337242168318426
1z1h,8.397940008672037
1zpa,8.397940008672037
2al5,8.397940008672037
1w4q,5.259637310505756
2b7f,7.301029995663981
1rt9,10.2518119729938
1y4z,7.2441251443275085
1yxd,5.301029995663981
1t5f,4.221848749616356
1xhy,6.1791420105603
2c6o,8.221848749616356
1w4o,5.221848749616356
2afx,5.1487416512809245
2br1,5.142667503568732
1yqj,8.136677139879543
1zog,7.154901959985743
1y3x,5.13578566953867
1x8r,6.1249387366083
1z95,7.119186407719209
1y6r,10.113509274827518
2exm,4.107905397309519
2c3l,5.066512712151295
1x1z,11.05551732784983
1yq7,7.0851281824599495
2d06,4.079876673709276
1yci,4.080921907623926
2aov,7.040958607678906
2bqv,8.045757490560675
2bed,8.154901959985743
2bu5,7.782516055786094
1ym2,8.0
1ym4,7.4089353929735005
2f4b,7.301029995663981
2nsx,7.200659450546419
2bdf,7.173925197299173
2evo,7.173925197299173
2bcd,10.221848749616356
2ewp,7.102372908709558
2fq6,7.102372908709558
2g1y,7.045757490560675
2h03,7.045757490560675
2gm1,7.0
2hha,6.913640169325252
2axi,6.853871964321762
2iw6,6.853871964321762
2ath,6.818156412055227
2f3e,6.806875401645539
2f3f,6.721246399047171
2ie4,10.0
2etm,6.673664139071248
1zeo,6.6777807052660805
2c5n,6.657577319177793
2h96,6.638272163982407
2gtk,6.600326278518962
1zpc,6.595166283380062
2c5x,6.6020599913279625
2c5y,6.6020599913279625
2gg2,6.6020599913279625
2gg5,6.6020599913279625
2cv3,6.568636235841013
2evc,6.537602002101044
2ggx,3.494850021680094
2h02,6.494850021680094
2auz,9.455931955649724
2fyv,3.5228787452803374
2gz7,6.522878745280337
2bdj,9.346787486224656
2f2c,6.346787486224656
2fm0,9.397940008672037
2a4l,6.3979400086720375
2fda,6.29929628285498
2aux,9.301029995663981
2hai,6.275724130399211
1ykr,6.251811972993799
2fix,6.2441251443275085
2gg3,6.236572006437063
2f3r,6.301029995663981
2i5j,6.301029995663981
2evm,6.159266765388193
2g6p,6.221848749616356
2ccu,6.130768280269024
2fde,9.154901959985743
2ewy,6.154901959985743
2gfs,6.154901959985743
1zpb,6.070581074285707
2c6e,9.096910013008056
2fum,6.096910013008056
2ggu,3.0268721464003012
2fes,9.008773924307505
2c0o,5.913640169325252
2g01,5.913640169325252
2ew5,5.903089986991944
2aa9,2.9208187539523753
2aay,2.9208187539523753
2cm8,5.8696662315049934
2feq,8.856985199745905
1ztq,8.886056647693163
2j9a,5.886056647693163
1yw7,5.853871964321762
2g19,5.853871964321762
2i40,5.801342913045578
2ckm,8.823908740944319
2giu,8.823908740944319
2nq6,5.823908740944319
2cmc,5.756961951313706
2gg7,5.756961951313706
2cne,8.769551078621726
2j7x,8.769551078621726
2gg0,5.769551078621726
2h44,5.769551078621726
2anm,8.744727494896694
2ew6,4.966576244513051
2f1b,3.0
2brp,4.0
2c8y,4.0
2iw8,6.987162775294828
2fme,6.982966660701219
1yw8,8.0
2ama,8.0
2cng,6.958607314841775
2igy,6.94692155651658
2hny,5.933674074637962
2gga,1.958607314841775
2irz,7.920818753952375
2c93,4.920818753952375
2ggb,4.920818753952375
1zd5,4.872895201635193
2cgu,4.872895201635193
2f3k,7.886056647693163
2j50,7.886056647693163
2fjm,6.847711655616943
2gnh,6.826813731587726
2j87,4.853871964321762
2cgx,4.806875401645539
2bdl,7.823908740944319
2euf,7.823908740944319
2i0v,6.795880017344075
2ggd,3.7958800173440754
2chz,7.795880017344075
2cgw,4.761953896871205
2bdy,7.769551078621726
2chw,4.769551078621726
2azc,6.73754891026957
2cma,6.732828271596986
2chx,7.7447274948966935
2b7a,9.0
2am1,6.0
2fl2,8.698970004336019
2ccs,5.698970004336019
2gpp,5.698970004336019
2hwh,5.698970004336019
2bb7,5.669586226650809
2gni,5.642065152999546
2i47,8.657577319177793
2f4j,5.657577319177793
2h42,8.619788758288394
1yy4,8.598599459218455
2fky,8.585026652029182
2iit,8.585026652029182
1yye,8.568636235841012
2h8h,8.568636235841012
2nq7,5.537602002101044
2a2x,7.694648630553377
2fwy,6.698970004336019
2is0,6.698970004336019
1zaf,7.698970004336019
2c4f,7.698970004336019
2g1r,7.698970004336019
2ica,7.698970004336019
2cm7,6.6777807052660805
2bve,3.6675615400843946
2cni,7.6777807052660805
2g0h,7.6439741428068775
2c8x,6.657577319177793
2az9,7.657577319177793
2fj0,7.657577319177793
2nyr,4.657577319177793
2exc,6.628932137728263
2bkt,7.638272163982407
2cnf,6.619788758288394
2i0y,7.619788758288394
2i1m,7.619788758288394
1zd4,3.596879478824182
2gg8,4.6020599913279625
2cgv,4.5638373529592435
2cmf,7.552841968657781
2hwi,5.522878745280337
2gc8,5.508638306165727
2cn8,5.455931955649724
2fie,5.455931955649724
2gg9,5.455931955649724
2c8w,8.431798275933005
2am9,8.4089353929735
1zom,7.522878745280337
2c6c,7.522878745280337
2bua,4.522878745280337
2c90,3.4814860601221125
2c9t,7.481486060122112
2bks,7.431798275933005
2fl6,7.42021640338319
2fjn,7.4089353929735005
2b1p,8.522878745280337
2hfp,8.522878745280337
2gcd,5.522878745280337
2gz8,5.522878745280337
2fjp,8.366531544420413
2dq7,8.318758762624412
2fdd,8.318758762624412
2ddf,7.3872161432802645
2c6g,3.3685562309868278
2np8,7.376750709602099
2fm5,7.366531544420414
2g1q,7.356547323513812
2g9x,7.346787486224656
2dxs,7.337242168318426
2hk5,7.337242168318426
2ank,7.325138859262188
2boi,4.318758762624412
2g24,5.3979400086720375
2chm,8.259637310505756
2aq7,3.3010299956639813
2aqb,3.3010299956639813
2hd1,3.3010299956639813
2a0c,7.301029995663981
2fwz,7.301029995663981
2g0g,6.29073003902417
2igx,7.267606240177032
2gnl,7.236572006437063
2cnh,7.229147988357855
2gv2,8.301029995663981
2c5o,5.187086643357144
2iiv,8.18045606445813
2bv4,3.2218487496163566
2fv9,7.221848749616356
2j83,4.214670164989233
2azb,7.1938200260161125
2cmb,7.187086643357144
2j4z,7.187086643357144
2a8h,7.173925197299173
2az8,8.221848749616356
2gnf,5.221848749616356
2gnj,5.221848749616356
2d1x,5.102372908709558
2alv,4.154901959985743
2f1a,3.1426675035687315
2gmx,7.113509274827518
2b1z,7.102372908709558
2ayp,8.154901959985743
2bkz,8.154901959985743
2go4,5.154901959985743
2i7c,5.070581074285707
2iw9,8.050609993355087
2f18,4.096910013008056
2auc,4.075720713938118
2aei,7.0655015487564325
2hiw,8.096910013008056
2am2,5.096910013008056
2cct,5.022276394711152
2i1r,5.013228265733755
2bub,7.045757490560675
2i0h,8.045757490560675
2f34,6.886056647693163
2c94,6.823908740944319
2fb8,9.795880017344075
2ceo,10.0
2gh7,13.0
2iwx,6.6777807052660805
2ews,6.619788758288394
2euk,6.6020599913279625
2fgh,6.552841968657781
2h21,6.537602002101044
2eum,6.698970004336019
2evl,6.698970004336019
2cgf,6.4089353929735005
2iws,6.356547323513813
2c9d,6.318758762624412
2izx,9.397940008672037
2hdx,6.259637310505756
2f14,9.193820026016112
2fgu,9.18045606445813
1zc9,3.2218487496163566
2c97,6.142667503568732
2cvd,6.096910013008056
2ivz,6.036212172654444
2ce9,6.031517051446065
2df6,5.978810700930062
2j79,5.958607314841775
2fkf,2.9208187539523753
2fw6,2.9208187539523753
2fwp,2.9208187539523753
2iwu,5.920818753952375
2g83,5.920818753952375
2g6q,5.823908740944319
2boj,5.769551078621726
2fl5,8.744727494896694
2gfa,4.982966660701219
2h2h,4.978810700930062
2j7g,7.0
2buv,4.0
2flh,3.9746941347352296
2bmv,2.0
2ewa,7.939302159646388
2a5b,3.9318141382538383
2cbz,3.9281179926938745
2j77,4.889410289700751
2foy,6.920818753952375
2haw,4.920818753952375
2clv,7.87942606879415
2g2r,7.886056647693163
2g97,6.818156412055227
2hu6,3.812479279163537
2o4n,7.823908740944319
2gl0,4.823908740944319
2gzl,4.823908740944319
2ccc,7.755228238504705
2fx9,7.769551078621726
2b4l,4.769551078621726
2o4p,10.721246399047171
2ha4,2.6989700043360187
2fr3,8.698970004336019
2c92,5.675717544702308
2cbu,5.6777807052660805
2azm,5.657577319177793
2bmk,5.619788758288394
2fuu,5.568636235841013
2c9b,5.540607512240769
2idk,5.537602002101044
2a8g,3.688246138944246
2flu,7.698970004336019
2fx7,7.698970004336019
2hmv,7.698970004336019
2hmw,7.698970004336019
2hmu,7.698970004336019
2cex,4.698970004336019
2h23,4.673664139071248
2fqw,6.6777807052660805
2aoj,4.655607726314889
2j75,6.647817481888637
2ca8,4.657577319177793
2ha2,4.657577319177793
2j7b,6.619788758288394
2a5c,4.619788758288394
2fsv,4.6020599913279625
2fqy,6.568636235841013
2aof,4.549750891680639
2fov,7.552841968657781
2b4m,3.530177984021837
2frd,4.5376020021010435
2h3e,5.698970004336019
2g5u,8.494850021680094
2cbv,5.481486060122113
2hf8,5.468521082957745
2f35,5.404503778174426
2fx8,6.519993057042849
2o4s,10.508638306165727
2nm1,7.468521082957745
2ccb,7.44660248987612
2iko,5.447210149807218
2o4k,10.455931955649724
2h9m,4.455931955649724
2aoh,4.440093374963888
2amt,4.443697499232712
2cia,6.431798275933005
2ha0,4.431798275933005
2j78,6.4156687756324695
2ez5,5.522878745280337
2h6b,5.3872161432802645
2h2j,5.376750709602099
2h2d,5.366531544420414
2fxv,5.346787486224656
2h13,5.346787486224656
2c80,5.327902142064283
2ez7,4.361510743045363
2ha7,3.3565473235138126
2j7f,6.351639989019068
2fys,4.356547323513813
2ha5,4.337242168318426
2j7e,7.318758762624412
2ha6,4.318758762624412
2c1p,5.3979400086720375
2a4w,8.292429823902063
2g96,4.277366077466188
2ces,7.251811972993799
2gph,5.301029995663981
2gz2,5.221848749616356
2f5t,5.167491087293763
2o4l,9.216096420727265
2ci9,7.221848749616356
2fo4,7.221848749616356
1yon,4.214670164989233
2j7h,7.187086643357144
2doo,7.173925197299173
1zea,5.221848749616356
2h6q,5.107905397309519
2fr8,3.154901959985743
2bba,7.154901959985743
2fci,7.154901959985743
2hmh,7.154901959985743
2fqx,7.1487416512809245
2j7d,7.130768280269024
2fgv,6.119186407719209
2o9k,4.113509274827518
2iku,7.102372908709558
2il2,7.102372908709558
2fxu,8.154901959985743
2gtv,5.154901959985743
2h6k,5.060480747381382
2fou,7.096910013008056
2hnx,7.080921907623926
1zsh,7.070581074285707
2ate,7.0655015487564325
2h5a,5.096910013008056
2d0k,5.021819483062586
2cet,8.017728766960431
2cc7,8.005243055412372
2fts,7.045757490560675
2ha3,3.0315170514460648
2aoi,4.014573525916998
2cer,9.221848749616356
2cf8,8.096910013008056
2cf9,7.823908740944319
2f0z,4.769551078621726
2aoe,7.619788758288394
2d1o,7.698970004336019
2hh5,7.494850021680094
2f7o,7.443697499232713
2f81,10.522878745280337
2fzz,10.522878745280337
2f9u,7.3872161432802645
2i3h,7.3979400086720375
2i3i,7.301029995663981
2a4g,7.180456064458132
2a4q,7.180456064458132
2bq6,10.154901959985743
2bz6,7.0915149811213505
1zsf,9.920818753952375
2d3u,6.920818753952375
1zsr,9.823908740944319
2b1i,6.823908740944319
2d41,6.823908740944319
2g00,9.744727494896694
1z6e,9.721246399047171
2i0g,9.721246399047171
2b1g,6.638272163982407
2d3z,6.638272163982407
2f7p,6.603800652904264
2hwg,3.5528419686577806
2jbj,9.698970004336019
2f10,3.4814860601221125
2bzz,6.431798275933005
2fqo,6.431798275933005
2g94,9.522878745280337
2gvj,9.522878745280337
2hoc,9.522878745280337
2f9b,6.522878745280337
2h4g,6.522878745280337
2aqu,9.318758762624412
2jbk,6.3979400086720375
2aog,6.275724130399211
2avv,9.259637310505756
1w6h,9.301029995663981
1zvx,9.221848749616356
2fqt,6.142667503568732
2g5t,9.086186147616283
2i0d,12.096910013008056
2ewb,6.096910013008056
2i03,9.0
2ien,9.0
2fhy,5.958607314841775
2h5i,8.886056647693163
2idw,8.886056647693163
2avo,8.853871964321762
1yz3,8.809668301829708
2b1v,5.7447274948966935
2flb,5.7447274948966935
2d2v,1.0
2gvd,7.0
2b1r,0.9956786262173574
2g8r,3.987162775294828
2hds,2.0
1ypg,8.0
2anl,6.958607314841775
2fpz,3.958607314841775
2e1w,7.958607314841775
2h5j,7.906578314837765
2gvv,3.9030899869919438
1zfk,7.920818753952375
2gbf,7.920818753952375
2aoc,4.886056647693163
2clx,4.876148359032914
2gvz,6.886056647693163
2c6n,6.881074247174223
2gv7,7.853871964321762
2a4r,7.823908740944319
2j34,7.823908740944319
2hb1,3.7958800173440754
2hd6,7.795880017344075
2i19,7.795880017344075
2ajd,10.795880017344075
2dua,4.769551078621726
2bmg,7.7447274948966935
2am4,3.721246399047171
2f94,6.709965388637482
2fzc,2.701146923590293
2hdr,1.7212463990471711
2j4i,9.0
2f8g,8.698970004336019
2avm,5.698970004336019
2nw4,8.675717544702307
2aod,5.663540266151471
2an5,5.6777807052660805
2c4v,2.6020599913279625
2i0j,8.57186520597121
2iuz,5.552841968657781
2bvr,3.6989700043360187
2fx6,3.6989700043360187
2c4w,4.698970004336019
2dw7,4.698970004336019
2cn0,7.657577319177793
2fzk,3.6020599913279625
2fs8,7.6020599913279625
2fxr,7.6020599913279625
2gsu,3.5850266520291822
2b1q,1.585026652029182
2fdp,7.585026652029182
2avs,7.568636235841013
2i3v,6.549750891680639
2f1g,7.5376020021010435
2b7d,8.698970004336019
2bvx,8.698970004336019
2i0e,8.698970004336019
2i3z,8.698970004336019
2f2h,5.698970004336019
2ajb,5.503070351926785
2ieo,8.494850021680094
2ihq,8.494850021680094
2h4k,5.494850021680094
2ioa,5.494850021680094
2hs1,8.481486060122112
2aez,2.4559319556497243
2g5p,8.42021640338319
2j47,5.4089353929735005
1zfq,7.522878745280337
2f89,6.480172006224281
2c57,3.431798275933005
2ivu,6.425968732272281
2isw,7.431798275933005
2isv,7.431798275933005
2cmo,6.404503778174426
2boh,8.522878745280337
2bqw,8.522878745280337
2bxt,8.522878745280337
2fs9,8.522878745280337
2fvd,8.522878745280337
2gbi,8.522878745280337
2hb3,11.346787486224656
2hs2,8.309803919971486
2hdq,1.3979400086720375
1y3g,7.3979400086720375
2j9h,3.3872161432802645
2hzy,7.3872161432802645
2avq,4.3872161432802645
2fzg,3.3767507096020997
2aw1,7.366531544420414
2gv6,7.337242168318426
2j2u,7.327902142064283
2i0a,11.397940008672037
2i80,5.3979400086720375
2cbj,8.267606240177031
1zge,7.301029995663981
2aq9,7.301029995663981
2ceq,7.275724130399211
1zky,6.251811972993799
2gbg,7.251811972993799
2fai,6.2441251443275085
2gmk,3.2291479883578558
2hdu,2.3010299956639813
2ff1,8.207608310501746
2ff2,8.207608310501746
2h5d,8.193820026016112
2h65,8.187086643357144
2f80,8.18045606445813
2g63,8.173925197299173
2hnc,7.221848749616356
2aj8,6.195179321278838
2g8n,7.200659450546418
1z9y,7.187086643357144
2cji,8.221848749616356
2hxm,5.221848749616356
1zs0,6.154901959985743
2bxu,7.154901959985743
1yp9,5.113509274827518
2d1n,8.154901959985743
2fm2,8.154901959985743
2bvs,4.096910013008056
2f9k,7.066006836168758
2bq7,7.050609993355087
1ype,8.096910013008056
1w7g,5.096910013008056
2c02,4.036212172654444
1ypj,7.022276394711152
2in6,7.638272163982407
2j4a,10.602059991327963
2io6,7.522878745280337
2uzn,7.522878745280337
2obj,7.301029995663981
2hwp,7.136677139879544
2duv,7.060480747381382
2hwo,6.8996294548824375
2p3g,6.8996294548824375
2uzb,6.920818753952375
2r9s,6.823908740944319
2jdt,6.769551078621726
2uzd,6.7447274948966935
2rjp,7.0
2va7,6.698970004336019
2of2,6.6777807052660805
2jdo,6.638272163982407
2pgj,3.585026652029182
2pgl,3.585026652029182
2uw6,6.552841968657781
3b8z,6.537602002101044
1vsn,9.698970004336019
2ofv,9.698970004336019
2gdo,9.494850021680094
2o64,6.468521082957745
2ohv,6.455931955649724
2fw3,6.42021640338319
2oj9,6.4089353929735005
2hog,9.522878745280337
2pvw,9.522878745280337
2q6b,9.522878745280337
2off,6.522878745280337
2owb,6.356547323513813
2qpj,6.346787486224656
2uyi,6.318758762624412
2v10,9.397940008672037
2e98,6.229147988357856
2og8,9.301029995663981
2uzl,6.214670164989233
2gmv,6.200659450546418
2p98,6.1938200260161125
2hy0,9.187086643357144
2o65,6.187086643357144
2ozr,9.173925197299173
2va6,6.173925197299173
2e99,6.161150909262744
2v0z,9.221848749616356
3b2w,9.221848749616356
2uue,6.130768280269024
2o63,6.107905397309519
2g9r,6.075720713938118
2g9u,6.075720713938118
2q1j,9.096910013008056
2pzi,6.096910013008056
2e9a,6.040958607678906
2o48,6.013228265733755
2i6a,9.045757490560675
2v12,9.045757490560675
2r0u,9.0
2p99,5.935542010773082
2e9c,5.958607314841775
2o3p,5.958607314841775
2o7v,5.958607314841775
2g9v,5.91721462968355
2uzv,5.866461091629782
2e9d,5.886056647693163
2jbl,5.886056647693163
2ooh,5.886056647693163
2ork,2.853871964321762
2ghg,8.823908740944319
2r9m,8.823908740944319
2qe5,5.785156151952302
2q2y,8.795880017344075
2q7m,8.795880017344075
2p3o,2.769551078621726
2pg2,5.769551078621726
2veu,7.0
2ohr,4.0
2qcg,4.0
2p4i,8.0
2qcn,5.0
2gh6,4.95116991347165
2ieh,6.958607314841775
2ojf,6.958607314841775
2hiz,6.950781977329818
2e2b,7.958607314841775
2oah,7.958607314841775
2p83,7.958607314841775
2qk8,7.913640169325252
2q1l,7.906578314837765
2hxl,7.920818753952375
2qd9,7.886056647693163
2hxq,6.841637507904751
2gfj,3.8239087409443187
2ou7,3.8096683018297086
2o5k,7.823908740944319
2o7n,7.823908740944319
3bi6,7.823908740944319
2hb9,4.823908740944319
2ilp,4.823908740944319
2q6c,7.777283528852417
2oph,7.795880017344075
2hyy,6.769551078621726
2osc,7.769551078621726
2qe2,7.769551078621726
2vex,6.7447274948966935
2oh0,7.7447274948966935
2uw7,7.7447274948966935
2pjl,6.721246399047171
2iok,9.0
2ofu,9.0
2oo8,9.0
2ow1,9.0
2r6n,9.0
2rgu,9.0
2q72,2.679853713888946
2q2z,8.698970004336019
2v0c,5.6777807052660805
2r3c,5.657577319177793
2qt9,8.638272163982407
2gu8,8.585026652029182
2j2i,6.698970004336019
2ow0,6.696803942579511
2qoh,7.698970004336019
2uw0,7.698970004336019
2h9t,4.698970004336019
2jc0,4.698970004336019
2rcu,6.6777807052660805
2p8s,7.6777807052660805
2vcj,7.6777807052660805
2vci,7.6777807052660805
2oq6,3.6020599913279625
2q6h,3.6020599913279625
2qch,3.6020599913279625
2qoe,7.6020599913279625
2jaj,4.6020599913279625
2ohq,4.6020599913279625
2ph6,7.568636235841013
2uzo,4.568636235841013
2hvx,7.5376020021010435
2hm1,8.698970004336019
2ovx,8.698970004336019
2uym,5.508638306165727
2nww,5.481486060122113
2ds1,8.468521082957745
2oh4,8.455931955649724
2vev,6.522878745280337
2ow9,7.522878745280337
2gfk,4.522878745280337
2h1h,4.522878745280337
2ohm,3.5086383061657274
2gj4,6.496209316942819
2uw5,7.508638306165727
2qcf,3.494850021680094
2fvc,7.494850021680094
2hz0,6.481486060122113
2nqg,6.47755576649368
2hz4,5.465339424171556
2pzy,7.468521082957745
2p2i,7.42021640338319
2poq,4.42021640338319
2gd8,7.4089353929735005
2v11,8.522878745280337
2vf6,8.522878745280337
2ohu,5.376750709602099
2vd7,5.376750709602099
2gqn,5.346787486224656
2qtb,8.318758762624412
2jbu,3.3979400086720375
2q8i,3.3979400086720375
2qcd,3.3979400086720375
2o9i,7.3979400086720375
2ohs,4.3979400086720375
2gm9,7.3872161432802645
2hzn,7.3872161432802645
2q9n,6.366531544420414
2pvv,3.3585258894959007
2vey,7.366531544420414
2qcm,3.3467874862246565
2uze,4.327902142064283
2oic,8.397940008672037
2pe2,8.397940008672037
2uw4,5.2839966563652006
2os9,2.2441251443275085
2gde,8.244125144327509
2pix,4.301029995663981
2p33,7.2441251443275085
2r8q,3.2365720064370627
3biz,7.236572006437063
2iqg,8.301029995663981
2nv7,8.301029995663981
2pe1,8.301029995663981
2rfn,8.301029995663981
2p9a,5.1830961606243395
2imb,4.221848749616356
2q9m,7.2076083105017466
2vew,7.1938200260161125
2p2h,7.167491087293763
2ow2,8.221848749616356
2i5f,5.1249387366083
2hzi,7.154901959985743
2p8h,7.1487416512809245
3bcn,7.117760151981177
2uw8,4.113509274827518
2nqi,6.105683937315561
2ywp,8.154901959985743
2o5d,5.154901959985743
2ooz,5.154901959985743
2jbo,8.070581074285707
2jbp,8.070581074285707
2pe0,7.096910013008056
2qju,4.096910013008056
2uw3,4.096910013008056
2of4,7.0915149811213505
2ogz,7.075720713938118
2va5,4.0655015487564325
2q8g,7.060480747381382
2iog,8.096910013008056
2oht,5.040958607678906
2or4,5.022276394711152
2pcu,3.0409586076789066
2ohp,4.026872146400302
2no3,8.045757490560675
2z60,8.045757490560675
2v7a,8.301029995663981
2e7l,7.5376020021010435
2gek,7.522878745280337
2nnv,7.522878745280337
2uxi,7.301029995663981
2pl0,7.2076083105017466
2r5d,10.154901959985743
2v8w,6.823908740944319
2jdu,6.721246399047171
2c1q,13.0
2p0d,7.0
2v00,3.657577319177794
2gej,6.638272163982407
2oi3,6.638272163982407
2jdp,6.6020599913279625
2jbv,3.537602002101044
2jdk,6.537602002101044
2py4,6.698970004336019
2jdh,6.508638306165727
2qki,6.4089353929735005
2nn7,6.522878745280337
2pfy,6.522878745280337
2qqs,6.3979400086720375
2hkf,6.376750709602099
2qpq,6.366531544420414
2e27,9.346787486224656
2nno,6.3979400086720375
2gfd,6.2839966563652006
2nxl,6.267606240177032
2jnw,6.107905397309519
2qx0,6.107905397309519
2e7f,6.102372908709558
2p8n,3.154901959985743
2j3q,6.154901959985743
2pze,6.075720713938118
2fxs,6.060480747381382
2nnd,6.060480747381382
2nns,6.045757490560675
2r7g,6.045757490560675
2hug,5.97469413473523
2z5o,6.0
2joa,5.958607314841775
2peh,5.958607314841775
2pv2,5.910094888560602
2oqs,5.886056647693163
2ph9,5.886056647693163
2qm7,5.886056647693163
2e5y,5.853871964321762
2nn1,5.823908740944319
2qta,5.756961951313706
2itt,8.769551078621726
2pgz,5.7447274948966935
2v25,5.721246399047171
2j6m,7.962573502059376
2q8y,3.9913998282380825
2odd,3.960982678002588
2r58,2.0
2oiq,5.0
2itp,7.94692155651658
2g78,6.920818753952375
2g79,6.920818753952375
2ito,6.907981529247203
2oei,3.906578314837765
2vhj,3.9030899869919438
2pk6,10.886056647693163
2vhq,3.853871964321762
2j4k,4.853871964321762
2o9a,3.8063189704587184
2jup,3.8068754016455384
2jg0,7.823908740944319
2hr6,4.823908740944319
2nsj,4.787812395596042
2clk,3.785156151952302
2jsd,7.769551078621726
2qm9,7.769551078621726
2dwx,3.744727494896694
2ov4,4.7447274948966935
2uxu,4.7447274948966935
2i4z,5.7037737127388395
2i4p,5.7037737127388395
2q8h,3.0
2v3u,3.0
2gh9,6.0
2uyq,5.6777807052660805
2z5s,5.657577319177793
2nxd,5.657577319177793
2z5t,5.619788758288394
2r5a,2.6020599913279625
2r5b,8.602059991327963
2itz,8.585026652029182
2jdn,5.555955204081924
2nmx,5.568636235841013
2nsl,4.679853713888946
2pk5,10.698970004336019
2j9n,4.698970004336019
2v5x,6.657577319177793
2pem,3.6382721639824074
2v87,4.600326278518962
2vba,4.6020599913279625
2vb8,4.6020599913279625
2nn8,3.5850266520291822
2hzl,6.568636235841013
2rly,3.5686362358410126
2hrm,3.5551748004902524
2cle,3.552841968657781
2clm,3.552841968657781
2clf,3.552841968657781
2o9v,3.540607512240769
3b50,7.552841968657781
2uyn,2.6989700043360187
2nwl,8.698970004336019
2oi9,5.698970004336019
2o3z,5.698970004336019
2r0z,5.468521082957745
2isc,8.42021640338319
2jdm,5.402304814074488
2ntf,6.522878745280337
2opy,4.522878745280337
2puy,4.522878745280337
2ra6,4.522878745280337
2ogy,4.478861916295964
2jq9,4.476253533188435
2v83,4.471083299722346
2v86,4.460923901207224
2v85,4.460923901207224
2j4q,4.455931955649724
2hj4,5.367542707815276
2qhd,5.376750709602099
2nng,5.356547323513812
2uwd,8.346787486224656
2gj5,8.324221658325914
2hjb,4.394694953858891
2jqk,3.39577394691553
2jdy,4.367542707815276
2p09,6.346787486224656
2iv9,4.337242168318426
2p0x,6.306273051076353
2igw,1.3098039199714864
2v95,8.301029995663981
2pv3,5.254144804826271
2e2r,8.259637310505756
2h5e,8.2518119729938
2igv,2.2291479883578558
2oi2,6.301029995663981
2p15,10.301029995663981
2cli,4.301029995663981
2cll,4.301029995663981
2jo9,4.283162276700476
2ity,7.2716462179787715
2pql,7.275724130399211
2imd,8.301029995663981
2pll,8.301029995663981
2q7q,5.301029995663981
2o1v,5.301029995663981
2nxm,5.1938200260161125
2i4j,6.164436248330903
2i6b,7.167491087293763
2qbx,5.221848749616356
2hqu,5.142667503568732
2ovq,7.154901959985743
2pv1,7.136677139879544
2jf4,8.154901959985743
2r05,5.154901959985743
2r03,5.154901959985743
2ipo,5.055517327849832
2v88,4.085656842880559
2clh,4.057495893831919
2clo,4.057495893831919
2r02,5.096910013008056
2jmj,5.040958607678906
2ohl,3.0457574905606752
2rm0,4.026872146400302
2e94,8.0
2i2c,4.698970004336019
2ftd,10.387216143280265
2o4j,10.096910013008056
2p16,10.096910013008056
2e95,7.096910013008056
2uvm,7.096910013008056
3bgp,7.040958607678906
2e93,6.958607314841775
2e92,6.886056647693163
2iu0,6.886056647693163
2oxd,6.823908740944319
2ot1,4.0
2oxx,6.698970004336019
2j4g,6.6020599913279625
2e91,6.585026652029182
2jj3,9.55284196865778
2pog,9.537602002101044
2nt7,6.522878745280337
2oxy,6.522878745280337
2oz5,6.481486060122113
2j27,3.5228787452803374
2v3e,6.522878745280337
2p95,9.366531544420413
2z4b,9.356547323513812
2op3,6.309803919971486
2o4r,9.397940008672037
2g9q,6.3979400086720375
2o2u,6.3979400086720375
2qtu,9.275724130399212
2ok1,6.259637310505756
3bgz,6.259637310505756
2yxj,9.301029995663981
2oyl,6.301029995663981
2v0n,6.301029995663981
2p94,9.173925197299173
2o7e,6.221848749616356
2p2a,6.1249387366083
2z9g,6.154901959985743
2flr,6.096910013008056
2ql9,9.0268721464003
2q54,9.008773924307505
2hw2,2.9706162223147903
2on3,9.0
2p4j,8.958607314841775
2onz,8.886056647693163
2eg7,5.886056647693163
2qlb,5.886056647693163
2obf,8.853871964321762
2qlf,8.853871964321762
2oc7,5.853871964321762
2pu1,5.853871964321762
2z94,5.853871964321762
2hvc,8.823908740944319
2p93,8.823908740944319
3b7i,5.823908740944319
2uz6,8.769551078621726
2psx,5.769551078621726
2opb,8.744727494896694
2uz9,5.707743928643524
2i4x,11.721246399047171
2hob,5.721246399047171
2qrl,4.0
3b3c,3.978810700930062
2hah,8.0
3b92,8.0
2oym,5.0
2qe4,7.958607314841775
2v3d,3.9355420107730814
2oc9,7.958607314841775
2p3a,7.958607314841775
2q15,7.958607314841775
3bgq,7.958607314841775
2o9j,6.920818753952375
2oa0,6.920818753952375
2cem,7.920818753952375
2ovv,7.920818753952375
2jnp,6.886056647693163
2ovz,7.886056647693163
2fle,7.853871964321762
2oz7,7.853871964321762
2p8o,4.853871964321762
2uwp,6.812479279163537
2f9v,7.823908740944319
2oc0,7.823908740944319
2ptz,7.823908740944319
2pu0,7.823908740944319
2jal,4.823908740944319
2pwg,4.823908740944319
2nta,4.795880017344075
2on6,6.764471553092451
2iyf,3.7512912643990823
2g70,7.769551078621726
2jh6,7.769551078621726
1vso,4.721703791908726
2p3d,6.7447274948966935
2e2p,4.7447274948966935
2o1c,4.721246399047171
2i4t,9.0
2rcx,9.0
2q55,8.6903698325741
2i4d,11.67778070526608
2oax,8.651305809734458
2op9,5.657577319177793
2ojg,5.638272163982407
2cej,8.619788758288394
2i4w,11.585026652029182
2r5q,8.568636235841012
2i4u,11.568636235841012
2np9,5.568636235841013
2onb,5.568636235841013
2itk,7.690369832574102
2jew,6.686132779630847
2psj,7.698970004336019
2fu8,4.698970004336019
2ony,6.6777807052660805
2za3,3.677780705266081
2h15,5.670602120638957
2o9r,1.6777807052660807
2uy4,4.6777807052660805
2hl4,7.638272163982407
2z3h,4.638272163982407
2it4,1.6179829574251317
2vfz,3.6108339156354674
2p3c,7.619788758288394
2psu,7.619788758288394
2ihj,4.590066876668706
3b3x,3.6020599913279625
2gvf,7.6020599913279625
2o8h,7.6020599913279625
2q80,4.6020599913279625
2jiw,4.585026652029182
2r9b,6.567030709125595
3b3s,2.5528419686577806
2oi0,7.552841968657781
2v96,4.5376020021010435
2jh0,8.698970004336019
2nnq,8.698970004336019
2oaz,8.698970004336019
2ojj,8.698970004336019
2uwo,8.698970004336019
2oqi,8.494850021680094
2o0u,5.494850021680094
2uy5,5.494850021680094
2p3b,8.481486060122112
2r5p,8.481486060122112
2oag,8.468521082957745
2i2b,2.4436974992327127
2ima,6.522878745280337
2o4h,6.522878745280337
2eg8,4.497572880015567
2g72,6.501689446210399
2cfd,7.494850021680094
2hhn,7.494850021680094
2r2w,4.468521082957745
2g71,7.455931955649724
2p53,7.455931955649724
2jh5,6.43533393574791
2cfg,7.443697499232712
2oxn,7.443697499232712
2i72,7.431798275933005
2pou,7.42021640338319
2oc2,8.522878745280337
2qu6,8.522878745280337
2nnk,8.366531544420413
2nnp,8.366531544420413
2nmy,8.366531544420413
2nmz,8.366531544420413
2glm,5.366531544420414
2oc1,5.366531544420414
2qlj,5.356547323513812
2gkl,5.346787486224656
2j62,11.337242168318426
2pwd,4.3979400086720375
2j95,8.397940008672037
2ovy,8.397940008672037
2oqv,8.397940008672037
2uwl,8.397940008672037
2pbw,8.254925208417943
2qft,5.259637310505756
2jfz,5.236572006437063
2nwn,6.301029995663981
2uxx,3.3010299956639813
2j94,6.272458742971444
2ql7,6.259637310505756
2qzr,7.259637310505756
2qrk,4.259637310505756
2o4z,6.247183568811728
2obo,7.2441251443275085
2psv,7.236572006437063
2q38,5.22548303427145
2cen,8.301029995663981
2q5k,11.301029995663981
2oyk,5.301029995663981
2jds,8.200659450546418
2jdv,8.200659450546418
2i4v,11.200659450546418
2qdt,5.187086643357144
2uy3,3.2218487496163566
2h6t,7.221848749616356
2q3z,7.221848749616356
2pow,7.200659450546418
3b3w,4.187086643357144
2qfu,4.180456064458132
2o22,7.173925197299173
2v2q,4.147520006363144
2pov,7.1249387366083
2q1q,8.154901959985743
2q70,8.080921907623926
2qu5,8.060480747381382
2z1w,4.080921907623926
2v2v,4.066512712151295
2oc4,7.0655015487564325
2oji,7.0655015487564325
2jfh,3.0604807473813813
2ql5,8.096910013008056
2glp,5.013228265733755
2q11,6.045757490560675
2q8m,4.026872146400302
3bea,8.154901959985743
2ow7,4.853871964321762
3bel,7.853871964321762
2vv9,7.769551078621726
2vcx,7.6777807052660805
3ctj,7.455931955649724
3cst,7.4089353929735005
3d4q,10.522878745280337
2r64,7.522878745280337
2rgp,7.522878745280337
2w3l,7.522878745280337
3bmy,7.522878745280337
3c1x,7.346787486224656
3cp9,7.318758762624412
2rc9,7.3979400086720375
2vwx,7.3979400086720375
3dog,7.3979400086720375
3br9,7.2076083105017466
3d7h,10.221848749616356
2r7b,7.221848749616356
3ddp,7.142667503568732
2vwy,7.045757490560675
2z7i,7.0
3dct,6.950781977329818
3bjc,6.958607314841775
3cth,6.958607314841775
3bi1,9.920818753952375
3cwe,6.920818753952375
3ej1,6.920818753952375
2vd1,6.860120913598763
3f5p,6.853871964321762
2vgp,6.853871964321762
3e7b,9.795880017344075
2q8s,6.732828271596986
3bm9,6.721246399047171
3e7a,10.0
2qc6,7.0
3di6,7.0
3c45,9.67778070526608
3ddq,6.6777807052660805
2vx1,6.657577319177793
3eoc,6.638272163982407
2vww,6.619788758288394
3drp,9.698970004336019
2vwu,6.455931955649724
2jdl,9.431798275933005
2q94,6.431798275933005
2z7r,9.522878745280337
2rc8,6.522878745280337
3c10,6.522878745280337
3bv2,9.356547323513812
3eid,6.346787486224656
3bv3,9.337242168318426
3el7,6.318758762624412
3e2m,9.397940008672037
3drr,9.397940008672037
2q93,6.251811972993799
2qyn,6.2441251443275085
2qu3,6.229147988357856
3b8q,9.301029995663981
3bys,9.301029995663981
3d7f,9.301029995663981
3drs,9.301029995663981
2w4i,6.301029995663981
2qyl,6.187086643357144
3dwb,6.187086643357144
3b8r,9.221848749616356
2ze1,6.221848749616356
2z4y,6.1487416512809245
3db6,6.136677139879544
2z78,6.119186407719209
2vwz,6.100179497572904
3bhx,9.154901959985743
2zdz,6.154901959985743
3byu,9.096910013008056
3ds6,9.096910013008056
2vcq,6.036212172654444
2z4w,6.008773924307505
2qa8,6.00436480540245
3f66,6.045757490560675
2q92,5.958607314841775
2q96,5.920818753952375
3c6u,8.869666231504993
2viq,5.886056647693163
2rib,2.8239087409443187
2r4f,8.823908740944319
3bz3,8.823908740944319
2vtr,5.823908740944319
3bet,5.823908740944319
3dpd,5.779891911959945
2vcg,5.772113295386326
2q95,5.795880017344075
3e63,5.795880017344075
3cs8,5.769551078621726
2z4z,5.730487055782084
3ce3,8.744727494896694
2viy,5.7447274948966935
2pjc,8.721246399047171
2vtj,5.721246399047171
3c4f,5.721246399047171
2r3k,7.0
2r3l,7.0
3c4e,4.0
2uup,3.978810700930062
2r3j,8.0
2r3m,8.0
3dej,8.0
3fc1,8.0
2z50,4.950007143079858
3bh8,7.950781977329818
3bpr,4.94692155651658
2rjr,1.9355420107730816
2vd0,4.935542010773082
3bh9,6.93218548883816
2zva,7.958607314841775
2pks,4.958607314841775
3ccn,6.920818753952375
3e7o,6.920818753952375
2vth,3.9208187539523753
2vte,3.9136401693252516
3dy6,6.899629454882437
2pj9,7.920818753952375
2pj2,7.920818753952375
3chd,4.920818753952375
2zas,7.856985199745905
3dda,3.876148359032914
2onc,7.886056647693163
2pj4,7.886056647693163
2vj6,7.886056647693163
2vto,6.853871964321762
2vtq,6.853871964321762
3deh,6.826813731587726
3bi0,7.853871964321762
3cib,7.853871964321762
3d7d,7.853871964321762
3ehw,4.818156412055227
3cqu,6.82102305270683
3eqb,1.8239087409443189
2pj5,7.823908740944319
3c4c,6.795880017344075
2vo7,6.774690718274137
2ea2,7.795880017344075
2vwv,4.795880017344075
2jkm,7.750557038557417
2piz,6.769551078621726
2uuo,3.769551078621726
2pj7,7.769551078621726
3chs,7.769551078621726
3d7g,7.769551078621726
2qn1,4.769551078621726
2ph8,5.7447274948966935
2vj9,6.7447274948966935
2vta,3.7328282715969863
2pj8,7.7447274948966935
2vd4,4.7447274948966935
2pjb,7.721246399047171
2zjf,7.721246399047171
3c43,7.721246399047171
2vin,3.0
2vtm,3.0
2r2l,9.0
2w05,9.0
2qh6,6.0
2r3i,6.0
3f69,6.0
2k31,8.698970004336019
3c6t,8.675717544702307
2pja,8.657577319177793
2rg6,8.657577319177793
3cjo,8.657577319177793
3dt1,8.619788758288394
2qnx,5.619788758288394
3bqn,8.602059991327963
3cbp,5.6020599913279625
2z52,5.570247719997592
2zlg,5.585026652029182
2ria,2.5686362358410126
2qo1,5.568636235841013
3daj,5.537602002101044
3f07,5.537602002101044
3bwf,9.698970004336019
2e9o,7.698970004336019
2piy,7.698970004336019
3chq,7.698970004336019
2r3h,4.698970004336019
3c7q,7.6777807052660805
3c72,4.6439741428068775
2zm1,6.657577319177793
3eio,6.651695136951839
2pre,6.647817481888637
3d14,7.657577319177793
2qlq,6.627087997029894
3eyl,6.6020599913279625
2zp0,7.6020599913279625
3el8,7.6020599913279625
2v13,7.585026652029182
3cgf,6.568636235841013
3cm7,6.568636235841013
2qzk,7.568636235841013
3dek,7.568636235841013
3cho,6.552841968657781
2qn2,4.552841968657781
2ow6,2.6989700043360187
2vnn,8.698970004336019
2w17,8.698970004336019
3be2,8.698970004336019
3cn0,5.511449283499556
2rg5,8.508638306165727
2qyk,5.481486060122113
3bhb,8.468521082957745
3bx5,8.455931955649724
2rf2,8.443697499232712
2qu2,5.431798275933005
2qnz,5.42021640338319
2vts,7.522878745280337
2zmj,7.522878745280337
3e01,7.522878745280337
2vl8,4.522878745280337
3ccb,4.522878745280337
2zlf,4.508638306165727
3d4l,7.494850021680094
2vie,7.481486060122112
3bsc,4.481486060122113
2pt9,4.455931955649724
2vqj,6.43533393574791
3dm6,7.431798275933005
3bgm,7.414539270491499
2ow3,8.522878745280337
2qmf,8.522878745280337
2vaq,8.522878745280337
2vnm,8.522878745280337
2vtp,8.522878745280337
3cic,8.522878745280337
3dcv,8.522878745280337
3dya,8.522878745280337
3cgo,5.522878745280337
2v22,5.3872161432802645
3chf,5.366531544420414
2qaf,5.356547323513812
3bgl,8.346787486224656
2qve,2.318758762624413
3eql,5.30189945437661
3e62,4.388276691992658
2vj7,7.3979400086720375
3ctq,7.3979400086720375
3ddu,7.3979400086720375
3dei,7.3979400086720375
2vio,4.3979400086720375
2ei6,7.3872161432802645
3cqw,7.376750709602099
3dbd,7.376750709602099
2vtt,7.356547323513812
2vrx,7.346787486224656
2ea4,7.337242168318426
2vu3,7.327902142064283
2pj6,7.309803919971486
2rl5,8.397940008672037
3bl7,8.397940008672037
3efw,8.397940008672037
3ekn,8.397940008672037
3elj,5.300162274132754
2rku,8.301029995663981
3che,5.292429823902063
2vip,5.2839966563652006
2rjs,2.275724130399211
2qq7,5.243363891754152
2vvt,5.236572006437063
2r3f,6.301029995663981
2vgo,6.301029995663981
3ch9,3.3010299956639813
2viv,6.2839966563652006
3chp,5.267606240177032
3d27,4.2541448048262716
3cj3,4.2441251443275085
2qmd,8.301029995663981
3bc5,8.301029995663981
3cid,8.301029995663981
2vj1,5.301029995663981
3b9s,5.301029995663981
2jkk,8.204815410317575
2e9n,8.207608310501746
2vvo,2.2006594505464183
3cjf,8.200659450546418
3dcr,8.200659450546418
2pmn,5.200659450546418
3c5u,8.193820026016112
2pj3,8.18045606445813
3eht,5.167491087293763
2r3o,6.221848749616356
2viz,6.218244625347531
3cy2,7.221848749616356
3chr,7.214670164989233
2zdx,3.1884249941294067
2rip,7.187086643357144
3ee2,4.187086643357144
2vti,6.180456064458132
2r4b,7.180456064458132
3bl9,7.180456064458132
3ecn,3.156144577376839
2qzx,8.221848749616356
2v16,8.221848749616356
3bym,8.221848749616356
3bki,5.119186407719209
2jko,8.113509274827518
2jkq,8.113509274827518
2r3n,7.154901959985743
2viw,7.142667503568732
3dbs,7.1249387366083
2zof,8.154901959985743
3byo,8.154901959985743
2pj0,8.09151498112135
3ens,8.050609993355087
2r3g,6.096910013008056
2vle,7.096910013008056
2qiq,4.096910013008056
3chc,4.0915149811213505
2w06,7.080921907623926
2vtn,6.070581074285707
2vtd,4.070581074285707
2pjt,6.0655015487564325
2vcw,3.050609993355087
2qk5,8.096910013008056
2qp8,8.096910013008056
2qzl,8.096910013008056
3ccc,8.096910013008056
2zdt,8.017728766960431
2pj1,8.013228265733755
2r3p,6.045757490560675
3ddb,4.022276394711152
2vqm,6.009661145212399
2vtl,4.013228265733755
2qhn,6.008773924307505
3db8,7.00436480540245
2jjk,8.045757490560675
2zv9,8.045757490560675
3cd8,8.045757490560675
2z8e,8.0
2q2a,7.4089353929735005
2rkn,7.221848749616356
3e64,7.107905397309519
2vt3,4.154901959985743
3c49,7.154901959985743
2zmd,7.008773924307505
3exe,6.958607314841775
3cow,6.903089986991944
3bu8,6.920818753952375
2vpn,6.721246399047171
3bxz,6.721246399047171
3diw,6.721246399047171
2uyw,13.0
3dab,6.6777807052660805
2qky,9.607303046740334
2jgs,6.619788758288394
2vwc,6.619788758288394
2qpu,3.6020599913279625
3bb1,3.6020599913279625
2p7z,6.581698708680254
2p7g,6.527243550682788
3d0b,6.537602002101044
3exf,6.537602002101044
3c7n,6.698970004336019
3bva,6.522878745280337
2jkt,6.508638306165727
3cj4,6.508638306165727
2phb,9.494850021680094
3bum,6.494850021680094
2p3i,3.4814860601221125
2q2n,6.481486060122113
3cph,6.481486060122113
3d2e,6.42021640338319
2jql,6.522878745280337
2w0p,6.522878745280337
2q2c,6.376750709602099
3c2o,3.3467874862246565
3cj5,6.337242168318426
2zb1,6.318758762624412
2pvu,6.309803919971486
2vx0,6.236572006437063
2w0s,3.3010299956639813
2jg8,6.301029995663981
2or9,6.301029995663981
2q89,6.301029995663981
2vrj,6.301029995663981
3ebl,6.301029995663981
2zm3,6.211831628858833
3bun,6.214670164989233
2qbu,6.1904402853647325
3dxj,6.221848749616356
3bti,6.142667503568732
2p7a,6.103473782510445
3c2r,3.1079053973095196
3ce0,6.154901959985743
3dst,9.080921907623926
2jkr,6.070581074285707
3buo,6.055517327849832
2z92,9.096910013008056
3cii,6.096910013008056
2vmd,3.0222763947111524
3coy,6.017728766960432
3cfv,6.045757490560675
3ckb,2.9829666607012197
3btl,5.962573502059376
2rcn,6.0
2z97,6.0
2vmc,2.939302159646388
3cfs,5.958607314841775
2pmk,5.920818753952375
3bim,5.87942606879415
2k2r,2.886056647693163
3bu6,5.886056647693163
3eeb,5.886056647693163
3buw,5.826813731587726
3e5u,5.853871964321762
2zju,5.80771138743188
3e1r,5.823908740944319
2q88,5.795880017344075
3btc,5.752026733638194
3d1e,5.769551078621726
3eg6,5.769551078621726
2vyt,2.7351821769904636
3eml,8.744727494896694
3bzi,5.7447274948966935
2pqc,5.7447274948966935
3d1f,5.7447274948966935
2oz2,5.714442690992226
3bt9,5.709965388637482
3c2f,1.9956786262173574
3bxg,4.959397659885927
3bbb,7.0
2rin,4.0
3chg,3.9913998282380825
2rnw,2.978397283971758
3c39,3.962573502059376
2r6f,8.0
3c9e,8.0
2jqi,5.0
2vpe,4.943095148663527
2vo4,4.935542010773082
2eh8,7.958607314841775
2jb6,10.958607314841775
3cd5,7.896196279044043
2vuk,3.9030899869919438
3exh,4.882728704344236
2z6w,7.872895201635193
3ccw,7.8696662315049934
3cd7,7.844663962534938
3ds0,4.826813731587726
2vmf,5.853871964321762
2k4i,3.844663962534938
3ck8,3.835647144215563
3e6v,6.8326826652518236
3c84,7.853871964321762
3cj2,4.853871964321762
2jk9,6.823908740944319
2pym,6.823908740944319
3bl2,5.801342913045577
3cyy,4.774690718274138
2rcb,6.787812395596042
2r1x,4.795880017344075
2zpk,7.756961951313706
3cpj,4.723538195826756
2w68,4.7447274948966935
2r23,3.721246399047171
2vfk,3.712198270069774
3d9k,4.721246399047171
3f9w,4.721246399047171
3bze,6.0
3ds1,5.698970004336019
2k0x,5.6777807052660805
3b5j,5.6777807052660805
3f17,8.627087997029893
3bux,5.627087997029894
2qry,8.638272163982407
2reg,5.638272163982407
3btj,5.619788758288394
3c6w,5.619788758288394
2jst,2.585026652029182
3bex,5.568636235841013
3coz,5.568636235841013
3bxf,5.542118103266008
2rio,4.690369832574102
3bra,2.6989700043360187
2emt,6.696803942579511
3clp,3.6880343396316335
3f3e,7.698970004336019
2k62,4.698970004336019
2qfo,4.698970004336019
3ew2,6.667561540084395
2rny,3.6615435063953954
2qv7,3.6595558851598815
3f8c,7.6777807052660805
3fat,7.642065152999546
3ery,5.657577319177793
3buh,3.657577319177794
3cf1,6.638272163982407
3f8f,6.627087997029894
2z4r,7.619788758288394
2k00,4.619788758288394
3cwk,6.6020599913279625
2pyy,4.6020599913279625
2r1w,4.6020599913279625
3d7k,4.6020599913279625
3cda,7.580044251510242
2k46,4.580044251510242
3cd0,7.570247719997592
2v7d,6.585026652029182
3cct,7.562249437179612
2jiu,7.559090917934782
2pyn,7.568636235841013
3b2q,4.552841968657781
3d9p,4.5376020021010435
3brn,8.698970004336019
2zbk,5.698970004336019
3c4h,5.698970004336019
3eks,5.698970004336019
2q64,8.522878745280337
3c1n,5.504455662453552
2qtr,5.494850021680094
3bvb,5.494850021680094
3bxe,5.476253533188435
2qic,5.481486060122113
2zkj,5.481486060122113
3d2r,5.481486060122113
2vc9,8.443697499232712
2vpo,5.42021640338319
3bzf,4.522878745280337
2r0h,3.5086383061657274
2r1y,4.508638306165727
3f9y,4.494850021680094
3d9m,3.4814860601221125
3d32,6.450996737974212
2zit,4.455931955649724
3b82,4.431798275933005
2qtn,3.417936637088291
2zdm,6.413412695328245
3f18,7.403402904373539
3bf1,2.5228787452803374
2vw5,8.522878745280337
2vnf,5.522878745280337
3b4p,5.3979400086720375
3f6e,2.382999658879101
2zdl,6.39577394691553
2rnx,3.39577394691553
2qhr,7.3872161432802645
3c3r,4.3872161432802645
2pr9,7.374687549038326
2zdk,6.368556230986828
3dp4,7.366531544420414
2zif,4.366531544420414
3c3o,4.356547323513813
3feg,4.346787486224656
3c3q,4.318758762624412
3bbf,5.2839966563652006
3coj,5.2839966563652006
2oz6,5.259637310505756
2vcb,5.259637310505756
2k3w,5.236572006437063
3f16,8.228412519118745
2vvn,7.301029995663981
2q7y,4.301029995663981
3ccz,7.286509456906058
3f48,6.29073003902417
3cr4,4.275724130399211
2zdn,6.250263684430939
2qbw,7.251811972993799
3bjm,8.301029995663981
3btr,5.301029995663981
3ds3,5.221848749616356
3b2t,5.20690839982342
2pqj,8.198596289982644
3blr,8.193820026016112
3ctr,5.158640529545145
2jb5,9.221848749616356
3cyu,7.221848749616356
3f80,4.221848749616356
3f1a,7.213958789757446
3b8h,4.195860567664649
2pqb,7.200659450546418
3c79,7.200659450546418
3eov,7.200659450546418
2r2b,4.200659450546418
3ds4,4.1904402853647325
2pmc,4.189095719331299
3cr5,4.1938200260161125
3f19,7.186419011431808
2qhm,6.180456064458132
3bug,3.1804560644581312
2q63,7.180456064458132
2pl9,4.17134010346468
2vxj,4.167491087293763
3d9l,4.167491087293763
3f3d,7.161150909262744
2rfy,5.221848749616356
3bu1,8.148741651280925
2zjv,5.139063379299906
2k2g,8.1249387366083
3f15,8.103473782510445
2pnx,5.102372908709558
2r75,6.146301788223826
3cgy,3.1456939581989194
3d2t,7.1249387366083
3e6k,5.154901959985743
2zg1,2.0969100130080562
2zg3,2.0604807473813813
3d62,6.096910013008056
3buf,3.0969100130080562
3b78,4.096910013008056
3ck7,4.050609993355088
3d9n,4.045757490560675
3bxh,4.025304128090317
3dsu,7.026872146400302
3eyf,7.026872146400302
3cdb,7.019088062223156
2qbp,8.397940008672037
3e0p,7.920818753952375
3c56,7.886056647693163
2qi5,10.853871964321762
2qi6,10.568636235841012
2qi4,10.443697499232712
2qbq,7.443697499232713
2r38,7.443697499232713
3ekr,7.522878745280337
2p59,7.301029995663981
3c52,7.301029995663981
2qi7,10.207608310501746
2qi3,10.200659450546418
2qnn,7.154901959985743
2r3w,6.892790030352131
2vnp,9.920818753952375
3bc3,6.809668301829708
2rfh,6.823908740944319
2zq0,6.823908740944319
2v2h,3.769551078621726
3e8r,9.744727494896694
2qbs,6.6777807052660805
2za0,6.638272163982407
2zb0,6.619788758288394
2pwr,6.585026652029182
2pvh,6.585026652029182
2z4o,9.568636235841012
2pwc,6.568636235841013
3bm8,3.537602002101044
2vh6,9.698970004336019
3eko,6.698970004336019
2p4s,9.508638306165727
2r6y,9.494850021680094
2qf6,6.494850021680094
3blu,3.4559319556497243
2pvn,9.455931955649724
3c1k,9.443697499232712
2pvm,6.443697499232713
2v2c,3.408935392973501
2qnp,6.4089353929735005
2vw1,3.5228787452803374
3ckp,6.347753658996677
2r6w,9.356547323513812
2qbr,6.327902142064283
2w26,9.397940008672037
2zaz,6.3979400086720375
3b65,9.267606240177031
2vw2,3.3010299956639813
2osm,6.199970640755866
2qrp,6.200659450546418
3bkl,6.168130225719499
2ri9,3.2218487496163566
2qnq,6.113509274827519
2qmg,9.154901959985743
3d91,9.154901959985743
3bh3,6.154901959985743
2qd7,9.096910013008056
2rkf,9.080921907623926
3bkk,6.080921907623926
2qd8,9.070581074285707
3cke,6.096910013008056
3bgb,6.045757490560675
3d04,6.045757490560675
2vqt,6.0
2z7g,8.94692155651658
2qhc,8.958607314841775
3c2u,2.9030899869919438
2v6n,5.860120913598763
3b67,8.853871964321762
3e93,8.853871964321762
2r3t,5.853871964321762
2zcq,8.823908740944319
3d1z,8.795880017344075
3b5r,8.769551078621726
3bqc,5.732828271596986
2vkm,8.744727494896694
2rkd,2.721246399047171
3ckz,8.721246399047171
2qg0,5.721246399047171
2w54,6.984640244590786
3cyx,8.0
3e92,8.0
3d1g,5.0
2vi5,3.958607314841775
2z7h,6.939302159646388
2vjx,4.958607314841775
3d67,4.958607314841775
2e9v,7.899974269892137
3cf8,4.896196279044043
2uy0,6.920818753952375
3bl0,6.91721462968355
2qw1,3.9030899869919438
2q7o,7.920818753952375
3d7z,7.920818753952375
3f0r,6.886056647693163
2zcr,6.8696662315049934
2zn7,7.886056647693163
2vo5,4.886056647693163
3d4z,4.886056647693163
3cf9,4.826813731587726
3ewj,6.844663962534939
2osf,3.8297382846050425
1w12,7.853871964321762
3dd8,7.853871964321762
3efk,7.853871964321762
2r9x,4.853871964321762
2ra0,7.798602875679548
3c88,6.804100347590766
3d94,6.804100347590766
3czv,7.795880017344075
3fas,6.767003889607846
2pyi,3.7471469690201067
3cyw,7.769551078621726
3d50,4.769551078621726
2zc9,6.7447274948966935
2zgx,6.7447274948966935
2jt5,7.7447274948966935
3b7u,7.7447274948966935
2qrh,4.707743928643524
3b9g,4.721246399047171
2rka,3.0
2p4y,9.0
2r43,6.0
3ddg,6.0
3bar,5.698970004336019
2pqz,5.667561540084395
2qd6,8.67778070526608
2q8z,5.6777807052660805
2vr4,5.6777807052660805
3d1x,8.657577319177793
2qlm,5.638272163982407
3bl1,5.598599459218456
3b66,8.602059991327963
2qp6,6.681936665037238
3b7r,7.698970004336019
2ves,7.698970004336019
1w0z,7.6777807052660805
2p1c,7.6777807052660805
3cs7,10.67778070526608
2yz3,6.657577319177793
3ddf,4.657577319177793
3egk,4.657577319177793
2rk8,3.6382721639824074
3dln,6.603800652904264
2pvl,7.619788758288394
3be9,7.619788758288394
3cl2,7.586700235918748
2jt6,7.6020599913279625
2zmm,7.6020599913279625
2v54,4.6020599913279625
3djk,10.585026652029182
1w10,7.552841968657781
1w13,8.698970004336019
2vj8,8.698970004336019
3bla,8.698970004336019
3eqr,8.698970004336019
3d4y,5.698970004336019
2vh0,8.508638306165727
3bmq,5.494850021680094
2uxz,8.481486060122112
2qo8,8.468521082957745
2q6f,5.443697499232713
2za5,8.431798275933005
2qln,5.431798275933005
3bft,6.490797477668897
2qhy,7.481486060122112
3cm2,6.468521082957745
2q9y,4.443697499232712
2pu2,4.431798275933005
3bgs,9.42021640338319
2vr0,4.42021640338319
3efj,7.4089353929735005
1w14,8.522878745280337
2qg2,5.3979400086720375
3d83,8.356547323513812
2qn3,5.356547323513812
3bv9,5.356547323513812
3bc4,5.346787486224656
3e9b,5.346787486224656
2qci,8.337242168318426
2qnb,5.337242168318426
3ds9,7.3872161432802645
2qi0,7.376750709602099
2vc7,3.3638131048012756
2vl1,1.3467874862246563
2pnc,3.33161408331
2vvs,7.337242168318426
2r2m,7.326979092871103
2z3z,4.311580177997289
2qtt,4.318758762624412
2vsl,8.397940008672037
2zda,8.397940008672037
3b68,8.397940008672037
3d0e,8.397940008672037
3ckr,5.300943145452332
3dyo,2.3010299956639813
3bmo,5.267606240177032
3cen,8.259637310505756
3e16,5.2380721615794705
3e5a,8.229147988357855
2qi1,7.301029995663981
3d52,3.283996656365201
2qoa,7.2839966563652006
3bfu,6.274905478918531
2qhz,7.275724130399211
2ole,7.250263684430939
2jkp,4.229147988357856
2jke,4.229147988357856
2pvk,8.301029995663981
2rd6,8.301029995663981
3d20,8.301029995663981
2vk6,5.301029995663981
3bcs,5.214670164989233
2r59,8.187086643357144
2qrg,5.180456064458132
2zfp,5.167491087293763
3b7j,5.167491087293763
2epn,7.221848749616356
2qmj,4.207608310501746
3f3a,4.188424994129407
3c8a,6.180456064458132
2jk7,7.173925197299173
3d3x,4.161150909262744
1w11,8.221848749616356
2zcs,8.221848749616356
3d1y,8.221848749616356
3d9v,8.221848749616356
3b4f,8.142667503568731
2pq9,8.10790539730952
2e9u,8.100179497572904
2qrq,5.102372908709558
3bbt,6.154901959985743
3d51,4.154901959985743
2vot,7.142667503568732
3c8b,6.104577453960592
2rkg,8.086186147616283
2qtg,5.080921907623926
2v77,5.060480747381382
2rke,4.0835460514500745
3cl0,7.071604147743286
3c89,6.073143291050307
2eep,7.055024091587952
2rk7,4.050609993355088
2pvj,8.096910013008056
2rcw,8.096910013008056
3caj,8.096910013008056
2r9w,5.096910013008056
3bxs,5.096910013008056
3bgc,5.017728766960432
2vnt,8.00436480540245
2qrm,4.0338582672609675
3f3c,6.022276394711152
3dc2,3.0222763947111524
2vl4,6.010995384301463
3emg,8.045757490560675
3fz1,7.920818753952375
3h59,7.886056647693163
3g9e,7.721246399047171
2w1c,8.0
2wev,8.0
3cvk,8.0
3d5m,8.0
3gur,8.0
2wez,7.638272163982407
3ii5,7.619788758288394
3hmm,7.6020599913279625
3gxl,7.6020599913279625
3igv,7.6020599913279625
3ig6,7.6020599913279625
3hf6,7.585026652029182
3fei,7.698970004336019
3g8i,7.42021640338319
3fyk,7.3979400086720375
3gyn,7.214670164989233
3ff6,7.154901959985743
3hp5,7.154901959985743
3gol,7.0915149811213505
2w3k,10.096910013008056
3fxv,7.026872146400302
2w6n,6.903089986991944
3jpv,6.920818753952375
3du8,6.835647144215563
3kvx,6.8297382846050425
3g42,6.853871964321762
3fui,6.804100347590766
3kb3,6.823908740944319
3fv8,6.795880017344075
3fun,6.723538195826756
3hng,6.7447274948966935
2w3i,10.0
3c7p,10.0
3hd3,7.0
2wf0,6.6777807052660805
2wtd,6.6777807052660805
3iej,6.657577319177793
2wbd,6.638272163982407
2wi6,6.638272163982407
3kah,6.585026652029182
3ej5,3.5686362358410126
3il6,6.568636235841013
3g6z,9.698970004336019
3i06,9.698970004336019
3k3b,6.698970004336019
2wtc,6.508638306165727
2w6p,6.47755576649368
2w71,6.476253533188435
3hr1,9.431798275933005
2waj,6.400116927926312
2wmw,6.4089353929735005
3hqz,9.3767507096021
3fr5,6.346787486224656
3gw5,9.327902142064282
3k48,6.309803919971486
3g70,9.397940008672037
3g3n,6.292429823902063
2wo8,6.2839966563652006
2wqb,6.267606240177032
3fqh,6.2441251443275085
3dv1,6.229147988357856
3fr2,6.229147988357856
2zv2,6.301029995663981
3g1m,6.301029995663981
3fr4,6.187086643357144
3hp2,6.167491087293763
3fnu,6.161150909262744
3gc7,9.221848749616356
3fej,6.130768280269024
2wtj,6.154901959985743
3fpd,6.154901959985743
3eq7,9.09151498112135
3kaf,6.080921907623926
2wmx,6.0655015487564325
3hw1,3.0604807473813813
3fc2,9.060480747381382
3eq8,9.05551732784983
3g72,9.096910013008056
3djf,6.096910013008056
2wi5,6.045757490560675
2w1d,6.040958607678906
2wbb,6.036212172654444
3jzb,9.013228265733755
2zoq,6.045757490560675
3ezv,5.982966660701219
3fy0,5.962573502059376
2woa,5.939302159646388
3ft4,5.931814138253839
3jzk,5.910094888560602
2w1i,8.920818753952375
3hyf,5.920818753952375
3a4o,8.886056647693163
3e0q,5.886056647693163
3f9n,5.886056647693163
3fci,5.886056647693163
3dp0,5.847711655616943
3k3g,2.853871964321762
3d28,5.853871964321762
3duy,5.853871964321762
3dp2,5.823908740944319
3doy,5.818156412055227
3dp3,5.818156412055227
2wi4,5.806875401645539
3fzs,5.823908740944319
3ftw,2.7772835288524167
3eyg,8.795880017344075
3idp,8.795880017344075
3il5,5.795880017344075
2zvj,5.7447274948966935
3hj0,5.707743928643524
3doz,5.703334809738469
3k3i,5.721246399047171
3fmr,7.97469413473523
3fck,4.0
3hy7,6.97469413473523
3fu6,3.9746941347352296
3h2a,3.962972120244225
3co9,8.0
3cwj,8.0
3ezr,5.0
3fmq,7.954677021213342
3hqy,7.939302159646388
3hhm,7.924453038607469
3jzq,6.958607314841775
3ftv,2.9329291439546297
3e3b,7.958607314841775
3fzr,7.958607314841775
3hxf,4.958607314841775
2w70,4.920818753952375
3dgq,4.920818753952375
3hha,7.8996294548824375
2w1e,7.920818753952375
3fi3,7.920818753952375
3fxz,6.886056647693163
3h03,3.869666231504994
2wf4,7.886056647693163
3a29,7.886056647693163
3e3u,7.886056647693163
3f8s,7.886056647693163
3i81,7.886056647693163
3h3c,6.853871964321762
3fu3,2.840733668906506
3e51,7.853871964321762
3eta,7.853871964321762
2w6z,2.8239087409443187
2v5a,6.823908740944319
3fue,2.8210230527068307
3dz6,7.823908740944319
3ft5,4.823908740944319
3h0v,4.823908740944319
3fal,6.782516055786093
3kba,7.795880017344075
3kce,4.795880017344075
3fum,3.769551078621726
3et7,7.769551078621726
3hy9,7.769551078621726
3h23,4.714442690992226
3gwu,4.7055337738384075
3h21,4.703334809738469
2wf3,7.721246399047171
3e8n,7.721246399047171
3eka,3.0
3i0s,9.0
2w0d,8.698970004336019
3ik3,8.698970004336019
3iw4,8.67778070526608
3jsi,8.67778070526608
3ha6,5.6777807052660805
3f88,8.638272163982407
3gwv,2.595166283380062
2wgs,5.6020599913279625
2zis,8.55284196865778
3g6g,8.55284196865778
3kfc,8.55284196865778
3fkt,5.552841968657781
3jzc,8.531652669587842
3hc8,8.537602002101044
3ex2,3.6989700043360187
2who,7.698970004336019
2zyb,7.698970004336019
3eyh,7.698970004336019
3dg8,4.698970004336019
2w6m,4.667561540084395
3fup,7.663540266151471
3fhr,6.6777807052660805
3h2n,3.672436739812722
3fts,3.6736641390712483
3h2m,3.6675615400843946
3hrb,7.6777807052660805
2w12,4.653647025549361
3cde,7.657577319177793
3d25,7.657577319177793
3dv5,7.657577319177793
3hv6,5.638272163982407
3fuj,3.630784142589857
2w0j,6.619788758288394
3f7u,6.609064892896621
3ftu,3.607303046740334
2w7x,7.619788758288394
3ewu,4.619788758288394
3exo,4.619788758288394
2w6q,4.595166283380062
3h2o,4.586700235918748
3ejs,6.6020599913279625
3eju,6.6020599913279625
3jzp,6.6020599913279625
2wcx,7.6020599913279625
3fi2,7.6020599913279625
3kfa,7.6020599913279625
2wf2,7.585026652029182
3dtc,7.585026652029182
2wu6,7.534617148551582
3dga,4.52432881167557
3h06,3.5346171485515816
3hvg,2.6989700043360187
2wf1,8.698970004336019
3da6,8.698970004336019
3hwn,8.698970004336019
3d3p,8.500312917381596
3gfe,8.494850021680094
3h0b,5.494850021680094
2wei,8.468521082957745
3kl6,8.455931955649724
3gs7,5.443697499232713
2w6c,8.4089353929735
3kai,5.4089353929735005
3ft8,7.522878745280337
2vur,4.522878745280337
3g4f,4.522878745280337
3ksl,4.522878745280337
3hv4,6.508638306165727
3fcl,3.5016894462103996
3h26,4.489454989793388
3fqa,0.494850021680094
3fdn,7.481486060122112
3f3w,7.468521082957745
2wi2,3.4559319556497243
2wi3,3.4559319556497243
3gww,0.44977164694490596
3hqw,7.455931955649724
3jzr,7.443697499232712
3ex3,4.443697499232712
3hfj,4.443697499232712
2jle,6.4156687756324695
2wfg,4.42021640338319
3igb,4.42021640338319
2zzu,7.4089353929735005
3fq7,2.5228787452803374
2w1g,8.522878745280337
3h5u,8.522878745280337
3i0r,8.522878745280337
3ia6,8.522878745280337
3e37,5.392544976785332
3dpk,8.387216143280265
3fc8,5.3872161432802645
3hxb,5.3872161432802645
3hab,8.3767507096021
3h0z,8.366531544420413
3hxe,5.327902142064283
3fcb,5.309803919971486
3dz4,6.3979400086720375
3hdm,7.3979400086720375
3kf7,7.3979400086720375
3fcf,4.3979400086720375
3itu,4.3979400086720375
3ess,6.386158178123931
3eq9,7.3872161432802645
3fqs,7.3872161432802645
3hhu,7.3872161432802645
2wmu,4.376750709602099
3i7g,6.366531544420414
3fw3,7.366531544420414
2wot,7.356547323513812
3ejt,7.356547323513812
3ft2,7.356547323513812
3ft3,7.356547323513812
2wih,7.346787486224656
3hv3,6.327902142064283
3coh,8.397940008672037
3gz9,8.397940008672037
3k9x,8.397940008672037
3hxc,5.2839966563652006
3dcq,5.2262135550188065
2w1f,8.229147988357855
3hdz,7.292429823902063
2w1h,7.2839966563652006
2wmr,4.2839966563652006
3fu0,2.275069085807602
2wu7,6.275724130399211
3fl8,7.267606240177032
3dpe,7.2441251443275085
3dpf,7.2441251443275085
3f2a,7.2441251443275085
2wi7,7.236572006437063
3fyj,8.301029995663981
3g86,8.301029995663981
3h5s,8.301029995663981
3h98,8.301029995663981
3jzf,5.301029995663981
3jzi,5.301029995663981
3k23,8.200659450546418
2zir,8.193820026016112
3g6h,8.193820026016112
3kag,5.180456064458132
3hac,8.173925197299173
2w6o,4.216096420727265
3h0w,6.221848749616356
3hvc,6.221848749616356
3fty,3.208309350979882
3i7i,6.2076083105017466
2w0x,3.2041199826559246
2wo9,7.2076083105017466
3kab,3.2006594505464183
3fzt,6.195860567664649
3hdn,7.200659450546418
3ig7,7.200659450546418
3f7b,7.1938200260161125
3f7z,7.187086643357144
3igg,7.1771783546968955
3jsw,7.180456064458132
2wuu,7.16304326294045
3ewh,7.161150909262744
3h0y,8.221848749616356
3hhk,8.221848749616356
3i28,8.221848749616356
3dng,8.130768280269024
3kad,5.1249387366083
3h9o,7.154901959985743
3dz2,4.154901959985743
2wou,7.142667503568732
3kac,3.1307682802690238
3fu5,4.123782159408358
2wey,7.119186407719209
3fl9,1.1123826996642638
3ewz,4.102372908709558
3dz5,8.154901959985743
3frz,8.154901959985743
3h0e,8.154901959985743
3i1y,8.154901959985743
3fpm,5.050609993355088
3f8w,4.08460016478773
2wd1,7.086186147616283
3h2f,4.06198090252379
3jzs,8.096910013008056
3h22,5.096910013008056
2wmv,5.036212172654444
3dp1,5.0034883278458215
2wti,7.036212172654444
3gnv,7.031517051446065
3hyg,7.031517051446065
3hv5,7.022276394711152
3fuk,3.0150228735845066
3hxd,5.045757490560675
3dvp,5.0
3ikc,7.455931955649724
3csl,7.221848749616356
3c8e,4.154901959985743
3gws,10.09151498112135
2wjg,7.096910013008056
3g15,7.0
3fsj,3.94692155651658
3bwk,3.9430951486635273
2vk2,6.886056647693163
3fzy,6.7447274948966935
3heg,6.7447274948966935
2w3o,6.721246399047171
3a1c,4.0
2w16,10.0
3drf,7.0
3drg,7.0
3g2t,7.0
3ie3,6.6777807052660805
3el1,9.638272163982407
3eky,9.638272163982407
3jvs,6.537602002101044
3imy,9.698970004336019
3bwj,6.496209316942819
3d1v,3.489454989793388
3dla,3.4559319556497243
3d7m,6.443697499232713
3ffu,6.443697499232713
3e8u,9.42021640338319
3ekx,9.4089353929735
3ekv,9.4089353929735
2w73,6.522878745280337
3g2v,6.522878745280337
3hjo,6.522878745280337
3hik,6.351639989019068
3fvh,6.349692476868063
3ed0,6.346787486224656
2zx5,12.328827157284916
3f33,3.337242168318426
3hxi,6.327902142064283
2w77,9.187086643357144
3eu7,6.180456064458132
3f35,3.161150909262745
3f34,3.161150909262745
3g2s,6.221848749616356
2zym,6.136677139879544
2kgi,6.1249387366083
3gnw,9.102372908709558
3e73,3.154901959985743
3a3y,9.154901959985743
2k7l,6.154901959985743
2v58,9.086186147616283
3iw5,6.0762380391713
2w7y,6.080921907623926
3ijy,6.040958607678906
3esj,3.0338582672609675
3e12,5.991399828238082
3dxm,6.0
2kdh,2.958607314841775
2w8j,2.958607314841775
3img,2.958607314841775
3i9g,8.958607314841775
2weq,5.896196279044043
2zyn,5.920818753952375
3f36,2.886056647693163
3ekp,8.886056647693163
3ghe,5.886056647693163
3h1x,5.886056647693163
3fxb,5.853871964321762
3h6z,5.823908740944319
3iue,5.823908740944319
3k8d,5.769551078621726
3ivx,5.7447274948966935
3hrf,4.987162775294828
2vr3,4.978810700930062
2w47,4.978810700930062
3ekw,7.962573502059376
3ime,3.0
2wzf,7.0
2kfx,4.0
3ijh,4.0
3hv8,6.9821322810364945
2k0g,6.97061622231479
3gkz,8.0
3gvu,8.0
3hx3,8.0
2kbs,5.0
2vxn,5.0
3cfn,5.0
3dow,4.939302159646388
3imc,2.958607314841775
2weh,5.948847477552619
2weo,6.928117992693875
3jvk,3.9281179926938745
3g5d,7.958607314841775
3juq,4.906578314837765
3cx9,4.889410289700751
3fgc,3.9208187539523753
3gk4,3.9208187539523753
3evd,6.906578314837765
3evc,6.906578314837765
2wor,3.9030899869919438
2wos,3.9030899869919438
3ehn,1.9208187539523751
3h9f,7.920818753952375
3hv7,7.920818753952375
3iw8,4.872895201635193
3hwx,7.856985199745905
3gxz,7.886056647693163
3a1t,4.8297382846050425
3a1s,4.8297382846050425
2w4x,4.853871964321762
3f70,4.853871964321762
3h52,4.853871964321762
3k41,0.8239087409443188
3gcp,7.823908740944319
3fbr,4.823908740944319
2zwz,7.787812395596042
3f39,1.7825160557860937
3gcu,6.782516055786093
3bpc,4.795880017344075
3iiy,4.795880017344075
3dsz,7.767003889607846
2w10,6.769551078621726
3ekq,6.7544873321858505
3gm0,7.769551078621726
3ern,1.7233084711549602
3el5,7.723538195826756
3dgo,6.7447274948966935
3h91,3.7328282715969863
3fjg,3.728158393463501
2v59,7.7447274948966935
3dnt,4.7447274948966935
3f3u,4.7447274948966935
3hg1,4.7447274948966935
3fuc,9.721246399047171
3fj7,3.709965388637482
3d4f,7.721246399047171
2wf5,6.0
3elc,2.694648630553376
3dkj,5.698970004336019
3iuc,5.663540266151471
3d45,5.6777807052660805
3a1e,2.657577319177794
3g2w,5.657577319177793
3fwv,5.638272163982407
3iw7,5.638272163982407
2kfh,2.619788758288394
3f38,2.619788758288394
3f37,2.619788758288394
3e3c,5.619788758288394
2vxa,5.6020599913279625
3e6y,5.6020599913279625
3jup,5.580044251510242
3gxy,5.585026652029182
2w6t,8.568636235841012
2w78,8.568636235841012
3kjd,8.537602002101044
3ggw,5.537602002101044
3gl6,4.684029654543083
3dp9,9.681936665037238
3gf2,1.6989700043360187
3g0e,7.698970004336019
3hy5,7.698970004336019
3ij1,4.698970004336019
3k5i,4.698970004336019
3isj,3.677780705266081
3ioc,3.677780705266081
3g19,6.669586226650809
2w87,4.653647025549361
3g0f,7.657577319177793
3h1z,4.657577319177793
2zq1,6.621602099051862
3d78,7.638272163982407
3k5k,7.638272163982407
3ifp,7.610833915635467
3iqg,4.603800652904264
2kff,3.6108339156354674
3eyu,7.619788758288394
2rol,4.619788758288394
3iux,7.600326278518962
2kbr,4.595166283380062
3iqh,4.58838029403677
3dgl,6.6020599913279625
2wp1,3.600326278518962
3ekt,10.585026652029182
3f3t,4.585026652029182
2khh,6.559090917934782
2zq2,6.559090917934782
3gfw,7.568636235841013
2uzj,4.568636235841013
2zfs,6.542118103266008
2zhd,6.542118103266008
2w92,4.552841968657781
3iub,4.5376020021010435
3gk2,2.6989700043360187
3fhb,5.698970004336019
2wn9,8.522878745280337
3da9,5.508638306165727
3iw6,5.482804102050026
3ga5,5.494850021680094
3eqs,8.481486060122112
3ivv,5.431798275933005
2wa8,5.42021640338319
3gqo,5.4089353929735005
2zft,6.522878745280337
3fdt,4.522878745280337
2wl5,4.522878745280337
2weg,6.503070351926785
3eu5,7.494850021680094
2wnj,6.481486060122113
3gx0,3.4814860601221125
3hec,4.468521082957745
3el0,7.467245621007502
3gcq,6.465973893943865
2w2u,4.455931955649724
2vx9,7.443697499232712
3fea,7.443697499232712
3gp0,7.443697499232712
3k27,4.443697499232712
3dri,4.423658649794207
2wig,3.431798275933005
2we3,4.431798275933005
3iqi,4.412289034981089
2w08,3.42021640338319
3iob,3.42021640338319
3jzo,8.522878745280337
3eys,5.522878745280337
3hqr,5.522878745280337
3el9,8.397940008672037
3e85,5.376750709602099
3g8e,5.346787486224656
3efs,5.337242168318426
3ftq,5.327902142064283
2w9r,5.318758762624412
3jzh,3.3979400086720375
3fn0,4.3979400086720375
3jzg,4.3979400086720375
2w9h,6.366531544420414
3dpc,4.356547323513813
2rok,4.346787486224656
3gjd,7.329754146925876
3kv2,7.323214969580794
3dxk,6.327902142064283
2wnc,6.319664486585437
2wkt,4.309803919971486
2wc4,5.292429823902063
3g2u,5.267606240177032
3dpo,8.259637310505756
3ivg,4.301029995663981
2wuf,4.292429823902063
2vzr,4.279014255846261
3a6t,7.2839966563652006
3jrs,4.2839966563652006
3ifo,7.2636034977233574
3ioe,3.2676062401770314
3cz1,7.259637310505756
3gcs,7.251811972993799
3h78,4.2441251443275085
2ke1,5.301029995663981
3gpo,5.301029995663981
3g08,8.16475346000369
3cyz,7.221848749616356
3dzt,7.220403508742176
3dgn,6.2076083105017466
3hqh,4.196542884351586
2wij,3.2006594505464183
2wl4,4.1938200260161125
3cft,4.1938200260161125
2wik,3.1804560644581312
3el4,7.17134010346468
3h85,5.221848749616356
2w8w,2.1249387366083
2wfj,7.154901959985743
3fqk,7.1487416512809245
3fql,7.1487416512809245
3f3v,7.136677139879544
3gcv,7.130768280269024
3fe7,7.1249387366083
3hww,7.1249387366083
3a1d,4.1249387366083
3ivc,4.1249387366083
3ivq,4.118615343229427
2v57,7.102372908709558
2knh,5.154901959985743
3efr,5.080921907623926
3ifl,8.075720713938118
3juo,5.068033885271827
2vwf,5.060480747381382
3eqy,8.050609993355087
3f78,3.0969100130080562
3gk1,4.096910013008056
3iod,4.096910013008056
2kmx,4.079354998593212
2wej,6.0762380391713
2wgi,4.070581074285707
2zsc,7.060480747381382
3kr8,8.096910013008056
2w85,5.037630664329979
2wji,5.017728766960432
3gus,6.045757490560675
2wer,7.045757490560675
2w0z,4.027797161620936
3fzn,4.013228265733755
2wgj,8.698970004336019
3k84,8.522878745280337
3iok,7.958607314841775
3ggv,10.853871964321762
3io7,7.769551078621726
3h8c,7.721246399047171
3g35,4.6777807052660805
3k83,7.657577319177793
3h89,7.638272163982407
3f5k,4.619788758288394
3fkv,7.568636235841013
2zjw,7.698970004336019
3k7f,7.698970004336019
3kcf,7.455931955649724
2zy1,7.3979400086720375
3f5j,4.2839966563652006
3ikg,7.2441251443275085
3h5b,10.00436480540245
3jya,6.885722703438414
3fx6,6.795880017344075
3ikd,6.747146969020107
3dk1,9.744727494896694
3f5l,3.7189666327522723
3g32,3.712198270069774
3elm,9.721246399047171
2zz6,6.721246399047171
2zo3,10.0
2wap,6.638272163982407
3gs6,6.585026652029182
3blt,3.537602002101044
3eyd,9.698970004336019
3gsm,6.481486060122113
3fv3,9.522878745280337
3g0w,9.522878745280337
3g5k,9.522878745280337
2wcg,6.376750709602099
3g90,6.356547323513813
3ctt,6.346787486224656
2wk6,3.318758762624413
2zga,6.318758762624412
3ckt,6.318758762624412
3jq9,6.3979400086720375
3h8b,6.291579099865287
2znt,9.301029995663981
2w8f,6.301029995663981
3dxh,3.1870866433571443
3hk1,6.173925197299173
2k1q,6.221848749616356
3e9i,6.221848749616356
2wb5,9.130768280269024
3g9l,6.130768280269024
3ibu,9.154901959985743
2w8y,9.086186147616283
2wc3,6.080921907623926
3gba,9.071604147743287
3ffg,9.075720713938118
3kck,9.096910013008056
2zu3,6.096910013008056
3jqb,6.017728766960432
3hb4,9.045757490560675
3iss,6.045757490560675
3g34,2.958607314841775
3dcc,8.958607314841775
3g3m,5.958607314841775
3ebp,5.906578314837765
3egt,8.899629454882437
2kfg,2.9208187539523753
3jq7,5.920818753952375
2woq,2.876148359032914
3g31,2.886056647693163
3ehy,5.853871964321762
2zxg,8.823908740944319
3fcq,2.769551078621726
2wkz,8.769551078621726
3e4a,8.769551078621726
3cso,5.769551078621726
3jvr,5.723538195826756
3g9n,5.7447274948966935
2wj1,8.721246399047171
3gjs,4.991399828238083
2wd7,4.97469413473523
2kaw,4.97061622231479
3dux,7.0
3djq,2.9803022690198078
3g2y,2.0
2vwn,8.0
3fur,8.0
3hs4,8.0
3gbe,5.0
3dcs,7.943095148663527
3daz,7.928117992693875
3iww,7.958607314841775
2w67,4.958607314841775
3ibc,4.906578314837765
3gbb,6.899629454882437
2jjb,7.920818753952375
3eft,7.920818753952375
3eax,4.920818753952375
3hfv,4.866461091629782
3khv,1.8541822855081724
2wks,6.886056647693163
3hig,7.886056647693163
3hfz,4.886056647693163
3ibl,7.835647144215563
2wzs,3.853871964321762
3i7e,10.853871964321762
2ww2,4.853871964321762
3dx2,6.823908740944319
3djx,2.8074604226852813
3eb1,4.787812395596042
2zgm,1.7851561519523023
2wl0,7.795880017344075
3dnd,4.795880017344075
3evf,6.769551078621726
3gjt,6.769551078621726
3ggu,9.769551078621726
3hav,3.769551078621726
3d6q,3.7644715530924513
3gep,3.7525177393229456
3d6p,3.7471469690201067
3g3d,4.739928612014925
3jqg,4.7447274948966935
3gxt,4.7447274948966935
3ebo,4.721017883134557
3fnm,4.7055337738384075
3f6g,4.721246399047171
3f6h,4.721246399047171
3grj,3.0
3dd0,9.0
3dcw,9.0
3jxw,9.0
3jy9,9.0
2w8g,6.0
3ggj,6.0
3d9z,8.698970004336019
2wky,8.590066876668706
2wca,5.6020599913279625
3fa3,5.6020599913279625
3kgp,2.571865205971211
3gvb,2.585026652029182
3ibi,8.585026652029182
3dkf,8.568636235841012
3ejq,8.568636235841012
3ejr,8.568636235841012
3ejp,8.55284196865778
3d7b,3.692503962086787
3ewc,7.698970004336019
3eig,7.6777807052660805
3ex6,3.657577319177794
3fee,6.638272163982407
2zx8,9.635636645384269
3hl7,7.638272163982407
3ibn,7.610833915635467
3fk1,2.616184634019569
3iph,7.600326278518962
2zx6,10.600326278518962
3g0i,3.6020599913279625
3ehx,7.6020599913279625
3gc4,7.6020599913279625
3jwq,7.6020599913279625
3dx1,3.576754126063192
3bm6,7.585026652029182
3djv,4.554395796726403
3ff3,3.5686362358410126
3e9h,7.552841968657781
3h30,4.534617148551582
2zns,6.5376020021010435
3hii,6.5376020021010435
2w5i,4.5376020021010435
2zz1,4.5376020021010435
2zz2,4.5376020021010435
3gsg,2.6989700043360187
3ge7,8.698970004336019
3fdm,8.698970004336019
3hvj,8.698970004336019
3g30,2.5086383061657274
2wqp,5.508638306165727
2wr8,5.443697499232713
3ggc,5.443697499232713
3dx3,6.522878745280337
3hio,6.522878745280337
3c14,3.5228787452803374
2vwo,7.508638306165727
2whp,4.508638306165727
2zx7,10.492144128304169
3g1d,3.4814860601221125
3h0a,7.481486060122112
3fed,7.460923901207224
3hl5,4.468521082957745
2wbg,4.453457336521869
3dx0,7.443697499232712
2zu4,7.42021640338319
3d8y,3.402304814074488
3gr2,2.5228787452803374
2vvc,8.522878745280337
3hvh,8.522878745280337
3hvk,8.522878745280337
3dxg,2.3979400086720375
3hkt,5.3872161432802645
2zxa,8.349692476868064
3g2z,2.3565473235138126
3hkn,5.345823458122039
3hkq,5.341988603342887
3gtc,2.346787486224656
3f82,8.337242168318426
2wj2,8.327902142064282
3gjq,5.327902142064283
3dc3,8.309803919971486
3djo,4.38933983691012
3kmc,6.3979400086720375
3e90,7.3872161432802645
3d8z,3.3736596326249577
3f7g,7.366531544420414
3i6o,10.346787486224656
3f7i,7.337242168318426
3ebh,6.320390428220244
3dhk,7.327902142064283
3eos,8.397940008672037
2zxb,5.301029995663981
3ip8,2.283996656365201
3hek,8.267606240177031
3hll,8.236572006437063
3fl5,7.2839966563652006
3i4a,4.2839966563652006
2zx9,10.266000713461613
3gc5,7.259637310505756
3f8e,7.229147988357855
3fqe,8.301029995663981
3hku,8.301029995663981
3hvi,8.301029995663981
3jy0,8.301029995663981
