# ================================================================================
# List of the protein-ligand complexes with known binding data in PDBbind v.2020R1
# 19037 protein-ligand complexes in total, sorted by their release year.
# Latest update: Aug 2025
# PDB code, resolution, release year, binding data, reference, ligand name
# ================================================================================
2tpi  2.10  1982  Kd=49uM       // 2tpi.pdf (2-mer)
5tln  2.30  1982  Ki=0.43uM     // 5tln.pdf (BAN) incomplete ligand structure
4tln  2.30  1982  Ki=190uM      // 4tln.pdf (LNO)
4cts  2.90  1984  Kd<10uM       // 4cts.pdf (OAA)
6rsa   NMR  1986  Ki=40uM       // 6rsa.pdf (UVC)
1rnt  1.90  1987  Kd=6.5uM      // 1rnt.pdf (2GP)
6cha  1.80  1987  Ki=40uM       // 6cha.pdf (PBA) covalent complex
4ts1  2.50  1989  Kd=11.6uM     // 4ts1.pdf (TYR)
4tmn  1.70  1989  Ki=0.068nM    // 4tmn.pdf (0PK)
2tmn  1.60  1989  Ki=1.3uM      // 2tmn.pdf (0FA)
1tlp  2.30  1989  Ki=28nM       // 1tlp.pdf (RDF)
1tmn  1.90  1989  Ki=50nM       // 1tmn.pdf (0ZN)
5tmn  1.60  1989  Ki=9.1nM      // 5tmn.pdf (0PJ)
4fab  2.70  1990  Kd=8.8nM      // 4fab.pdf (FLU)
1p01  2.00  1990  Ki=0.35nM     // 1p01.pdf (0EG) covalent complex
3at1  2.80  1990  Ki=0.66mM     // 3at1.pdf (PCT)
1p05  2.10  1990  Ki=1100nM     // 1p05.pdf (5-mer) incomplete ligand structure
1p10  2.25  1990  Ki=200nM      // 1p10.pdf (5-mer) incomplete ligand structure
6gch  2.10  1990  Ki=20uM       // 6gch.pdf (APF) covalent complex
7gch  1.80  1990  Ki=2uM        // 7gch.pdf (LPF) covalent complex
1p04  2.55  1990  Ki=40nM       // 1p04.pdf (5-mer) incomplete ligand structure
1p06  2.34  1990  Ki=540nM      // 1p06.pdf (5-mer) incomplete ligand structure
1p03  2.15  1990  Ki=6.4nM      // 1p03.pdf (5-mer) incomplete ligand structure
1p02  2.00  1990  Ki=67nM       // 1p02.pdf (5-mer) incomplete ligand structure
8abp  1.49  1991  Kd=0.010uM    // 8abp.pdf (GLA/GLB) isomer
1rbp  2.00  1991  Kd=0.19uM     // 1rbp.pdf (RTL)
7abp  1.67  1991  Kd=0.35uM     // 7abp.pdf (FCA/FCB) isomer
6abp  1.67  1991  Kd=0.44uM     // 6abp.pdf (ARA/ARB) isomer
1fkf  1.70  1991  Kd=0.4nM      // 1fkf.pdf (FK5)
9icd  2.50  1991  Kd=125uM      // 9icd.pdf (NAP)
6apr  2.50  1991  Ki<=17nM      // 6apr.pdf (6-mer)
4er1  2.00  1991  Ki=0.242uM    // 4er1.pdf (0ZP)
5er2  1.80  1991  Ki=0.27uM     // 5er2.pdf (0EK)
4er2  2.00  1991  Ki=0.5nM      // 4er2.pdf (6-mer)
2ypi  2.50  1991  Ki=15uM       // 2ypi.pdf (PGA)
4er4  2.10  1991  Ki=160nM      // 4er4.pdf (10-mer) incomplete ligand
5apr  2.10  1991  Ki=17nM       // 5apr.pdf (9-mer) incomplete ligand structure
3er5  1.80  1991  Ki=1nM        // 3er5.pdf (10-mer)
4apr  2.50  1991  Ki=200nM      // 4apr.pdf (8-mer) incomplete ligand structure
5hvp  2.00  1991  Ki=20nM       // 5hvp.pdf (6-mer)
6cpa  2.00  1991  Ki=3pM        // 6cpa.pdf (ZAF)
2er9  2.20  1991  Ki=40nM       // 2er9.pdf (8-mer) incomplete ligand
2er0  3.00  1991  Ki=420nM      // 2er0.pdf (8-mer)
4sga  1.80  1991  Ki=50nM       // 4sga.pdf (5-mer)
2er6  2.00  1991  Ki=60nM       // 2er6.pdf (7-mer) redundant to 1gvx
3er3  2.00  1991  Ki=81nM       // 3er3.pdf (0EL) incomplete ligand structure
5er1  2.00  1991  Ki=960nM      // 5er1.pdf (0HT)
9abp  1.97  1992  Kd=0.01uM     // 9abp.pdf (GLA/GLB)
1bap  1.75  1992  Kd=0.14uM     // 1bap.pdf (ARA/ARB) isomer
5abp  1.80  1992  Kd=0.23uM     // 5abp.pdf (GLA/GLB) isomer
8gpb  2.20  1992  Kd=0.25mM     // 8gpb.pdf (AMP) Kd=0.25~0.7mM
1apb  1.76  1992  Kd=1.51uM     // 1apb.pdf (FCA/FCB) isomer
7gpb  2.90  1992  Kd=3uM        // 7gpb.pdf (AMP)
1stp  2.60  1992  Kd=40fM       // 1stp.pdf (BTN)
5est  2.09  1992  Ki=0.3uM      // 5est.pdf (0P2) covalent complex
6tim  2.20  1992  Ki=0.61mM     // 6tim.pdf (G3P)
6gpb  2.86  1992  Ki=14uM       // 6gpb.pdf (H2P)
9hvp  2.80  1992  Ki=4.5nM      // 9hvp.pdf (0E9)
4tim  2.40  1992  Ki=6.9mM      // 4tim.pdf (2PG)
4est  1.78  1992  Ki=9.5uM      // 4est.pdf (5-mer) covalent complex
2mip  2.20  1993  IC50<=3.5nM   // 2mip.pdf (7-mer)
4phv  2.10  1993  IC50=0.67nM   // 4phv.pdf (VAC)
1rne  2.40  1993  IC50=2nM      // 1rne.pdf (C60)
1ind  2.20  1993  Kd=0.09nM     // 1ind.pdf (EOT) Kd for In-EOT
1igj  2.50  1993  Kd=0.1nM      // 1igj.pdf (DGX)
1fkb  1.70  1993  Kd=0.2nM      // 1fkb.pdf (RAP)
1gca  1.70  1993  Kd=0.2uM      // 1gca.pdf (GAL)
1l83  1.70  1993  Kd=0.40mM     // 1l83.pdf (BNZ)
2avi  3.00  1993  Kd=0.6fM      // 2avi.pdf (BTN)
1rin  2.60  1993  Kd=0.7mM      // 1rin.pdf (MAN)
1dmb  1.80  1993  Kd=1.80uM     // 1dmb.pdf (BCD)
1atr  2.34  1993  Kd=110nM      // 1atr.pdf (ADP) Kd by filter binding assay
1dbb  2.70  1993  Kd=1nM        // 1dbb.pdf (STR)
1pop  2.10  1993  Kd=1nM        // 1pop.pdf (4-mer) covalent complex
1gpy  2.40  1993  Kd=20uM       // 1gpy.pdf (G6P) Kd=20-30uM
1abf  1.90  1993  Kd=3.8uM      // 1abf.pdf (FCA/FCB) isomer
1rgl  2.00  1993  Kd=37uM       // 1rgl.pdf (2GP)
6rnt  1.80  1993  Kd=4.3mM      // 6rnt.pdf (2AM)
1rgk  1.87  1993  Kd=49.1uM     // 1rgk.pdf (2AM)
1hiv  2.00  1993  Ki<1.0nM      // 1hiv.pdf (1ZK)
1pip  1.70  1993  Ki<10uM       // 1pip.pdf (7-mer)
8hvp  2.50  1993  Ki<1nM        // 8hvp.pdf (7-mer)
3gst  1.90  1993  Ki=0.19uM     // 3gst.pdf (GPR)
1cps  2.25  1993  Ki=0.22uM     // 1cps.pdf (CPM)
7hvp  2.40  1993  Ki=0.24nM     // 7hvp.pdf (6-mer)
2gst  1.80  1993  Ki=0.85uM     // 2gst.pdf (GPS)
2lpr  2.25  1993  Ki=1.3nM      // 2lpr.pdf (5-mer) incomplete ligand structure; covalent complex
3lpr  2.15  1993  Ki=1100nM     // 3lpr.pdf (5-mer) incomplete ligand structure; covalent complex
1ppm  1.70  1993  Ki=1600nM     // 1ppm.pdf (0P1)
1hos  2.30  1993  Ki=2.8nM      // 1hos.pdf (PHP)
1ppl  1.70  1993  Ki=2.8nM      // 1ppl.pdf (1Z7)
9lpr  2.20  1993  Ki=2000nM     // 9lpr.pdf (5-mer) incomplete ligand structure; covalent complex
8lpr  2.25  1993  Ki=240nM      // 8lpr.pdf (5-mer) incomplete ligand structure; covalent complex
5lpr  2.13  1993  Ki=270nM      // 5lpr.pdf (5-mer) incomplete ligand structure; covalent complex
1bcd  1.90  1993  Ki=2nM        // 1bcd.pdf (FMS)
1ivp  2.50  1993  Ki=30nM       // 1ivp.pdf (1ZK)
1trd  2.50  1993  Ki=4uM        // 1trd.pdf (PGH)
6lpr  2.10  1993  Ki=50nM       // 6lpr.pdf (5-mer) incomplete ligand structure; covalent complex
7lpr  2.05  1993  Ki=66nM       // 7lpr.pdf (5-mer) incomplete ligand structure; covalent complex
1mns  2.00  1993  Ki=67uM       // 1mns.pdf (APG) covalent complex
1ths  2.20  1994  IC50=0.029uM  // 1ths.pdf (11-mer)
1htf  2.20  1994  IC50=148nM    // 1htf.pdf (G26)
2hmb  2.10  1994  IC50=2.6uM    // 2hmb.pdf (PLM) ligand is PALMITIC ACID
1him  2.90  1994  IC50=20nM     // 1him.pdf (10-mer) incomplete ligand
1dbj  2.70  1994  IC50=21nM     // 1dbj.pdf (AE2)
1hte  2.80  1994  IC50=2265nM   // 1hte.pdf (G23)
2dbl  2.90  1994  IC50=2nM      // 2dbl.pdf (S5H)
1htg  2.00  1994  IC50=3.8nM    // 1htg.pdf (G37)
1thr  2.30  1994  IC50=4.2uM    // 1thr.pdf (13-mer) X-ray(human thrombin); IC50=4.2uM(bovine thrombin)
1acj  2.80  1994  IC50=8.2nM    // 1acj.pdf (THA) ligand is compound tacrine
1dbk  3.00  1994  IC50=8nM      // 1dbk.pdf (ANO)
1hsl  1.89  1994  Kd=0.064uM    // 1hsl.pdf (HIS)
2drc  1.90  1994  Kd=0.13nM     // 2drc.pdf (MTX)
1sre  1.78  1994  Kd=0.14mM     // 1sre.pdf (HAB)
1sri  1.65  1994  Kd=0.83uM     // 1sri.pdf (DMB)
1tka  2.70  1994  Kd=0.8uM      // 1tka.pdf (N3T)
1abt   NMR  1994  Kd=1.4uM      // 1abt.pdf (12-mer) incomplete ligand
1lst  1.80  1994  Kd=14nM       // 1lst.pdf (LYS)
1tkc  2.70  1994  Kd=14uM       // 1tkc.pdf (M6T)
1avd  2.70  1994  Kd=1fM        // 1avd.pdf (BTN)
1ctr  2.45  1994  Kd=1uM        // 1ctr.pdf (TFP) Kd=1~8uM for two, four, or seven TFP molecules bound to CaM
1hgi  2.70  1994  Kd=2.1mM      // 1hgi.pdf (ANA)
1hgj  2.70  1994  Kd=22mM       // 1hgj.pdf (AMN)
1dhj  1.80  1994  Kd=281nM      // 1dhj.pdf (MTX)
1tys  1.80  1994  Kd=3.27uM     // 1tys.pdf (TMP)
1sps  2.70  1994  Kd=3nM        // 1sps.pdf (11-mer) incomplete ligand structure
1pyg  2.87  1994  Kd=3uM        // 1pyg.pdf (AMP)
1adl  1.60  1994  Kd=4.4uM      // 1adl.pdf (ACD)
1mfd  2.10  1994  Kd=4.9uM      // 1mfd.pdf (3-mer)
1hge  2.60  1994  Kd=5.4mM      // 1hge.pdf (MNA)
2cgr  2.20  1994  Kd=53nM       // 2cgr.pdf (GAS)
1dhi  1.90  1994  Kd=55nM       // 1dhi.pdf (MTX)
1srg  1.80  1994  Kd=5uM        // 1srg.pdf (MHB)
1erb  1.90  1994  Kd=8nM        // 1erb.pdf (ETR) Kd=93nM in phosphate buffer; Kd=8nM in crystallization buffer
1mfa  1.70  1994  Kd=9.1uM      // 1mfa.pdf (3-mer)
1tni  1.90  1994  Ki=0.10mM     // 1tni.pdf (PBN)
2ctc  1.40  1994  Ki=0.13mM     // 2ctc.pdf (HFA)
1add  2.40  1994  Ki=0.18uM     // 1add.pdf (1DA)
1tmb  2.30  1994  Ki=0.18uM     // 1tmb.pdf (5-mer)
1elc  1.75  1994  Ki=0.22uM     // 1elc.pdf (0Z3)
1wht  2.00  1994  Ki=0.2mM      // 1wht.pdf (BZS)
1tsi  2.84  1994  Ki=0.33mM     // 1tsi.pdf (4PB)
1cil  1.60  1994  Ki=0.37nM     // 1cil.pdf (ETS)
2sim  1.60  1994  Ki=0.38mM     // 2sim.pdf (DAN)
1thl  1.70  1994  Ki=0.38uM     // 1thl.pdf (0DB)
1tnh  1.80  1994  Ki=0.43mM     // 1tnh.pdf (FBA)
1ela  2.00  1994  Ki=0.44uM     // 1ela.pdf (0Z1)
1cbx  2.00  1994  Ki=0.45uM     // 1cbx.pdf (BZS)
1inc  1.94  1994  Ki=0.46nM     // 1inc.pdf (ICL) covalent complex
1ppc  1.80  1994  Ki=0.69uM     // 1ppc.pdf (MID)
1hps  2.30  1994  Ki=0.6nM      // 1hps.pdf (RUN)
1fig  3.00  1994  Ki=0.6uM      // 1fig.pdf (TSA)
1tet  2.30  1994  Ki=0.83uM     // 1tet.pdf (15-mer) incomplete ligand structure
1azm  2.00  1994  Ki=0.8uM      // 1azm.pdf (AZM) ligand is compound 2
1rpa  3.00  1994  Ki=1.0uM      // 1rpa.pdf (TAR)
1tng  1.80  1994  Ki=1.17mM     // 1tng.pdf (AMC)
1pph  1.90  1994  Ki=1.2uM      // 1pph.pdf (0ZG)
1ett  2.50  1994  Ki=1.3uM      // 1ett.pdf (4QQ) [Different protein: epsilon-thrombin in PDB structure; alpha-thrombin in binding assay]
1cim  2.10  1994  Ki=1.52nM     // 1cim.pdf (PTS)
1csi  1.70  1994  Ki=1.6nM      // 1csi.pdf (CMX)
1cin  2.10  1994  Ki=1.88nM     // 1cin.pdf (MTS)
1fki  2.20  1994  Ki=100nM      // 1fki.pdf (SB1)
1rpf  2.20  1994  Ki=103uM      // 1rpf.pdf (C3P) ligand is compound 3'-CMP
1gbt  2.00  1994  Ki=10mM       // 1gbt.pdf (GBS)
1apw  1.80  1994  Ki=10nM       // 1apw.pdf (5-mer)
1fkg  2.00  1994  Ki=10nM       // 1fkg.pdf (SB3)
1tkb  2.30  1994  Ki=10nM       // 1tkb.pdf (N1T)
1nnb  2.80  1994  Ki=10uM       // 1nnb.pdf (DAN)
1tnj  1.80  1994  Ki=11.0mM     // 1tnj.pdf (PEA)
1ent  1.90  1994  Ki=110nM      // 1ent.pdf (0EM) redundant to 1gvw
1hvl  1.80  1994  Ki=112pM      // 1hvl.pdf (A76) Ki=112pM (cryst, pH=6.2); Ki=1000pM (soln, pH=4.7)
7cpa  2.00  1994  Ki=11fM       // 7cpa.pdf (FVF)
1epo  2.00  1994  Ki=11nM       // 1epo.pdf (2Z3)
1hvk  1.80  1994  Ki=11pM       // 1hvk.pdf (A79) Ki=11pM (cryst, pH=6.2); Ki=77pM (soln, pH=4.7)
1hvi  1.80  1994  Ki=12pM       // 1hvi.pdf (A77) Ki=12pM (cryst, pH=6.2); Ki=84pM (soln, pH=4.7)
1tnl  1.90  1994  Ki=13.3mM     // 1tnl.pdf (TPA)
1bra  2.20  1994  Ki=15000uM    // 1bra.pdf (BEN)
1hgt  2.20  1994  Ki=150nM      // 1hgt.pdf (12-mer) incomplete ligand structure
1els  2.40  1994  Ki=15pM       // 1els.pdf (PAH) redundant to 1ebg
1eed  2.00  1994  Ki=16.2uM     // 1eed.pdf (0EO) incomplete ligand structure
1heg  2.20  1994  Ki=18nM       // 1heg.pdf (PSI)
1sbg  2.30  1994  Ki=18nM       // 1sbg.pdf (IM1)
1apv  1.80  1994  Ki=1nM        // 1apv.pdf (5-mer)
1hef  2.20  1994  Ki=1nM        // 1hef.pdf (5-mer)
1agm  2.30  1994  Ki=1pM        // 1agm.pdf (ACR)
1ppk  1.80  1994  Ki=22nM       // 1ppk.pdf (IVV)
1csh  1.65  1994  Ki=28nM       // 1csh.pdf (AMX)
1iht  2.10  1994  Ki=3.5nM      // 1iht.pdf (14-mer) incomplete ligand structure
1lyb  2.50  1994  Ki=3.8pM      // 1lyb.pdf (6-mer)
1tnk  1.80  1994  Ki=32.5mM     // 1tnk.pdf (PRA)
1dwc  3.00  1994  Ki=39nM       // 1dwc.pdf (MIT)
2cht  2.20  1994  Ki=3uM        // 2cht.pdf (BAR)
1aaq  2.50  1994  Ki=4.0nM      // 1aaq.pdf (PSI)
1hvj  2.00  1994  Ki=4pM        // 1hvj.pdf (A78) Ki=4pM (cryst, pH=6.2); Ki=35pM (soln, pH=4.7)
1epq  1.90  1994  Ki=6.5nM      // 1epq.pdf (0QF) incomplete ligand structure
1dwd  3.00  1994  Ki=6.6nM      // 1dwd.pdf (MID)
1epp  1.90  1994  Ki=69nM       // 1epp.pdf (1Z1) incomplete ligand structure
1ets  2.30  1994  Ki=6nM        // 1ets.pdf (MID) X-ray(epsilon-thrombin) while Ki(alpha-thrombin)
1elb  2.10  1994  Ki=70nM       // 1elb.pdf (0Z4)
8cpa  2.00  1994  Ki=710pM      // 8cpa.pdf (AGF)
1fkh  1.95  1994  Ki=7nM        // 1fkh.pdf (SBX)
1siv  2.50  1994  Ki=8.4nM      // 1siv.pdf (PSI)
1ida  1.70  1995  IC50<=2.0nM   // 1ida.pdf (0PO)
1mnc  2.10  1995  IC50=0.046nM  // 1mnc.pdf (PLH) ligand is compound 2a
1fta  2.30  1995  IC50=0.44uM   // 1fta.pdf (AMP)
1shd  2.00  1995  IC50=0.67uM   // 1shd.pdf (5-mer)
1tps  1.90  1995  IC50=10nM     // 1tps.pdf (8-mer)
1idb  2.20  1995  IC50=11nM     // 1idb.pdf (0DO)
1hrn  1.80  1995  IC50=9nM      // 1hrn.pdf (03D)
1gsf  2.70  1995  IC50~10uM     // 1gsf.pdf (EAA)
1drj  2.50  1995  Kd=0.040uM    // 1drj.pdf (RIP)
2dri  1.60  1995  Kd=0.13uM     // 2dri.pdf (RIP)
1drk  2.00  1995  Kd=0.15uM     // 1drk.pdf (RIP)
1flr  1.85  1995  Kd=0.1nM      // 1flr.pdf (FLU)
1tyr  1.80  1995  Kd=0.1uM      // 1tyr.pdf (REA)
1hmr  1.40  1995  Kd=0.28uM     // 1hmr.pdf (ELA)
1hms  1.40  1995  Kd=0.43uM     // 1hms.pdf (OLA)
1cbr  2.90  1995  Kd=0.4nM      // 1cbr.pdf (REA) ligand is (all-E)-RA
1hmt  1.40  1995  Kd=1.64uM     // 1hmt.pdf (STE)
1cka  1.50  1995  Kd=1.9uM      // 1cka.pdf (10-mer) incomplete ligand structure
1utr   NMR  1995  Kd=10nM       // 1utr.pdf (PCB)
1ahx  2.00  1995  Kd=120uM      // 1ahx.pdf (HCI)
1cny  2.30  1995  Kd=14nM       // 1cny.pdf (EG3)
1laf  2.06  1995  Kd=14nM       // 1laf.pdf (ARG)
186l  1.80  1995  Kd=14uM       // 186l.pdf (N4B) ligand is compound 38
1cnw  2.00  1995  Kd=19nM       // 1cnw.pdf (EG1)
184l  1.80  1995  Kd=19uM       // 184l.pdf (I4B) ligand is compound 39
1lcj  1.80  1995  Kd=1nM        // 1lcj.pdf (11-mer)
1yda  2.10  1995  Kd=280nM      // 1yda.pdf (AZM)
185l  1.80  1995  Kd=290uM      // 185l.pdf (IND) ligand is compound 15
1pgp  2.50  1995  Kd=2uM        // 1pgp.pdf (6PG)
1lah  2.06  1995  Kd=30nM       // 1lah.pdf (ORN)
187l  1.80  1995  Kd=422uM      // 187l.pdf (PXY) ligand is compound 18
1cnx  1.90  1995  Kd=43nM       // 1cnx.pdf (EG2)
1ahy  2.30  1995  Kd=440uM      // 1ahy.pdf (MAE)
188l  1.80  1995  Kd=470uM      // 188l.pdf (OXE) ligand is compound 4
1ckb  1.90  1995  Kd=5.2uM      // 1ckb.pdf (10-mer) incomplete ligand structure
1ydb  1.90  1995  Kd=5.8nM      // 1ydb.pdf (AZM)
1lag  2.06  1995  Kd=500nM      // 1lag.pdf (HIS)
1prl   NMR  1995  Kd=59uM       // 1prl.pdf (9-mer)
1prm   NMR  1995  Kd=59uM       // 1prm.pdf (9-mer) redundant to 1prl
1rlp   NMR  1995  Kd=8.0uM      // 1rlp.pdf (9-mer)
1rlq   NMR  1995  Kd=8.0uM      // 1rlq.pdf (9-mer) redundant to 1rlp
1ydd  2.10  1995  Kd=86nM       // 1ydd.pdf (AZM)
1dis   NMR  1995  Ki<0.01nM     // 1dis.pdf (BDM)
2gyi  1.60  1995  Ki<=100nM     // 2gyi.pdf (HYA)
1cgl  2.40  1995  Ki=0.135uM    // 1cgl.pdf (0ED)
1ele  2.00  1995  Ki=0.14uM     // 1ele.pdf (0QN)
2ada  2.40  1995  Ki=0.1pM      // 2ada.pdf (HPR)
1fpc  2.30  1995  Ki=0.1uM      // 1fpc.pdf (0ZI)
1eld  2.00  1995  Ki=0.20uM     // 1eld.pdf (0Z0)
1lcp  1.65  1995  Ki=0.23uM     // 1lcp.pdf (PLU)
2srt   NMR  1995  Ki=0.23uM     // 2srt.pdf (INH)
1pdz  2.20  1995  Ki=0.2mM      // 1pdz.pdf (PGA)
1tyn  2.00  1995  Ki=0.2nM      // 1tyn.pdf (CTA) covalent complex
1hvr  1.80  1995  Ki=0.31nM     // 1hvr.pdf (XK2) IC50=0.22uM
1atl  1.80  1995  Ki=0.52uM     // 1atl.pdf (SLE-TYR)
1tpw  1.90  1995  Ki=0.5mM      // 1tpw.pdf (PGH)
1hpv  1.90  1995  Ki=0.60nM     // 1hpv.pdf (478)
1css  1.70  1995  Ki=0.8uM      // 1css.pdf (FCX)
1ctu  2.30  1995  Ki=1.2pM      // 1ctu.pdf (ZEB)
1gar  1.96  1995  Ki=100pM      // 1gar.pdf (U89)
1eat  2.00  1995  Ki=15nM       // 1eat.pdf (TFI) covalent complex
1ebg  2.10  1995  Ki=15pM       // 1ebg.pdf (PAH) redundant to 2ptz
1hdt  2.60  1995  Ki=17.2nM     // 1hdt.pdf (0E7)
1bty  1.50  1995  Ki=18.4uM     // 1bty.pdf (BEN) ligand is TPB7
1eas  1.80  1995  Ki=18nM       // 1eas.pdf (TFK) covalent complex
1ibg  2.70  1995  Ki=2.8nM      // 1ibg.pdf (OBN)
1fiv  2.00  1995  Ki=260nM      // 1fiv.pdf (5-mer)
1bma  1.80  1995  Ki=26uM       // 1bma.pdf (0QH)
1ctt  2.20  1995  Ki=30uM       // 1ctt.pdf (DHZ)
1csr  1.70  1995  Ki=42nM       // 1csr.pdf (FAM)
1hbv  2.30  1995  Ki=430nM      // 1hbv.pdf (GAN)
1std  2.90  1995  Ki=47pM       // 1std.pdf (BFS) ligand is compound 2
1qca  2.20  1995  Ki=5.4uM      // 1qca.pdf (FUA)
1hvs  2.25  1995  Ki=50pM       // 1hvs.pdf (A77)
1hii  2.30  1995  Ki=53nM       // 1hii.pdf (C20)
1lan  1.90  1995  Ki=60nM       // 1lan.pdf (LEU)
1hti  2.80  1995  Ki=7.4uM      // 1hti.pdf (PGA)
1ppi  2.20  1995  Ki=9.7uM      // 1ppi.pdf (4-mer)
1hih  2.20  1995  Ki=9nM        // 1hih.pdf (C20)
1vrt  2.20  1996  IC50=0.08uM   // 1vrt.pdf (NVP)
1vru  2.40  1996  IC50=0.1uM    // 1vru.pdf (AAP)
1rth  2.20  1996  IC50=0.4uM    // 1rth.pdf (U05)
1bil  2.40  1996  IC50=0.5nM    // 1bil.pdf (0IU)
1pig  2.20  1996  IC50=0.7nM    // 1pig.pdf (8-mer) incomplete ligand structure
1bim  2.80  1996  IC50=1.2nM    // 1bim.pdf (0QB)
1fpi  2.30  1996  IC50=1.3uM    // 1fpi.pdf (AMP) ligand is AMP
1inf  2.40  1996  IC50=10uM     // 1inf.pdf (ST4)
1cwc  1.86  1996  IC50=16.0nM   // 1cwc.pdf (11-mer)
1rti  3.00  1996  IC50=17uM     // 1rti.pdf (HEF)
1gym  2.20  1996  IC50=2mM      // 1gym.pdf (MYG)
1cpi  2.05  1996  IC50=39nM     // 1cpi.pdf (5-mer)
1mik  1.76  1996  IC50=450nM    // 1mik.pdf (11-mer)
1inh  2.40  1996  IC50=5mM      // 1inh.pdf (ST6) ligand is compound 111
1qwf   NMR  1996  Kd=0.45uM     // 1qwf.pdf (12-mer)
1nja  2.50  1996  Kd=0.49uM     // 1nja.pdf (DCM)
1qwe   NMR  1996  Kd=1.2uM      // 1qwe.pdf (12-mer)
1njb  2.74  1996  Kd=1.6uM      // 1njb.pdf (UMP)
1gaf  1.95  1996  Kd=10nM       // 1gaf.pdf (NPE)
1sts  1.95  1996  Kd=10uM       // 1sts.pdf (7-mer) Kd for monomer; incomplete ligand
1tsy  2.20  1996  Kd=11.0uM     // 1tsy.pdf (UMP)
1cea  2.06  1996  Kd=11uM       // 1cea.pdf (ACA)
1dar  2.40  1996  Kd=11uM       // 1dar.pdf (GDP)
1slg  1.76  1996  Kd=125uM      // 1slg.pdf (7-mer) incomplete ligand
1lkk  1.00  1996  Kd=140nM      // 1lkk.pdf (4-mer)
1lkl  1.80  1996  Kd=1540nM     // 1lkl.pdf (4-mer)
1tsv  2.90  1996  Kd=16.0uM     // 1tsv.pdf (UMP)
1nje  2.30  1996  Kd=160uM      // 1nje.pdf (DCM)
1str  1.80  1996  Kd=17uM       // 1str.pdf (6-mer) Kd for monomer
1ceb  2.07  1996  Kd=1uM        // 1ceb.pdf (AMH)
1njd  2.20  1996  Kd=2.7uM      // 1njd.pdf (UMP)
1njc  2.50  1996  Kd=2.8uM      // 1njc.pdf (DCM)
1mai  1.90  1996  Kd=210nM      // 1mai.pdf (I3P)
1zsb  2.00  1996  Kd=250mM      // 1zsb.pdf (AZM)
1sld  2.50  1996  Kd=270nM      // 1sld.pdf (6-mer)
2olb  1.40  1996  Kd=2900nM     // 2olb.pdf (3-mer)
1pot  1.80  1996  Kd=3.2uM      // 1pot.pdf (SPD)
1btn  2.00  1996  Kd=40uM       // 1btn.pdf (I3P) Kd measured on GPIns(4, 5)P2
1det  1.80  1996  Kd=50uM       // 1det.pdf (2GP)
1kel  1.90  1996  Kd=52nM       // 1kel.pdf (AAH)
1sle  2.00  1996  Kd=670nM      // 1sle.pdf (8-mer)
1swi  2.60  1996  Kd=800uM      // 1swi.pdf (BNZ)
1cyn  1.85  1996  Ki<21nM       // 1cyn.pdf (11-mer)
1mmq  1.90  1996  Ki=0.03uM     // 1mmq.pdf (RRS)
2upj  3.00  1996  Ki=0.041uM    // 2upj.pdf (U02)
1lhc  1.95  1996  Ki=0.04nM     // 1lhc.pdf (DP7) covalent complex
2csm  2.80  1996  Ki=0.05mM     // 2csm.pdf (TYR)
1grp  2.50  1996  Ki=0.189mM    // 1grp.pdf (ICT)
1fmb  1.80  1996  Ki=0.1nM      // 1fmb.pdf (HYB) X-ray(EIAV I54G)while Ki(EIAV wild type)
1sln  2.27  1996  Ki=0.23uM     // 1sln.pdf (INH)
1lhd  2.35  1996  Ki=0.24nM     // 1lhd.pdf (DI2) covalent complex
1lhe  2.25  1996  Ki=0.29nM     // 1lhe.pdf (DI3) covalent complex
1hsg  2.00  1996  Ki=0.38nM     // 1hsg.pdf (MK1) redundant to 1hsh but in lower resoluation
1hsh  1.90  1996  Ki=0.38nM     // 1hsh.pdf (MK1)
1igb  2.30  1996  Ki=0.4uM      // 1igb.pdf (IPO)
1jrs  1.80  1996  Ki=0.4uM      // 1jrs.pdf (3-mer) covalent complex
1aht  1.60  1996  Ki=0.62uM     // 1aht.pdf (APA) covalent complex
1mmp  2.30  1996  Ki=0.85uM     // 1mmp.pdf (RSS)
1pbk  2.50  1996  Ki=0.9nM      // 1pbk.pdf (RAP)
1jao  2.40  1996  Ki=1.2uM      // 1jao.pdf (0D3)
1gai  1.70  1996  Ki=10nM       // 1gai.pdf (GAC)
1tcx  2.30  1996  Ki=112nM      // 1tcx.pdf (IM1)
1cwb  2.20  1996  Ki=13nM       // 1cwb.pdf (11-mer)
1rdn  1.80  1996  Ki=14.4mM     // 1rdn.pdf (MAG)
1amn  2.80  1996  Ki=15fM       // 1amn.pdf (NAF) covalent complex
1dud  2.30  1996  Ki=15uM       // 1dud.pdf (DUD)
1gah  2.00  1996  Ki=1pM        // 1gah.pdf (ACR)
1gno  2.30  1996  Ki=20nM       // 1gno.pdf (U0E)
1rdj  1.80  1996  Ki=21.7mM     // 1rdj.pdf (MFB)
1gnn  2.30  1996  Ki=2100nM     // 1gnn.pdf (U0E)
1dif  1.70  1996  Ki=22pM       // 1dif.pdf (A85)
1bmn  2.80  1996  Ki=3.6nM      // 1bmn.pdf (BM9)
1rev  2.60  1996  Ki=33nM       // 1rev.pdf (TB9)
1jaq  2.40  1996  Ki=33uM       // 1jaq.pdf (01S)
2csn  2.50  1996  Ki=39uM       // 2csn.pdf (CKI)
1mmr  2.40  1996  Ki=4.0uM      // 1mmr.pdf (SRS)
1mtr  1.75  1996  Ki=4nM        // 1mtr.pdf (PI6)
1hpx  2.00  1996  Ki=5.5pM      // 1hpx.pdf (KNI)
1rdl  1.70  1996  Ki=5.7mM      // 1rdl.pdf (MMA)
1gnm  2.30  1996  Ki=560nM      // 1gnm.pdf (U0E)
1pro  1.80  1996  Ki=5pM        // 1pro.pdf (A88)
1noi  2.50  1996  Ki=700uM      // 1noi.pdf (NTZ) redundant to 1noj
1noj  2.40  1996  Ki=700uM      // 1noj.pdf (NTZ)
1nok  2.40  1996  Ki=700uM      // 1nok.pdf (NTZ) redundant to 1noj
1bmm  2.60  1996  Ki=79nM       // 1bmm.pdf (BM2)
1lhg  2.25  1996  Ki=79nM       // 1lhg.pdf (DI5) covalent complex
1lhf  2.40  1996  Ki=8.1nM      // 1lhf.pdf (DI4) covalent complex
1rdi  1.80  1996  Ki=8.8mM      // 1rdi.pdf (MFU)
1mdl  1.85  1996  Ki=810uM      // 1mdl.pdf (RMN) ligand is compound (R)-Mandelate
1rnm  2.00  1996  Ki=844.2uM    // 1rnm.pdf (C5P) ligand is compound 5'-CMP; Ki measured at pH=6.0
1tcw  2.40  1996  Ki=960nM      // 1tcw.pdf (IM1)
1fkw  2.40  1996  Ki=9uM        // 1fkw.pdf (PUR)
1kvo  2.00  1997  IC50=0.013uM  // 1kvo.pdf (OAP)
1tze  2.10  1997  IC50=0.148uM  // 1tze.pdf (7-mer)
1lt6  2.20  1997  IC50=0.5mM    // 1lt6.pdf (GAA)
1jlx  2.20  1997  IC50=1.6uM    // 1jlx.pdf (3-mer)
1bkm  2.00  1997  IC50=1.8uM    // 1bkm.pdf (1C5)
2rox  2.00  1997  IC50=10.5uM   // 2rox.pdf (T44) ligand is thyroxine (T4)
1jld  2.50  1997  IC50=185nM    // 1jld.pdf (0PP)
1lt5  1.70  1997  IC50=2mM      // 1lt5.pdf (TDG)
1tvr  3.00  1997  IC50=33nM     // 1tvr.pdf (TB9)
1uwb  3.20  1997  IC50=4.6nM    // 1uwb.pdf (TBO)
1dth  2.00  1997  IC50=6nM      // 1dth.pdf (BAT)
1rt2  2.55  1997  IC50=6nM      // 1rt2.pdf (TNK)
1aq1  2.00  1997  IC50=7nM      // 1aq1.pdf (STU)
1rt1  2.55  1997  IC50=8nM      // 1rt1.pdf (MKC)
1lfo  2.30  1997  Kd=0.009uM    // 1lfo.pdf (OLA) Kd=0.009~0.2uM for site 1; Kd=0.06~4.0uM for site 2
1avn  2.00  1997  Kd=0.125mM    // 1avn.pdf (HSM)
1rbo  2.30  1997  Kd=0.19pM     // 1rbo.pdf (CAP)
1drv  2.20  1997  Kd=0.29uM     // 1drv.pdf (A3D) ligand is compound 3-Ac-NADH; Kd=0.29+/-0.05uM
1aqj  2.60  1997  Kd=0.34uM     // 1aqj.pdf (SFG)
1bxl   NMR  1997  Kd=0.34uM     // 1bxl.pdf (16-mer) Kd=0.34+/-0.03uM
1okl  2.10  1997  Kd=0.93uM     // 1okl.pdf (MNS)
1ao0  2.80  1997  Kd=11.0uM     // 1ao0.pdf (ADP)
1nlp   NMR  1997  Kd=11uM       // 1nlp.pdf (8-mer)
1avp  2.60  1997  Kd=12nM       // 1avp.pdf (11-mer) covalent complex
1jev  1.30  1997  Kd=130nM      // 1jev.pdf (3-mer)
1aj7  2.10  1997  Kd=135uM      // 1aj7.pdf (NPE)
1jeu  1.25  1997  Kd=150nM      // 1jeu.pdf (3-mer)
1ag9  1.80  1997  Kd=1nM        // 1ag9.pdf (FMN)
1ado  1.90  1997  Kd=1uM        // 1ado.pdf (13P)
2adm  2.60  1997  Kd=2.0uM      // 2adm.pdf (SAM)
1aqi  2.60  1997  Kd=2.4uM      // 1aqi.pdf (SAH)
2h4n  1.90  1997  Kd=2nM        // 2h4n.pdf (AZM)
1nlo   NMR  1997  Kd=3.4uM      // 1nlo.pdf (9-mer)
1gbq   NMR  1997  Kd=3.5mM      // 1gbq.pdf (10-mer)
3gbq   NMR  1997  Kd=3.5uM      // 2gbq.pdf (10-mer) minimized averaged structure
2mas  2.30  1997  Kd=30nM       // 2mas.pdf (PIR)
1rst  1.70  1997  Kd=37uM       // 1rst.pdf (9-mer)
1aqc  2.30  1997  Kd=4.56uM     // 1aqc.pdf (10-mer)
1shc   NMR  1997  Kd=53nM       // 1shc.pdf (12-mer)
1jet  1.20  1997  Kd=56nM       // 1jet.pdf (3-mer)
2hrp  2.20  1997  Kd=5nM        // 2hrp.pdf (10-mer) Kd measured on full length HIV-1 protease
2aac  1.60  1997  Kd=6mM        // 2aac.pdf (FCB)
1irs   NMR  1997  Kd=6uM        // 1irs.pdf (11-mer)
1mpa  2.60  1997  Kd=9.1nM      // 1mpa.pdf (9-mer)
1nox  1.59  1997  Kd=90nM       // 1nox.pdf (FMN)
1uvt  2.50  1997  Ki=0.023uM    // 1uvt.pdf (I48)
1qbt  2.10  1997  Ki=0.024nM    // 1qbt.pdf (146)
1qbr  1.80  1997  Ki=0.027nM    // 1qbr.pdf (XV6)
1ajq  2.05  1997  Ki=0.049mM    // 1ajq.pdf (SPA)
1qbu  1.80  1997  Ki=0.058nM    // 1qbu.pdf (846)
1ai7  2.50  1997  Ki=0.082mM    // 1ai7.pdf (IPH)
1ai6  2.55  1997  Ki=0.107mM    // 1ai6.pdf (4HP)
4vgc  2.10  1997  Ki=0.127uM    // 4vgc.pdf (SRD) covalent complex
1hxb  2.30  1997  Ki=0.12nM     // 1hxb.pdf (ROC)
1sqc  2.85  1997  Ki=0.14uM     // 1sqc.pdf (LDA)
3mbp  1.70  1997  Ki=0.16uM     // 3mbp.pdf (3-mer)
1ai5  2.36  1997  Ki=0.189mM    // 1ai5.pdf (MNP)
1ad8  2.00  1997  Ki=0.25uM     // 1ad8.pdf (MDL) covalent complex
1dmp  2.00  1997  Ki=0.28nM     // 1dmp.pdf (DMQ) IC50=76nM
1qbs  1.80  1997  Ki=0.34nM     // 1qbs.pdf (DMP)
1pau  2.50  1997  Ki=0.35nM     // 1pau.pdf (5-mer) covalent complex
2kce  2.20  1997  Ki=0.67uM     // 2kce.pdf (D16)
1hpo  2.50  1997  Ki=0.6nM      // 1hpo.pdf (UNI)
1af2  2.30  1997  Ki=0.8mM      // 1af2.pdf (__U)
1vgc  1.90  1997  Ki=1.20uM     // 1vgc.pdf (V36) covalent complex
1yds  2.20  1997  Ki=1.2uM      // 1yds.pdf (IQS)
3gss  1.90  1997  Ki=1.5uM      // 3gss.pdf (2-mer)
1dub  2.50  1997  Ki=1.6uM      // 1dub.pdf (CAA)
1uvu  2.80  1997  Ki=10uM       // 1uvu.pdf (DCH) incomplete ligand structure
2gss  1.90  1997  Ki=11.5uM     // 2gss.pdf (EAA)
1ajx  2.00  1997  Ki=12.2nM     // 1ajx.pdf (AH1)
2rkm  1.80  1997  Ki=125uM      // 2rkm.pdf (2-mer)
1h4n  2.00  1997  Ki=12uM       // 1h4n.pdf (TRS)
3aid  2.50  1997  Ki=137nM      // 3aid.pdf (ARQ)
1aid  2.20  1997  Ki=15uM       // 1aid.pdf (THK)
1al7  2.60  1997  Ki=16nM       // 1al7.pdf (HST)
1ajv  2.00  1997  Ki=19.1nM     // 1ajv.pdf (NMB)
1ajn  2.36  1997  Ki=2.32mM     // 1ajn.pdf (AAN)
1fwe  2.00  1997  Ki=2.5uM      // 1fwa.pdf (HAE) Ki=1.3mM, total Ki=2.5uM
1vfn  2.15  1997  Ki=2.5uM      // 1vfn.pdf (HPA)
1juy  2.50  1997  Ki=22nM       // 1juy.pdf (H5P)
1vot  2.50  1997  Ki=250nM      // 1vot.pdf (HUP) redundant to 1gpk
1ydr  2.20  1997  Ki=3.0uM      // 1ydr.pdf (IQP)
3vgc  1.67  1997  Ki=3.11uM     // 3vgc.pdf (SRB) covalent complex
1ai4  2.35  1997  Ki=3.13mM     // 1ai4.pdf (DHY)
7upj  2.00  1997  Ki=3.2nM      // 7upj.pdf (INU)
1anf  1.67  1997  Ki=3.5uM      // 1anf.pdf (GLC-GLC)
1al8  2.20  1997  Ki=4.8uM      // 1al8.pdf (DHP)
1fax  3.00  1997  Ki=41nM       // 1fax.pdf (DX9)
6upj  2.34  1997  Ki=480nM      // 6upj.pdf (NIU)
1ydt  2.30  1997  Ki=48nM       // 1ydt.pdf (IQB)
1uvs  2.80  1997  Ki=4uM        // 1uvs.pdf (I11)
2vgc  1.80  1997  Ki=5.76uM     // 2vgc.pdf (V35) covalent complex
1ajp  2.31  1997  Ki=5.85mM     // 1ajp.pdf (OMD)
1amk  1.83  1997  Ki=50uM       // 1amk.pdf (PGA) Ki=0.050+/-0.003mM
1ml1  2.60  1997  Ki=52uM       // 1ml1.pdf (PGA)
1tom  1.80  1997  Ki=5nM        // 1tom.pdf (MIN)
1sme  2.70  1997  Ki=6pM        // 1sme.pdf (6-mer)
5upj  2.30  1997  Ki=75nM       // 5upj.pdf (UIN)
2jxr  2.40  1997  Ki=90nM       // 2jxr.pdf (2Z3)
1rtf  2.30  1997  Ki=910uM      // 1rtf.pdf (BEN)
1bm2  2.10  1998  IC50=0.11uM   // 1bm2.pdf (7-mer)
2pax  2.40  1998  IC50=0.18uM   // 2pax.pdf (4AN)
1vik  2.40  1998  IC50=0.3nM    // 1vik.pdf (BAY) redundant to 1vij
4aig  2.00  1998  IC50=0.3uM    // 4aig.pdf (FLX)
4pax  2.80  1998  IC50=0.4uM    // 4pax.pdf (NU1)
1a2c  2.10  1998  IC50=0.5uM    // 1a2c.pdf (4-mer)
1bmb  1.80  1998  IC50=0.7uM    // 1bmb.pdf (9-mer)
1aq7  2.20  1998  IC50=0.9uM    // 1aq7.pdf (4-mer)
1bl4  1.90  1998  IC50=1.8nM    // 1bl4.pdf (AP1)
1fgi  2.50  1998  IC50=10uM     // 1fgi.pdf (SU1) IC50=10-20uM
2aig  2.60  1998  IC50=10uM     // 2aig.pdf (0GR)
3pax  2.40  1998  IC50=10uM     // 3pax.pdf (3MB)
3aig  2.80  1998  IC50=1uM      // 3aig.pdf (0ZC)
1agw  2.40  1998  IC50=20uM     // 1agw.pdf (SU2) IC50=20-40uM
2qwg  1.80  1998  IC50=230uM    // 2qwg.pdf (G28)
1bji  2.00  1998  IC50=2nM      // 1bji.pdf (DPC)
1bmq  2.50  1998  IC50=38nM     // 1bmq.pdf (MNO) covalent complex
1ao8   NMR  1998  IC50=6nM      // 1ao8.pdf (MTX) ligand is methotrexate
1skj  2.00  1998  IC50=7.0uM    // 1skj.pdf (UR2)
1err  2.60  1998  IC50=7.7nM    // 1err.pdf (RAL) ligand is compound 2, RALOXIFENE
1a5v  1.90  1998  IC50=800uM    // 1a5v.pdf (_Y3)
1akv  2.00  1998  Kd=0.0026nM   // 1akv.pdf (FMN sq)
1b7h  2.00  1998  Kd=0.0095uM   // 1b7h.pdf (3-mer)
1b6h  1.80  1998  Kd=0.015uM    // 1b6h.pdf (3-mer)
1a4k  2.40  1998  Kd=0.01uM     // 1a4k.pdf (FRA)
3pcj  2.13  1998  Kd=0.06uM     // 3pcj.pdf (INO)
1b1h  1.80  1998  Kd=0.093uM    // 1b1h.pdf (3-mer)
1ax2  1.95  1998  Kd=0.103mM    // 1ax2.pdf (NAG-GAL)
1b39  2.10  1998  Kd=0.120uM    // 1b39.pdf (ATP) redundant to 1b38
1bcj  2.10  1998  Kd=0.20mM     // 1bcj.pdf (NGA)
1b0h  1.90  1998  Kd=0.20uM     // 1b0h.pdf (3-mer)
1b38  2.00  1998  Kd=0.254uM    // 1b38.pdf (ATP)
1a7x  2.00  1998  Kd=0.2nM      // 1a7x.pdf (FKA)
1a09  2.00  1998  Kd=0.2uM      // 1a09.pdf (4-mer) covalent complex
3pck  2.13  1998  Kd=0.2uM      // 3pck.pdf (NNO)
1x11  2.50  1998  Kd=0.32uM     // 1x11.pdf (14-mer) incomplete ligand structure
220l  1.85  1998  Kd=0.4mM      // 220l.pdf (BNZ) redundant to 1l83
223l  1.90  1998  Kd=0.4mM      // 223l.pdf (BNZ) redundant to 1l83
1a07  2.20  1998  Kd=0.4uM      // 1a07.pdf (4-mer) incomplete ligand structure
1a1b  2.20  1998  Kd=0.4uM      // 1a1b.pdf (3-mer)
1a1c  2.40  1998  Kd=0.4uM      // 1a1c.pdf (3-mer)
1ax1  1.95  1998  Kd=0.515mM    // 1ax1.pdf (GLC-GAL)
1bcu  2.00  1998  Kd=0.53mM     // 1bcu.pdf (PRL) Kd=0.53mM in crystal; Kd=10uM in solution
2nmb   NMR  1998  Kd=0.53uM     // 2nmb.pdf (7-mer)
1wdn  1.94  1998  Kd=0.5uM      // 1wdn.pdf (GLN)
1b3h  2.00  1998  Kd=0.62uM     // 1b3h.pdf (3-mer)
1axz  1.95  1998  Kd=0.637mM    // 1axz.pdf (GAL)
1a9q  2.00  1998  Kd=0.68uM     // 1a9q.pdf (HPA) ligand is hypoxanthine
1ax0  1.90  1998  Kd=0.746mM    // 1ax0.pdf (A2G)
1akq  1.90  1998  Kd=0.79nM     // 1akq.pdf (FMN ox)
1akr  1.58  1998  Kd=0.82nM     // 1akr.pdf (FMN ox)
1jmg  2.20  1998  Kd=0.85uM     // 1jmg.pdf (UMP)
1jmi  2.50  1998  Kd=0.87uM     // 1jmi.pdf (UMP) redundant to 1jmg
1b5h  1.90  1998  Kd=0.97uM     // 1b5h.pdf (3-mer)
1a4h  2.50  1998  Kd=1.2uM      // 1a4h.pdf (GDM) redundant to 1yet
1aj6  2.30  1998  Kd=1.2uM      // 1aj6.pdf (NOV) Kd measured at 300K
1lvk  1.90  1998  Kd=1.2uM      // 1lvk.pdf (MNT-BEF)
1yet  1.90  1998  Kd=1.2uM      // 1yet.pdf (GDM) ligand is compound 34(geldanamycin)
1bbz  1.65  1998  Kd=1.5uM      // 1bbz.pdf (11-mer)
1vwn  1.85  1998  Kd=1.5uM      // 1vwn.pdf (7-mer) incomplete ligand structure
1jmf  2.50  1998  Kd=1.7uM      // 1jmf.pdf (UMP)
1gux  1.85  1998  Kd=110nM      // 1gux.pdf (9-mer)
1b3l  2.00  1998  Kd=1300nM     // 1b3l.pdf (3-mer)
1b3f  1.80  1998  Kd=130nM      // 1b3f.pdf (3-mer)
1af6  2.40  1998  Kd=15mM       // 1af6.pdf (GLC-FRU)
1azg   NMR  1998  Kd=16uM       // 1a0n.pdf (14-mer) minimized averaged structure; Kd1=16uM(ITC); Kd2=50uM(NMR); Kd3=28uM(CD);
1axs  2.60  1998  Kd=17nM       // 1axs.pdf (HOP)
1br8  2.90  1998  Kd=18uM       // 1br8.pdf (12-mer)
1a1e  2.20  1998  Kd=1uM        // 1a1e.pdf (4-mer)
2izl  1.48  1998  Kd=1uM        // 2izl.pdf (IMI)
1vwl  1.45  1998  Kd=2.33uM     // 1vwl.pdf (9-mer)
1azl  1.80  1998  Kd=2.4nM      // 1azl.pdf (FMN ox)
1a08  2.20  1998  Kd=2.4uM      // 1a08.pdf (4-mer)
1akw  1.75  1998  Kd=2.6nM      // 1akw.pdf (FMN ox)
1b3g  2.00  1998  Kd=200nM      // 1b3g.pdf (3-mer)
4tmk  1.98  1998  Kd=20nM       // 4tmk.pdf (T5A)
3pcn  2.40  1998  Kd=220uM      // 3pcn.pdf (DHY)
1amw  1.85  1998  Kd=29uM       // 1amw.pdf (ADP)
1b2h  1.90  1998  Kd=29uM       // 1b2h.pdf (3-mer)
1a99  2.20  1998  Kd=2uM        // 1a99.pdf (PUT)
1akt  1.80  1998  Kd=3.2nM      // 1akt.pdf (FMN ox)
1b4h  1.90  1998  Kd=3.44uM     // 1b4h.pdf (3-mer)
1a3e  1.85  1998  Kd=3.5nM      // 1a3e.pdf (18-mer) incomplete ligand structure
1bm7  2.00  1998  Kd=30nM       // 1bm7.pdf (FLF)
1vwf  1.92  1998  Kd=310nM      // 1vwf.pdf (9-mer) Kd for ligand in cyclized form
5tmp  1.98  1998  Kd=34nM       // 5tmp.pdf (Z5A)
1bhf  1.80  1998  Kd=42uM       // 1bhf.pdf (5-mer)
1swg  1.80  1998  Kd=43.9nM     // 1swg.pdf (BTN)
4rsk  2.10  1998  Kd=47.4uM     // 4rsk.pdf (U3P) Ki=47.4uM (with 0.018M Na+); Ki=153.6uM (with 0.142M Na+)
1a0t  2.40  1998  Kd=50mM       // 1a0t.pdf (SUC)
1at5  1.80  1998  Kd=64uM       // 1at5.pdf (3-mer)
1aku  1.90  1998  Kd=746nM      // 1aku.pdf (FMN hq)
1b05  2.00  1998  Kd=75nM       // 1b05.pdf (3-mer)
1b32  1.75  1998  Kd=79nM       // 1b32.pdf (3-mer)
1at6  1.80  1998  Kd=85uM       // 1at6.pdf (3-mer)
1awi  2.20  1998  Kd=90uM       // 1awi.pdf (10-mer)
1usn  1.80  1998  Ki=0.018uM    // 1usn.pdf (IN9)
2qwe  2.00  1998  Ki=0.033uM    // 2qwe.pdf (GNA)
1bv7  2.00  1998  Ki=0.05nM     // 1bv7.pdf (XV6) complex between HIV-1 PR (I84V mutant) with XV638; Ki mutant/wt ratio=0.5; Ki(wt)=0.1nM
1a5g  2.06  1998  Ki=0.071nM    // 1a5g.pdf (00L) covalent complex
1xug  1.50  1998  Ki=0.09uM     // 1xug.pdf (BAB)
1bxo  0.95  1998  Ki=0.10nM     // 1bxo.pdf (PP7)
1bv9  2.00  1998  Ki=0.11nM     // 1bv9.pdf (XV6)
1a52  2.80  1998  Ki=0.138nM    // 1a52.pdf (EST) ligand is compound Estradiol (E2)
1bhx  2.30  1998  Ki=0.145uM    // 1bhx.pdf (R56)
1tbz  2.30  1998  Ki=0.16nM     // 1tbz.pdf (00Q) covalent complex
1bdr  2.80  1998  Ki=0.21uM     // 1bdr.pdf (IM1)
2usn  2.20  1998  Ki=0.31uM     // 2usn.pdf (IN8)
1moq  1.57  1998  Ki=0.35mM     // 1moq.pdf (GLP)
1alw  2.03  1998  Ki=0.3uM      // 1alw.pdf (ISA)
1bdq  2.50  1998  Ki=0.46uM     // 1bdq.pdf (IM1)
1met  1.90  1998  Ki=0.4nM      // 1met.pdf (DMP)
10gs  2.20  1998  Ki=0.4uM      // 10gs.pdf (VWW)
1br6  2.30  1998  Ki=0.6mM      // 1br6.pdf (PT1)
1ayu  2.20  1998  Ki=0.7nM      // 1ayu.pdf (INA) covalent complex
1tsl  2.50  1998  Ki=0.7uM      // 1tsl.pdf (A15)
1awh  3.00  1998  Ki=0.83uM     // 1awh.pdf (GR3) covalent complex
1meu  1.90  1998  Ki=0.8uM      // 1meu.pdf (DMP)
2wed  1.50  1998  Ki=0.8uM      // 2wed.pdf (PP6)
1awf  2.20  1998  Ki=0.97uM     // 1awf.pdf (GR4) covalent complex
3pcf  2.15  1998  Ki=0.9uM      // 3pcf.pdf (FHB)
1tsm  3.00  1998  Ki=1.0uM      // 1tsm.pdf (MR2)
2pri  2.30  1998  Ki=1.23mM     // 2pri.pdf (D6G)
1a4w  1.80  1998  Ki=1.2uM      // 1a4w.pdf (QWE)
1bdl  2.80  1998  Ki=1.41uM     // 1bdl.pdf (IM1)
3tlh  2.00  1998  Ki=1.5nM      // 3tlh.pdf (3TL)
2amv  2.30  1998  Ki=1.6nM      // 2amv.pdf (BIN)
1a8t  2.55  1998  Ki=1.6uM      // 1a8t.pdf (061)
3pce  2.06  1998  Ki=10mM       // 3pce.pdf (3HP)
1ayv  2.30  1998  Ki=10nM       // 1ayv.pdf (IN6) covalent complex
1b5g  2.07  1998  Ki=10nM       // 1b5g.pdf (0ZE) covalent complex
1mem  1.80  1998  Ki=11.5nM     // 1mem.pdf (0D6) covalent complex
2wec  1.50  1998  Ki=110uM      // 2wec.pdf (PP5)
1a9m  2.30  1998  Ki=119nM      // 1a9m.pdf (U0E)
1hvh  1.80  1998  Ki=11nM       // 1hvh.pdf (Q82)
1au2  2.60  1998  Ki=13nM       // 1au2.pdf (POS) covalent complex
1ilq   NMR  1998  Ki=13uM       // 1ilp.pdf (19-mer) minimized mean structure; Ki=20uM(CXCR-1 and IL-8)
2qwd  2.00  1998  Ki=14uM       // 2qwd.pdf (4AM)
1b4d  2.00  1998  Ki=15.6uM     // 1b4d.pdf (CRA)
1hxw  1.80  1998  Ki=15pM       // 1hxw.pdf (RIT)
1bju  1.80  1998  Ki=16uM       // 1bju.pdf (GP6) Ki=16+/-2.8uM for ACPU
2qwb  2.00  1998  Ki=1820uM     // 2qwb.pdf (SIA)
6cgt  2.60  1998  Ki=1uM        // 6cgt.pdf (6-mer)
2qwf  1.90  1998  Ki=2.160uM    // 2qwf.pdf (G20)
4mbp  1.70  1998  Ki=2.3uM      // 4mbp.pdf (4-mer)
1a61  2.20  1998  Ki=2.4nM      // 1a61.pdf (00N) covalent complex
1bwa  1.90  1998  Ki=2.5nM      // 1bwa.pdf (XV6)
1bjv  1.80  1998  Ki=2.9uM      // 1bju.pdf (GP8) Ki=2.9+/-0.1uM for APPU
1a46  2.12  1998  Ki=2000nM     // 1a46.pdf (00K) covalent complex
1b0f  3.00  1998  Ki=20nM       // 1b0f.pdf (SEI) covalent complex
1mes  1.90  1998  Ki=20nM       // 1mes.pdf (DMP)
1bjr  2.44  1998  Ki=21nM       // 1bjr.pdf (10-mer) covalent complex
1au0  2.60  1998  Ki=22nM       // 1au0.pdf (SDK) covalent complex
5fiv  1.90  1998  Ki=22nM       // 5fiv.pdf (3TL)
1a7t  1.85  1998  Ki=23mM       // 1a7t.pdf (MES)
1afk  1.70  1998  Ki=240nM      // 1afk.pdf (PAP)
3pcc  1.98  1998  Ki=240uM      // 3pcc.pdf (PHB)
3jdw  2.40  1998  Ki=253uM      // 3jdw.pdf (ORN)
2hpa  2.90  1998  Ki=25uM       // 2hpa.pdf (PT3)
2qwc  1.60  1998  Ki=280uM      // 2qwc.pdf (DAN)
1hfs  1.70  1998  Ki=2nM        // 1hfs.pdf (L04)
1ohr  2.10  1998  Ki=2nM        // 1ohr.pdf (1UN)
1a8i  1.78  1998  Ki=3.0uM      // 1a8i.pdf (GLS)
1bwb  1.80  1998  Ki=3.8nM      // 1bwb.pdf (146)
2prj  2.30  1998  Ki=32uM       // 2prj.pdf (NBG)
1lox  2.40  1998  Ki=3uM        // 1lox.pdf (RS7)
1b11  1.90  1998  Ki=41nM       // 1b11.pdf (3TL)
1bxq  1.41  1998  Ki=42nM       // 1bxq.pdf (PP8)
3pcb  2.19  1998  Ki=4mM        // 3pcb.pdf (3HB)
1bq3  2.70  1998  Ki=4uM        // 1bq3.pdf (IHP)
3pch  2.05  1998  Ki=4uM        // 3pch.pdf (CHB)
1a28  1.80  1998  Ki=5.1nM      // 1a28.pdf (STR) ligand is progesterone
1auj  2.10  1998  Ki=5.6nM      // 1auj.pdf (PPB) covalent complex
1a30  2.00  1998  Ki=50uM       // 1a30.pdf (3-mer)
1afl  1.70  1998  Ki=520nM      // 1afl.pdf (ATR)
1axr  2.30  1998  Ki=540uM      // 1axr.pdf (HTP)
1ibc  2.73  1998  Ki=56pM       // 1ibc.pdf (4-mer) covalent complex
3pcg  1.96  1998  Ki=5mM        // 3pcg.pdf (4HP)
1a69  2.10  1998  Ki=5uM        // 1a69.pdf (FMB)
16pk  1.60  1998  Ki=6uM        // 16pk.pdf (BIS) X-ray(Trypanosoma brucei PGK) while Ki(yeast PGK)
1bq4  2.50  1998  Ki=6uM        // 1bq4.pdf (BHC)
3bls  2.30  1998  Ki=7.3uM      // 3bls.pdf (APB) covalent complex
2web  1.50  1998  Ki=7.6uM      // 2web.pdf (PP4)
6fiv  1.90  1998  Ki=8.3nM      // 6fiv.pdf (3TL)
1aw1  2.70  1998  Ki=89mM       // 1aw1.pdf (PGA)
1stc  2.30  1998  Ki=8nM        // 1stc.pdf (STU)
1jfh  2.03  1998  Ki=9mM        // 1jfh.pdf (MA2-MA3)
1a4m  1.95  1998  Ki~0.1pM      // 1a4m.pdf (PRH)
1a4g  2.20  1999  IC50=0.004uM  // 1a4g.pdf (ZMR)
1bl7  2.50  1999  IC50=0.019uM  // 1bl7.pdf (SB4)
1bmk  2.40  1999  IC50=0.025uM  // 1bmk.pdf (SB5)
1qf5  2.00  1999  IC50=0.043uM  // 1qf5.pdf (RPL)
1bqm  3.10  1999  IC50=0.045uM  // 1bqm.pdf (HBY)
1a9u  2.50  1999  IC50=0.048uM  // 1a9u.pdf (SB2) redundant to 2ewa
1db4  2.20  1999  IC50=0.057uM  // 1db4.pdf (8IN) ligand is compound 13d
1db5  2.80  1999  IC50=0.152uM  // 1db5.pdf (6IN) ligand is compound 7g
1bl6  2.50  1999  IC50=0.16uM   // 1bl6.pdf (SB6)
1qfs  2.00  1999  IC50=0.33nM   // 1qfs.pdf (ZPR) ligand is compound 59, Z-PRO-PROLINAL
1qti  2.50  1999  IC50=0.36uM   // 1qti.pdf (GNT)
1vij  2.40  1999  IC50=0.3nM    // 1vij.pdf (BAY)
1c3r  2.00  1999  IC50=0.4uM    // 1c3r.pdf (TSN)
1bqn  3.30  1999  IC50=0.60uM   // 1bqn.pdf (HBY)
1qf4  2.20  1999  IC50=0.665uM  // 1qf4.pdf (RPD)
1cj1  3.00  1999  IC50=1.6nM    // 1cj1.pdf (C78)
1a86  2.00  1999  IC50=101uM    // 1a86.pdf (0ZB)
1biw  2.50  1999  IC50=104nM    // 1biw.pdf (S80)
5prc  2.35  1999  IC50=13uM     // 5prc.pdf (ATZ)
2cbr  2.80  1999  IC50=140nM    // 2cbr.pdf (A80)
1cx9  2.30  1999  IC50=178nM    // 1cx9.pdf (NHP)
6prc  2.30  1999  IC50=17uM     // 5prc.pdf (CEB) in Complex with the Herbicide Atrazine S(-) enantiomer
1bqo  2.30  1999  IC50=18.4nM   // 1bqo.pdf (N25)
3erk  2.10  1999  IC50=18uM     // 3erk.pdf (SB4)
1qs4  2.10  1999  IC50=2.3uM    // 1qs4.pdf (100)
1bio  1.50  1999  IC50=2.9uM    // 1bio.pdf (SOA)
1b9v  2.35  1999  IC50=224uM    // 1b9v.pdf (RA2)
1zfp  1.80  1999  IC50=26nM     // 1zfp.pdf (6-mer)
1qpf  2.50  1999  IC50=27nM     // 1qpf.pdf (858)
4erk  2.20  1999  IC50=27uM     // 4erk.pdf (OLO)
1czq  1.50  1999  IC50=29uM     // 1czq.pdf (17-mer) IC50=46uM(D10-p1-2k; Syncytia); IC50=85uM(D10-p1-2k, Viral Entry).
1qpl  2.90  1999  IC50=3.1nM    // 1qpl.pdf (587)
1b2i   NMR  1999  IC50=3.1uM    // 1b2i.pdf (AMH) ligand is compound TXA, Clot-Lysis Buffer and Plasma assay
1a4q  1.90  1999  IC50=3.6uM    // 1a4q.pdf (DPC)
1a85  2.00  1999  IC50=30uM     // 1a85.pdf (0DY)
1c50  2.30  1999  IC50=334nM    // 1c50.pdf (CHI)
1bug  2.70  1999  IC50=43uM     // 1bug.pdf (URS)
3znc  2.80  1999  IC50=45.3nM   // 3znc.pdf (BZ1)
1c9d  2.30  1999  IC50=499nM    // 1c9d.pdf (HF1)
1eve  2.50  1999  IC50=5.7nM    // 1eve.pdf (E20)
3cbs  2.00  1999  IC50=58nM     // 3cbs.pdf (R12)
7prc  2.65  1999  IC50=6.2uM    // 5prc.pdf (CET) in complex with the Herbicide Atrazine R(+) enantiomer
2cbs  2.10  1999  IC50=6nM      // 2cbs.pdf (R13)
1cw2  2.00  1999  IC50=715nM    // 1cw2.pdf (HSP)
1c5f  2.47  1999  IC50=860nM    // 1c5f.pdf (11-mer)
1b9t  2.40  1999  IC50=8uM      // 1b9t.pdf (RAI)
1a7c  1.95  1999  Kd<=100uM     // 1a7c.pdf (6-mer) Kd<=100uM for site 1; Kd=700uM for site 2
1bnm  2.60  1999  Kd=0.10nM     // 1bnm.pdf (AL8)
1bnn  2.30  1999  Kd=0.10nM     // 1bnn.pdf (AL1)
1d3v  1.70  1999  Kd=0.11uM     // 1d3v.pdf (ABH)
1swr  1.90  1999  Kd=0.12uM     // 1swr.pdf (BTN)
1a42  2.25  1999  Kd=0.13nM     // 1a42.pdf (BZU)
1bn3  2.20  1999  Kd=0.13nM     // 1bn3.pdf (AL6)
1bnt  2.15  1999  Kd=0.16nM     // 1bnt.pdf (AL2)
1bkj  1.80  1999  Kd=0.17uM     // 1bkj.pdf (FMN)
1b2m  2.00  1999  Kd=0.185mM    // 1b2m.pdf (2-mer)
5fwg  2.00  1999  Kd=0.19uM     // 5fwg.pdf (GPR) structure is GST mutant; Kd measured on GST wild type
2a2g  2.90  1999  Kd=0.1uM      // 2a2g.pdf (LEO)
1bnu  2.15  1999  Kd=0.20nM     // 1bnu.pdf (AL3)
1a4r  2.50  1999  Kd=0.22uM     // 1a4r.pdf (GNH) Kd=9.4pM for GDP
2ay3  2.40  1999  Kd=0.28mM     // 2ay3.pdf (MPP)
1a50  2.30  1999  Kd=0.2uM      // 1a50.pdf (FIP) Kd=0.2-0.5uM
1bnq  2.40  1999  Kd=0.32nM     // 1bnq.pdf (AL4)
1rpj  1.80  1999  Kd=0.33uM     // 1rpj.pdf (ALL)
1ct8  2.20  1999  Kd=0.3uM      // 1ct8.pdf (TAA)
1bn1  2.10  1999  Kd=0.46nM     // 1bn1.pdf (AL5)
1bn4  2.10  1999  Kd=0.49nM     // 1bn4.pdf (AL9)
1azx  2.90  1999  Kd=0.4nM      // 1azx.pdf (NTP)
1d4p  2.07  1999  Kd=0.5uM      // 1d4p.pdf (BPP)
1czl  1.80  1999  Kd=0.71nM     // 1czl.pdf (FMN sq)
2ay6  2.20  1999  Kd=0.78mM     // 2ay6.pdf (3IB)
1bnw  2.25  1999  Kd=0.83nM     // 1bnw.pdf (TPD)
1czr  1.90  1999  Kd=1.0nM      // 1czr.pdf (FMN ox)
2ay4  2.20  1999  Kd=1.24mM     // 2ay4.pdf (PPT)
2ans  2.50  1999  Kd=1.2uM      // 2ans.pdf (2AN)
1ork  2.40  1999  Kd=1.56nM     // 1ork.pdf (ATC)
1bnv  2.40  1999  Kd=1.70nM     // 1bnv.pdf (AL7)
1c12  2.60  1999  Kd=1.9nM      // 1c12.pdf (TRZ)
2bow  2.80  1999  Kd=100uM      // 2bow.pdf (P4P)
1fpp  2.75  1999  Kd=10nM       // 1fpp.pdf (FPP) Kd measured on protein from human
1b9j  1.80  1999  Kd=1100nM     // 1b9j.pdf (3-mer)
1qka  1.80  1999  Kd=1200nM     // 1qka.pdf (3-mer)
1d4w  1.80  1999  Kd=120nM      // 1d4t.pdf (11-mer) fluorescence polarization binding constant=120nM, data not shown; incomplete ligand
1vr1  1.90  1999  Kd=128nM      // 1vr1.pdf (10-mer) Kd measured on thrombin (S195A, VR1tPA)
2ay2  2.40  1999  Kd=13.1mM     // 2ay2.pdf (CXP)
3tmk  2.00  1999  Kd=135nM      // 3tmk.pdf (T5A)
1bky  2.00  1999  Kd=144uM      // 1bky.pdf (1MC) X-ray(wild type) while Kd(VP39-F180W)
1bux  2.80  1999  Kd=14uM       // 1bux.pdf (PPS)
1mxl   NMR  1999  Kd=154uM      // 1mxl.pdf (17-mer) Kd=154+/-10uM
1d2e  1.94  1999  Kd=1uM        // 1d2e.pdf (GDP)
2ay5  2.40  1999  Kd=2.6mM      // 2ay5.pdf (IOP)
1bgq  2.50  1999  Kd=2.7nM      // 1bgq.pdf (RDC)
3kiv  1.80  1999  Kd=20uM       // 3kiv.pdf (ACA)
1qsc  2.40  1999  Kd=210uM      // 1qsc.pdf (7-mer)
1sm3  1.95  1999  Kd=24uM       // 1sm3.pdf (13-mer) incomplete ligand structure
1d7i  1.90  1999  Kd=250uM      // 1d7i.pdf (DSS)
5a3h  1.82  1999  Kd=26.7uM     // 5a3h.pdf (FFC) covalent complex
1b58  1.80  1999  Kd=260nM      // 1b58.pdf (3-mer)
1d04  1.85  1999  Kd=26uM       // 1d04.pdf (FMN hq)
1czo  1.85  1999  Kd=28uM       // 1czo.pdf (FMN hq)
2pcp  2.20  1999  Kd=2nM        // 2pcp.pdf (1PC)
1bt6  2.40  1999  Kd=2uM        // 1bt6.pdf (14-mer) Kd=2uM for free annexin II; Kd <10nM when (annexin II)2(p11)2 the complex is formed; incomplete ligand
1yei  1.90  1999  Kd=35nM       // 1yei.pdf (PGG)
1yej  1.85  1999  Kd=35nM       // 1yej.pdf (PNF)
1b5j  1.80  1999  Kd=37nM       // 1b5j.pdf (3-mer)
1bzy  2.00  1999  Kd=4.6nM      // 1bzy.pdf (IMU)
1b55  2.40  1999  Kd=40nM       // 1b55.pdf (4IP)
1qja  2.00  1999  Kd=416nM      // 1qja.pdf (8-mer)
1b51  1.80  1999  Kd=43nM       // 1b51.pdf (3-mer)
1qkb  1.80  1999  Kd=45nM       // 1qkb.pdf (3-mer)
2ay7  2.40  1999  Kd=5.0mM      // 2ay7.pdf (CLT)
2ay1  2.20  1999  Kd=5.14mM     // 2ay1.pdf (AHC)
1clu  1.70  1999  Kd=5.4nM      // 1clu.pdf (DBG)
2ay8  2.20  1999  Kd=5.8mM      // 2ay8.pdf (4TB)
1d7j  1.85  1999  Kd=500uM      // 1d7j.pdf (BUQ)
1b46  1.80  1999  Kd=5200nM     // 1b46.pdf (3-mer)
1b40  2.20  1999  Kd=53nM       // 1b40.pdf (3-mer)
1b4z  1.75  1999  Kd=5900nM     // 1b4z.pdf (3-mer)
1bzf   NMR  1999  Kd=5nM        // 1bzf.pdf (TMQ)
2ay9  2.50  1999  Kd=6.9mM      // 2ay9.pdf (5PV)
1evh  1.80  1999  Kd=602uM      // 1evh.pdf (7-mer) incomplete ligand structure
1aze   NMR  1999  Kd=60uM       // 1aze.pdf (10-mer)
1qk4  1.90  1999  Kd=61uM       // 1qk4.pdf (IMP)
1d4t  1.10  1999  Kd=650nM      // 1d4t.pdf (11-mer) Kd=650nM (FP)
1qk3  1.65  1999  Kd=7.1uM      // 1qk3.pdf (5GP)
1qaw  2.50  1999  Kd=7.5uM      // 1qaw.pdf (TRP)
1b52  2.30  1999  Kd=76nM       // 1b52.pdf (3-mer)
3mct  2.00  1999  Kd=85.5uM     // 3mct.pdf (3MC) X-ray(VP39 wild type) while Kd(VP39 F180W)
3mag  1.80  1999  Kd=86uM       // 3mag.pdf (3MA) X-ray(VP39 wild type) while Kd(VP39 F180W)
1bwn  2.10  1999  Kd=87nM       // 1bwn.pdf (4IP)
1m6p  1.80  1999  Kd=8uM        // 1m6p.pdf (M6P)
2mpa  2.60  1999  Kd=9.1nM      // 2mpa.pdf (9-mer)
1b5i  1.90  1999  Kd=90nM       // 1b5i.pdf (3-mer)
1b42  2.20  1999  Kd=97.9uM     // 1b42.pdf (M1A) X-ray(wild type) while Kd(VP39-F180W)
1swp  2.00  1999  Kd~10pM       // 1swp.pdf (BTN)
1swk  2.00  1999  Kd~1pM        // 1swk.pdf (BTN)
1swn  2.20  1999  Kd~1pM        // 1swn.pdf (BTN)
1d4y  1.97  1999  Ki=0.008nM    // 1d4y.pdf (TPV)
3erd  2.03  1999  Ki=0.126nM    // 3erd.pdf (DES) ligand is diethylstilbestrol, affinity in Human Breast Cancer
2std  2.10  1999  Ki=0.14nM     // 2std.pdf (CRP)
456c  2.40  1999  Ki=0.17nM     // 456c.pdf (CBP)
1bzh  2.10  1999  Ki=0.17uM     // 1bzh.pdf (7-mer)
1sfi  1.65  1999  Ki=0.1nM      // 1sfi.pdf (14-mer)
1ch8  2.50  1999  Ki=0.1uM      // 1ch8.pdf (GPX)
1oth  1.85  1999  Ki=0.1uM      // 1oth.pdf (PAO) Ki measured at pH=7.0, temp=37C
3ert  1.90  1999  Ki=0.249nM    // 3ert.pdf (OHT) ligand is compound 4-OH-Tamoxifen, affinity in human breast cancer
1bo5  3.20  1999  Ki=0.25mM     // 1bo5.pdf (FBP)
1dfo  2.40  1999  Ki=0.2uM      // 1dfo.pdf (FFO) Ki=0.2~0.5uM
1ca8  2.10  1999  Ki=0.32nM     // 1ca8.pdf (0KV) covalent complex
4yas  2.00  1999  Ki=0.39mM     // 4yas.pdf (CLX) covalent complex
1bxr  2.10  1999  Ki=0.4mM      // 1bxr.pdf (ANP)
1pme  2.00  1999  Ki=0.4nM      // 1pme.pdf (SB2)
2bpx  2.80  1999  Ki=0.4nM      // 2bpx.pdf (MK1)
830c  1.60  1999  Ki=0.52nM     // 830c.pdf (RS1)
5yas  2.20  1999  Ki=0.55mM     // 5yas.pdf (FAC)
1a5h  2.90  1999  Ki=0.5uM      // 1a5h.pdf (BBA) Ki measured on full lenghth sc-tPA
1ba8  1.80  1999  Ki=1.0nM      // 1ba8.pdf (0IT) covalent complex
1ekb  2.30  1999  Ki=1.0uM      // 1ekb.pdf (7-mer) incomplete ligand structure; covalent complex
1cet  2.05  1999  Ki=1.3mM      // 1cet.pdf (CLQ)
2bza  1.90  1999  Ki=1.58mM     // 2bza.pdf (ABN)
11gs  2.30  1999  Ki=1.5uM      // 11gs.pdf (2-mer) redundant to 3gss
1dg9  1.90  1999  Ki=1.8mM      // 1dg9.pdf (EPE)
3amv  2.10  1999  Ki=10.8nM     // 3amv.pdf (BIN)
1qin  2.00  1999  Ki=10nM       // 1qin.pdf (GIP)
1cp6  1.90  1999  Ki=10uM       // 1cp6.pdf (BUB) incomplete ligand structure
1qf2  2.06  1999  Ki=1200nM     // 1qf2.pdf (TI3)
1bzc  2.35  1999  Ki=12uM       // 1bzc.pdf (TPI)
1xka  2.30  1999  Ki=131nM      // 1xka.pdf (4PP) IC50=272nM
1bm6   NMR  1999  Ki=13nM       // 1bm6.pdf (3-mer)
1a94  2.00  1999  Ki=14nM       // 1a94.pdf (0Q4)
1b8y  2.00  1999  Ki=14nM       // 1b8y.pdf (IN7)
1d5r  2.10  1999  Ki=15mM       // 1d5r.pdf (TLA)
1ce5  1.90  1999  Ki=18.4uM     // 1ce5.pdf (BEN) redundant to 3gy7
1caq  1.80  1999  Ki=19nM       // 1caq.pdf (DPS) redundant to 1ciz
7std  1.80  1999  Ki=19pM       // 7std.pdf (CRP)
6std  1.80  1999  Ki=2.3nM      // 6std.pdf (MS2)
1mfi  1.80  1999  Ki=2.6uM      // 1mfi.pdf (FHC)
2sfp  1.90  1999  Ki=20mM       // 2sfp.pdf (PPI)
1bai  2.40  1999  Ki=20nM       // 1bai.pdf (0Q4)
2bpv  1.90  1999  Ki=21.2nM     // 2bpv.pdf (1IN)
1c3x  2.40  1999  Ki=210uM      // 1c3x.pdf (8IG)
1bzj  2.25  1999  Ki=22uM       // 1bzj.pdf (PIC)
966c  1.90  1999  Ki=23nM       // 966c.pdf (RS2)
1b8o  1.50  1999  Ki=23pM       // 1b8o.pdf (IMH)
13gs  1.90  1999  Ki=24uM       // 13gs.pdf (SAS)
1upf  2.30  1999  Ki=25uM       // 1upf.pdf (URF)
1c3e  2.10  1999  Ki=260nM      // 1c3e.pdf (NHR)
1a0q  2.30  1999  Ki=27nM       // 1a0q.pdf (HEP)
1c3b  2.25  1999  Ki=27nM       // 1c3b.pdf (BZB) covalent complex
1qhc  1.70  1999  Ki=27nM       // 1qhc.pdf (PUA)
2tsr  2.60  1999  Ki=29nM       // 2tsr.pdf (D16)
2fmb  1.80  1999  Ki=2nM        // 2fmb.pdf (LP1)
1cr6  2.80  1999  Ki=3.1nM      // 1cr6.pdf (CPU)
1bgo  2.30  1999  Ki=3.5nM      // 1bgo.pdf (I10) covalent complex
4fiv  1.80  1999  Ki=300nM      // 4fiv.pdf (LP1)
1qcp  1.80  1999  Ki=30nM       // 1qcp.pdf (RWJ) covalent complex
1b8n  2.00  1999  Ki=30pM       // 1b8n.pdf (IMG)
1d6n  2.70  1999  Ki=31.5uM     // 1d6n.pdf (PPO) Ki measured on HGPRTase wt
5std  1.95  1999  Ki=32pM       // 5std.pdf (UNN)
1ciz  1.64  1999  Ki=36nM       // 1ciz.pdf (DPS)
2bpy  1.90  1999  Ki=39.8nM     // 2bpy.pdf (3IN)
1bb0  2.10  1999  Ki=4.4nM      // 1bb0.pdf (0IV) covalent complex
1hwr  1.80  1999  Ki=4.70nM     // 1hwr.pdf (216)
7kme  2.10  1999  Ki=40uM       // 7kme.pdf (7-mer) incomplete ligand structure
1qbv  1.80  1999  Ki=4100nM     // 1qbv.pdf (PPX)
1qjb  2.00  1999  Ki=416nM      // 1qjb.pdf (8-mer) Ki for structure mode 2
1qf0  2.20  1999  Ki=42nM       // 1qf0.pdf (TI2)
2fgi  2.50  1999  Ki=45.2nM     // 2fgi.pdf (PD1)
4std  2.15  1999  Ki=47pM       // 4std.pdf (BFS)
1qf1  2.00  1999  Ki=48nM       // 1qf1.pdf (TI1)
1qbq  2.40  1999  Ki=5nM        // 1qbq.pdf (HFP)
1icj  1.90  1999  Ki=6mM        // 1icj.pdf (PGO)
3std  1.65  1999  Ki=7.7pM      // 3std.pdf (MQ0)
4prg  2.90  1999  Ki=70nM       // 4prg.pdf (072)
2toh  2.30  1999  Ki=70uM       // 2toh.pdf (HBI)
3usn   NMR  1999  Ki=710nM      // 3usn.pdf (ATT)
1zzz  1.90  1999  Ki=7300nM     // 1zzz.pdf (0IV) incomplete ligand structure; covalent complex
1b56  2.05  1999  Ki=802nM      // 1b56.pdf (PLM) binding data for E.coli FABP, not human
1yyy  2.10  1999  Ki=8100nM     // 1yyy.pdf (0KV) incomplete ligand structure; covalent complex
1ody  2.00  1999  Ki=8nM        // 1ody.pdf (LP1)
1qr3  1.60  2000  IC50=0.26uM   // 1qr3.pdf (8-mer)
1eei  2.00  2000  IC50=0.7mM    // 1eei.pdf (GAA)
1d5j  2.60  2000  IC50=0.7nM    // 1d5j.pdf (MM3)
1e02  2.15  2000  IC50=0.7uM    // 1e02.pdf (UNA)
1e00  1.83  2000  IC50=0.8uM    // 1e00.pdf (DHM)
1eef  1.80  2000  IC50=1.2mM    // 1eef.pdf (2-mer) ligand is GAL-I06
1dzj  2.00  2000  IC50=1.3uM    // 1dzj.pdf (SES)
1c3i  1.83  2000  IC50=1.6uM    // 1c3i.pdf (TR1)
1bzs  1.70  2000  IC50=10nM     // 1bzs.pdf (BSI)
1fv9  3.00  2000  IC50=10uM     // 1fv9.pdf (172)
1efi  1.60  2000  IC50=12mM     // 1efi.pdf (GAT)
1qhr  2.20  2000  IC50=130nM    // 1qhr.pdf (157) covalent complex
1ftk  1.60  2000  IC50=14.5uM   // 1ftk.pdf (KAI) IC50 measured on S1S2J
1fd7  1.80  2000  IC50=14mM     // 1fd7.pdf (AI1)
1d8f  2.40  2000  IC50=18nM     // 1d8f.pdf (SPI)
1qj6  2.20  2000  IC50=18nM     // 1qj6.pdf (167) covalent complex
1c8k  1.76  2000  IC50=1uM      // 1c8k.pdf (CPB)
1di8  2.20  2000  IC50=1uM      // 1di8.pdf (DTQ)
1cqp  2.60  2000  IC50=2.4uM    // 1cqp.pdf (803)
1fyr  2.40  2000  IC50=2.4uM    // 1fyr.pdf (5-mer)
1e06  2.12  2000  IC50=2.5uM    // 1e06.pdf (IPB)
1e1y  2.23  2000  IC50=2.5uM    // 1e1y.pdf (CPB)
1qpe  2.00  2000  IC50=20nM     // 1qpe.pdf (PP2)
1d8e  3.00  2000  IC50=250nM    // 1d8e.pdf (6-mer) FTase complexed with the FPP(FII) anolog and 11-mer KKKSKTKCVIM, IC50 for 11-mer is 50nM. IC50 for TKCVIM 6-mer is 250nM
1dmt  2.10  2000  IC50=2nM      // 1dmt.pdf (RDF) ligand is Phospho-ramidon
1d8m  2.44  2000  IC50=3.1nM    // 1d8m.pdf (BBH)
1qkn  2.25  2000  IC50=3.4nM    // 1qkn.pdf (RAL) ligand is compound 1, RALOXIFENE
1dzp  1.83  2000  IC50=3.6uM    // 1dzp.pdf (BZQ)
1dzm  1.93  2000  IC50=3.9uM    // 1dzm.pdf (BZM)
1d7x  2.00  2000  IC50=3nM      // 1d7x.pdf (SPC)
3gwx  2.40  2000  IC50=4.0uM    // 3gwx.pdf (EPA)
1exv  2.40  2000  IC50=45nM     // 1exv.pdf (700)
1c29  2.30  2000  IC50=472nM    // 1c29.pdf (HE1) redundant to 1c8v
1c8v  2.20  2000  IC50=472nM    // 1c8v.pdf (HE1)
1qtn  1.20  2000  IC50=50nM     // 1qtn.pdf (5-mer) covalent complex
1ezf  2.15  2000  IC50=56nM     // 1ezf.pdf (IN0)
1dtt  3.00  2000  IC50=5nM      // 1dtt.pdf (FTC)
1di9  2.60  2000  IC50=5uM      // 1di9.pdf (MSQ)
1c8l  2.30  2000  IC50=6.9nM    // 1c8l.pdf (BIN)
1dx6  2.30  2000  IC50=652nM    // 1dx6.pdf (GNT)
1dtq  2.80  2000  IC50=6nM      // 1dtq.pdf (FPT)
1em6  2.20  2000  IC50=6nM      // 1em6.pdf (CP4)
1dm2  2.10  2000  IC50=70nM     // 1dm2.pdf (HMD)
1ftj  1.90  2000  IC50=821nM    // 1ftj.pdf (GLU)
1qj7  2.20  2000  IC50=8nM      // 1qj7.pdf (GR1) covalent complex
1fsg  1.05  2000  IC50=9.5uM    // 1fsg.pdf (9DG)
1ftl  1.80  2000  IC50=998nM    // 1ftl.pdf (DNQ)
1qj1  2.00  2000  IC50=9nM      // 1qj1.pdf (166) covalent complex
1fao  1.80  2000  Kd=0.043uM    // 1fao.pdf (4IP)
1fl3  2.45  2000  Kd=0.16uM     // 1fl3.pdf (SPB)
1d2s  1.55  2000  Kd=0.182nM    // 1d2s.pdf (DHT) ligand is compound 1, 5-ALPHA-DIHYDROTESTOSTERONE, pKd=9.74
1df8  1.51  2000  Kd=0.20nM     // 1df8.pdf (BTN)
1qku  3.20  2000  Kd=0.26nM     // 1qku.pdf (EST) WT Kd=0.26+/-0.05nM
1g52  1.80  2000  Kd=0.29nM     // 1g52.pdf (F2B)
1d3q  2.90  2000  Kd=0.29uM     // 1d3q.pdf (BT2)
1c7f  2.00  2000  Kd=0.30nM     // 1c7f.pdf (FMN ox)
1dl7  2.35  2000  Kd=0.32uM     // 1dl7.pdf (NCH)
1g1d  2.04  2000  Kd=0.36nM     // 1g1d.pdf (FSB)
1flm  1.30  2000  Kd=0.43nM     // 1flm.pdf (FMN)
1e03  2.90  2000  Kd=0.4nM      // 1e03.pdf (NTP)
1db1  1.80  2000  Kd=0.55nM     // 1db1.pdf (VDX)
1fcz  1.38  2000  Kd=0.6nM      // 1fcz.pdf (156)
1fbm  2.70  2000  Kd=0.6uM      // 1fbm.pdf (RTL)
1d3d  2.04  2000  Kd=0.81nM     // 1d3d.pdf (BZT)
1f4y  2.80  2000  Kd=0.83uM     // 1f4y.pdf (MGU)
1dzk  1.48  2000  Kd=0.8uM      // 1dzk.pdf (PRZ)
1g53  1.94  2000  Kd=0.91nM     // 1g53.pdf (F6B)
1qkt  2.20  2000  Kd=0.92nM     // 1qkt.pdf (EST)
1czc  2.50  2000  Kd=1.5mM      // 1czc.pdf (GUA)
1czk  1.90  2000  Kd=1.5nM      // 1czk.pdf (FMN ox)
1g54  1.86  2000  Kd=1.5nM      // 1g54.pdf (FFB)
1g46  1.84  2000  Kd=1.6nM      // 1g46.pdf (F2B)
1duv  1.70  2000  Kd=1.6pM      // 1duv.pdf (PSQ)
1ggd  1.50  2000  Kd=1.6uM      // 1ggd.pdf (FAF) covalent complex
1qft  1.25  2000  Kd=1.7nM      // 1qft.pdf (HSM)
1ddm   NMR  2000  Kd=1.7uM      // 1ddm.pdf (11-mer)
1fhr   NMR  2000  Kd=100uM      // 1fhr.pdf (7-mer)
1f8a  1.84  2000  Kd=10uM       // 1f8a.pdf (7-mer)
1ql7  2.10  2000  Kd=10uM       // 1ql7.pdf (ZEN) Kd=10~20uM
1c5c  1.61  2000  Kd=110nM      // 1c5c.pdf (TK4)
1elr  1.90  2000  Kd=11uM       // 1elr.pdf (6-mer)
1ff1   NMR  2000  Kd=12uM       // 1f8h.pdf (11-mer) Kd=12+/-2uM; incomplete ligand
1qng  2.10  2000  Kd=13nM       // 1qng.pdf (11-mer)
1qiw  2.30  2000  Kd=18nM       // 1qiw.pdf (DPD)
1dpu   NMR  2000  Kd=1uM        // 1dpu.pdf (16-mer) Kd<1uM; Kd=5uM(binding affinity of RPA32172-270 for XPA1-98)
1f40   NMR  2000  Kd=1uM        // 1f40.pdf (GPI)
1g4j  1.84  2000  Kd=2.0nM      // 1g4j.pdf (FFB)
1dkd  2.10  2000  Kd=2.0uM      // 1dkd.pdf (12-mer) incomplete ligand
1e8h  2.60  2000  Kd=2.1uM      // 1e8h.pdf (ADP)
1g45  1.83  2000  Kd=2.3nM      // 1g45.pdf (FSB)
1cze  2.40  2000  Kd=2.4mM      // 1cze.pdf (SIN)
1f4x  2.30  2000  Kd=2.6uM      // 1f4x.pdf (MGS)
1fo0  2.50  2000  Kd=2.6uM      // 1fo0.pdf (8-mer)
1om2   NMR  2000  Kd=20uM       // 1om2.pdf (11-mer)
1e5a  1.80  2000  Kd=23nM       // 1e5a.pdf (TBP)
1ftm  1.70  2000  Kd=24.8nM     // 1ftm.pdf (AMQ)
1fzq  1.70  2000  Kd=24nM       // 1fzq.pdf (GDP)
1fj4  2.35  2000  Kd=26uM       // 1fj4.pdf (TLM) redundant to 2vb8
1g1e   NMR  2000  Kd=29nM       // 1g1e.pdf (16-mer) Kd=15nM(binding affinity of Mad1 1-35 and Sin3)
1e4h  1.80  2000  Kd=3.9nM      // 1e4h.pdf (PBR)
1g48  1.86  2000  Kd=3.9nM      // 1g48.pdf (F6B)
1fcy  1.30  2000  Kd=3nM        // 1fcy.pdf (564)
1bp0  2.40  2000  Kd=4.0uM      // 1bp0.pdf (UMP)
1d3p  2.10  2000  Kd=41nM       // 1d3p.pdf (BT3)
1qpb  2.40  2000  Kd=44mM       // 1qpb.pdf (PYM)
1g4o  1.96  2000  Kd=5.6nM      // 1g4o.pdf (BSB)
1c7e  2.25  2000  Kd=505nM      // 1c7e.pdf (FMN hq)
1ej4  2.25  2000  Kd=50nM       // 1ej4.pdf (17-mer) incomplete ligand structure
1g6g  1.60  2000  Kd=530nM      // 1g6g.pdf (13-mer) incomplete ligand structure
1g6r  2.80  2000  Kd=54uM       // 1g6r.pdf (8-mer)
1etz  2.60  2000  Kd=58nM       // 1etz.pdf (GAS)
1f3j  3.10  2000  Kd=6.0uM      // 1f3j.pdf (14-mer) HEL(11-25) peptide and I-Ag7 complex, Kd=6.0+/-0.7uM
1fcx  1.47  2000  Kd=64nM       // 1fcx.pdf (184)
1d6v  2.00  2000  Kd=670nM      // 1d6v.pdf (HOP)
1fch  2.20  2000  Kd=70nM       // 1fch.pdf (5-mer)
1d6s  2.30  2000  Kd=78uM       // 1d6s.pdf (PLP) Kd measured on OASS wt
1dva  3.00  2000  Kd=8.5nM      // 1dva.pdf (19-mer) incomplete ligan structure
1qnh  2.10  2000  Kd=872nM      // 1qnh.pdf (11-mer)
1c1u  1.75  2000  Ki=0.0056uM   // 1c1u.pdf (BAI)
1c4v  2.10  2000  Ki=0.016nM    // 1c4v.pdf (IH2)
1b57  2.00  2000  Ki=0.01uM     // 1b57.pdf (PGH) ligand is phosphoglycolohydroxamic acid (PGH)
1c1r  1.37  2000  Ki=0.0235uM   // 1c1r.pdf (BAI)
1c1v  1.98  2000  Ki=0.023uM    // 1c1v.pdf (BAB)
1f7b  1.80  2000  Ki=0.025mM    // 1f7b.pdf (NAV) covalent complex
1c4u  2.10  2000  Ki=0.043nM    // 1c4u.pdf (IH1)
1c70  2.50  2000  Ki=0.05nM     // 1c70.pdf (L75)
1fjs  1.92  2000  Ki=0.11nM     // 1fjs.pdf (Z34)
1fh8  1.95  2000  Ki=0.13uM     // 1fh8.pdf (2-mer) ligand is XYP-XIF
1fhd  1.90  2000  Ki=0.15uM     // 1fhd.pdf (2-mer) ligand is XYP-XIM
1gfz  2.30  2000  Ki=0.1mM      // 1gfz.pdf (CFF) Ki=0.1-0.2mM
1e37  1.75  2000  Ki=0.20mM     // 1e37.pdf (TPY) covalent complex
1c5x  1.75  2000  Ki=0.21uM     // 1c5x.pdf (ESI)
1d1p  2.20  2000  Ki=0.25mM     // 1d1p.pdf (EPE)
1f3e  1.85  2000  Ki=0.2uM      // 1f3e.pdf (DPZ)
1c6y  2.50  2000  Ki=0.31nM     // 1c6y.pdf (MK1) X-ray(HIV-1 protease with 9 mutations) while Ki(wild type)
1fh9  1.72  2000  Ki=0.37uM     // 1fh9.pdf (2-mer) ligand is XYP-LOX
1c5q  1.43  2000  Ki=0.44uM     // 1c5q.pdf (ESI)
1e6s  1.35  2000  Ki=0.6mM      // 1e6s.pdf (GOX)
1d4k  1.85  2000  Ki=0.6nM      // 1d4k.pdf (PI8)
1d9i  2.30  2000  Ki=0.78nM     // 1d9i.pdf (00P)
1ec9  2.00  2000  Ki=0.8mM      // 1ec9.pdf (XYH)
1fq8  2.80  2000  Ki=0.94uM     // 1fq8.pdf (2Y4)
1f74  1.60  2000  Ki=0.9mM      // 1f74.pdf (NAY)
1ezq  2.20  2000  Ki=0.9nM      // 1ezq.pdf (RPR)
1eoc  2.25  2000  Ki=0.9uM      // 1eoc.pdf (4NC)
1ecq  2.00  2000  Ki=1.0mM      // 1ecq.pdf (DXG)
1c5s  1.36  2000  Ki=1.0uM      // 1c5s.pdf (ESX)
1f4e  1.90  2000  Ki=1.1mM      // 1f4e.pdf (TPR)
1doj  1.70  2000  Ki=1.1nM      // 1doj.pdf (1Z0) covalent complex
1e34  1.80  2000  Ki=1.32mM     // 1e34.pdf (TPX) covalent complex
1qm5  2.00  2000  Ki=1.5uM      // 1qm5.pdf (5-mer)
1fkn  1.90  2000  Ki=1.6nM      // 1fkn.pdf (7-mer)
1d4l  1.75  2000  Ki=1.7nM      // 1d4l.pdf (PI9)
1b6k  1.85  2000  Ki=1.8nM      // 1b6k.pdf (PI5)
1f0t  1.80  2000  Ki=1000nM     // 1f0t.pdf (PR1)
1dqn  1.75  2000  Ki=10nM       // 1dqn.pdf (IMU)
1e2k  1.70  2000  Ki=11.4uM     // 1e2k.pdf (TMC)
1d6w  2.00  2000  Ki=1100nM     // 1d6w.pdf (00R)
1exw  2.40  2000  Ki=125uM      // 1exw.pdf (HDS) covalent complex
1b6j  1.85  2000  Ki=12nM       // 1b6j.pdf (5-mer)
1c4y  2.70  2000  Ki=12nM       // 1c4y.pdf (IH3)
1fq6  2.70  2000  Ki=13.7nM     // 1fq6.pdf (0QF)
1erq  1.90  2000  Ki=13nM       // 1erq.pdf (BJH) covalent complex
1qbn  1.80  2000  Ki=1400nM     // 1qbn.pdf (688)
1c83  1.80  2000  Ki=14uM       // 1c83.pdf (OAI)
1ecv  1.95  2000  Ki=14uM       // 1ecv.pdf (878)
1qji  2.14  2000  Ki=14uM       // 1qji.pdf (PKF)
1gfw  2.80  2000  Ki=15nM       // 1gfw.pdf (MSI) covalent complex
1qb1  1.80  2000  Ki=170nM      // 1qb1.pdf (974)
1eoj  2.10  2000  Ki=17fM       // 1eoj.pdf (14-mer)
1ek1  3.10  2000  Ki=17nM       // 1ek1.pdf (CIU)
1f0s  2.10  2000  Ki=18nM       // 1f0s.pdf (PR2)
1qbo  1.80  2000  Ki=18nM       // 1qbo.pdf (711)
1qaq  2.80  2000  Ki=18uM       // 1qaq.pdf (SFG)
1ylv  2.15  2000  Ki=2.0mM      // 1ylv.pdf (SHF) covalent complex
1f57  1.75  2000  Ki=2.3uM      // 1f57.pdf (DCY)
1hlf  2.26  2000  Ki=2.3uM      // 1hlf.pdf (GL4) Ki measured with phosphate
1ejn  1.80  2000  Ki=2.4uM      // 1ejn.pdf (AGB)
1c5n  1.50  2000  Ki=20uM       // 1c5n.pdf (ESI)
1c86  2.30  2000  Ki=20uM       // 1c86.pdf (OPA)
1c5p  1.43  2000  Ki=21uM       // 1c5p.pdf (BAM)
1f0r  2.10  2000  Ki=22nM       // 1f0r.pdf (815)
1c85  2.72  2000  Ki=23uM       // 1c85.pdf (OBA)
1f4f  2.00  2000  Ki=24uM       // 1f4f.pdf (TP3)
1c2t  2.10  2000  Ki=260nM      // 1c2t.pdf (NHS) redundant to 1c3e
1d09  2.10  2000  Ki=27nM       // 1d09.pdf (PAL) ATCase in complex with PALA
1egh  2.00  2000  Ki=2uM        // 1egh.pdf (PGA)
1ggn  2.36  2000  Ki=3.1uM      // 1ggn.pdf (GLS)
1fq7  2.80  2000  Ki=3.74uM     // 1fq7.pdf (2Y3)
1c5o  1.90  2000  Ki=320uM      // 1c5o.pdf (BAM)
1f4g  1.75  2000  Ki=330nM      // 1f4g.pdf (TP4)
1qan  2.40  2000  Ki=33uM       // 1qan.pdf (SAH)
1fw0  1.90  2000  Ki=3690nM     // 1fw0.pdf (KAI) ligand is kainate
1qb9  1.80  2000  Ki=36nM       // 1qb9.pdf (806)
1eol  2.10  2000  Ki=38fM       // 1eol.pdf (15-mer)
1fq4  2.70  2000  Ki=398.0nM    // 1fq4.pdf (2Y2)
1b6p  2.00  2000  Ki=3nM        // 1b6p.pdf (PI7) incomplete ligand structure
1fq5  2.40  2000  Ki=4.0nM      // 1fq5.pdf (0GM)
1f73  1.95  2000  Ki=4.1mM      // 1f73.pdf (HMN)
1ql9  2.30  2000  Ki=4.45uM     // 1ql9.pdf (ZEN)
1qi0  2.10  2000  Ki=4.5mM      // 1qi0.pdf (CBI)
1dy4  1.90  2000  Ki=44uM       // 1dy4.pdf (SNP)
1b6m  1.85  2000  Ki=4nM        // 1b6m.pdf (PI6) redundant to 1mtr
1c88  1.80  2000  Ki=5.1uM      // 1c88.pdf (OTA)
1fh7  1.82  2000  Ki=5.8uM      // 1fh7.pdf (2-mer) ligand is XYP-XDN
1ero  2.10  2000  Ki=5.9nM      // 1ero.pdf (BJP) covalent complex
1b74  2.30  2000  Ki=50mM       // 1b74.pdf (DGN)
1qm4  2.66  2000  Ki=50uM       // 1qm4.pdf (AMB)
1e2l  2.40  2000  Ki=51.5uM     // 1e2l.pdf (TMC)
1b6l  1.75  2000  Ki=5nM        // 1b6l.pdf (PI4)
1ek2  3.00  2000  Ki=6.3nM      // 1ek2.pdf (CDU)
1ft7  2.20  2000  Ki=6.6uM      // 1ft7.pdf (PLU) Ki measured at pH=8.0
1c5y  1.65  2000  Ki=63uM       // 1c5y.pdf (ESP)
1c87  2.10  2000  Ki=63uM       // 1c87.pdf (OPA)
1f0u  1.90  2000  Ki=69nM       // 1f0u.pdf (RPR)
1bsk  3.00  2000  Ki=76uM       // 1bsk.pdf (MLN)
1e55  2.00  2000  Ki=76uM       // 1e55.pdf (2-mer) ligand is BGC-DHR; Ki measured on Glu1 wt
1gfy  2.13  2000  Ki=8.32uM     // 1gfy.pdf (COL) ligand is compound 29; -logKi=5.08
1enu  1.95  2000  Ki=8.3uM      // 1enu.pdf (APZ)
1qq9  1.53  2000  Ki=8.7mM      // 1qq9.pdf (MET)
1eix  2.50  2000  Ki=8.8pM      // 1eix.pdf (BMQ) redundant to 1x1z
1dgm  1.80  2000  Ki=8.9uM      // 1dgm.pdf (ADN) ligand is adenosine
1c5t  1.37  2000  Ki=80uM       // 1c5t.pdf (ESP)
1qb6  1.80  2000  Ki=870nM      // 1qb6.pdf (623)
8a3h  0.97  2000  Ki=88uM       // 8a3h.pdf (IDC)
1c84  2.35  2000  Ki=9.9uM      // 1c84.pdf (761)
1ci7  2.60  2000  Ki=90nM       // 1ci7.pdf (CB3)
1c5z  1.85  2000  Ki=97uM       // 1c5z.pdf (BAM)
1dqx  2.40  2000  Ki=9pM        // 1dqx.pdf (BMP) redundant to 1x1z
1jlq  3.00  2001  IC50=0.007uM  // 1jlq.pdf (SBN)
1h8y  2.00  2001  IC50=0.02uM   // 1h8y.pdf (MER)
1joj  3.00  2001  IC50=0.06mM   // 1joj.pdf (7-mer)
1jbd   NMR  2001  IC50=0.12uM   // 1hoy.pdf (14-mer) lowest-energy structure
1g37  2.00  2001  IC50=0.1nM    // 1g37.pdf (110) covalent complex
1i7m  2.24  2001  IC50=0.23nM   // 1i7m.pdf (_CG)
1ft4  2.90  2001  IC50=0.27uM   // 1ft4.pdf (703)
1hvy  1.90  2001  IC50=0.29uM   // 1hvy.pdf (D16) ligand is Raltitrexed
1jik  2.80  2001  IC50=0.2nM    // 1jik.pdf (545)
1fo3  1.75  2001  IC50=0.2uM    // 1fo3.pdf (KIF)
1jq3  1.80  2001  IC50=0.2uM    // 1jq3.pdf (AAT)
1i7c  2.40  2001  IC50=0.4uM    // 1i7c.pdf (MGB)
1k2i  1.80  2001  IC50=0.78mM   // 1k2i.pdf (SN1) covalent complex
1i91  2.00  2001  IC50=1.15nM   // 1i91.pdf (INQ)
1i8z  1.93  2001  IC50=1.27nM   // 1i8z.pdf (INL)
1i90  2.00  2001  IC50=1.28nM   // 1i90.pdf (INM)
1jvp  1.53  2001  IC50=1.6uM    // 1jvp.pdf (LIG)
1jj9  2.00  2001  IC50=1.7uM    // 1jj9.pdf (BBT)
1hc9  1.80  2001  IC50=1.9nM    // 1hc9.pdf (13-mer)
1iep  2.10  2001  IC50=100nM    // 1iep.pdf (STI)
1fvv  2.80  2001  IC50=10nM     // 1fvv.pdf (107)
1g2a  1.75  2001  IC50=10nM     // 1g2a.pdf (BB2)
1k1p  1.90  2001  IC50=11.9nM   // 1k1p.pdf (MEL) ligand is compound Melagatran
1g49  1.90  2001  IC50=16nM     // 1g49.pdf (111)
1h5u  1.76  2001  IC50=178nM    // 1h5u.pdf (CHI) IC50=334nM without glucose
1jii  3.20  2001  IC50=1nM      // 1jii.pdf (383)
1f0q  2.63  2001  IC50=1uM      // 1f0q.pdf (EMO)
1g4k  2.00  2001  IC50=2.0uM    // 1g4k.pdf (HQQ)
1ikw  3.00  2001  IC50=2.5nM    // 1ikw.pdf (EFZ)
1cs4  2.50  2001  IC50=2.7uM    // 1cs4.pdf (101)
1fo2  2.38  2001  IC50=20uM     // 1fo2.pdf (DMJ)
1haa   NMR  2001  IC50=2nM      // 1haa.pdf (13-mer)
1i32  2.60  2001  IC50=2uM      // 1i32.pdf (NMD)
1hbj  2.50  2001  IC50=3.0nM    // 1hbj.pdf (FBQ) covalent complex
1g05  2.45  2001  IC50=3.1nM    // 1g05.pdf (BBH)
1jje  1.80  2001  IC50=3.7nM    // 1jje.pdf (BYS)
1fls   NMR  2001  IC50=33nM     // 1fls.pdf (WAY)
1e9h  2.50  2001  IC50=35nM     // 1e9h.pdf (INR)
1i8j  1.90  2001  IC50=39uM     // 1i8j.pdf (DSB)
1jij  3.20  2001  IC50=3nM      // 1jij.pdf (629)
1jk7  1.90  2001  IC50=3nM      // 1jk7.pdf (OKA)
1hs6  1.95  2001  IC50=4.2uM    // 1hs6.pdf (BES)
1g5s  2.61  2001  IC50=48nM     // 1g5s.pdf (I17)
1jil  2.20  2001  IC50=4nM      // 1jil.pdf (485)
1iky  3.00  2001  IC50=5.5nM    // 1iky.pdf (MSD)
1ikv  3.00  2001  IC50=520nM    // 1ikv.pdf (EFZ)
1i72  2.00  2001  IC50=55nM     // 1i72.pdf (MAO) ligand is compound 5
1fvt  2.20  2001  IC50=60nM     // 1fvt.pdf (106)
1ikx  2.80  2001  IC50=7.0nM    // 1ikx.pdf (PNU)
1i33  3.00  2001  IC50=75uM     // 1i33.pdf (TND)
1g27  2.10  2001  IC50=7nM      // 1g27.pdf (BB1)
1jjt  1.80  2001  IC50=9nM      // 1jjt.pdf (BDS)
1i5d  2.90  2001  Kd<0.010uM    // 1i5d.pdf (128)
1j7z  2.25  2001  Kd=0.02uM     // 1j7z.pdf (15-mer) X-ray(2M sarcosine); Kd=4.21uM(6.5 Kd=3.38uM(10     Kd=2.00uM(20     Kd=1.30uM(30     Kd=0.70uM(40     Kd=0.38uM(50     Kd=0.18uM(55     Kd=0.02uM(60
1jd6  2.70  2001  Kd=0.041uM    // 1jd6.pdf (10-mer)
1ie9  1.40  2001  Kd=0.065nM    // 1ie9.pdf (VDX) ligand is compound 1,25(OH)2 vitamin D3
1j81  2.20  2001  Kd=0.08uM     // 1j7z.pdf (15-mer) Kd=0.53uM(10     Kd=0.30uM(20     Kd=0.08uM(30
1hn4  1.50  2001  Kd=0.15mM     // 1hn4.pdf (MJI)
1fwv  2.20  2001  Kd=0.19mM     // 1fwv.pdf (3-mer)
1fwu  1.90  2001  Kd=0.20mM     // 1fwu.pdf (3-mer)
1jd5  1.90  2001  Kd=0.24uM     // 1jd5.pdf (10-mer)
1j4q   NMR  2001  Kd=0.36uM     // 1j4q.pdf (13-mer)
1i80  2.00  2001  Kd=0.39uM     // 1i80.pdf (9HX)
1j80  2.10  2001  Kd=0.3uM      // 1j7z.pdf (15-mer) Kd=0.88uM; Kd=0.30uM
1k3q   NMR  2001  Kd=0.3uM      // 1k3n.pdf (13-mer)
1g3f   NMR  2001  Kd=0.43uM     // 1g3f.pdf (9-mer)
1ex8  1.85  2001  Kd=0.47uM     // 1ex8.pdf (A4P) Kd=0.47uM (with Mg2+); Kd=1.93uM (without Mg2+)
1g7v  2.40  2001  Kd=0.4uM      // 1g7v.pdf (PAI)
1i7z  2.30  2001  Kd=0.4uM      // 1i7z.pdf (COC)
1ka7   NMR  2001  Kd=0.60uM     // 1ka7.pdf (12-mer)
1h6e  3.60  2001  Kd=0.7uM      // 1h6e.pdf (11-mer) incomplete ligand
1hiy  2.60  2001  Kd=0.83mM     // 1hiy.pdf (3AN)
1e3g  2.40  2001  Kd=0.99nM     // 1e3g.pdf (R18) ligand is compound 3 (RU1881)
1hn2  1.80  2001  Kd=1.0uM      // 1hn2.pdf (ANC)
1h8s  2.40  2001  Kd=1.54uM     // 1h8s.pdf (AIC)
1j4p   NMR  2001  Kd=10.2uM     // 1j4p.pdf (13-mer)
1k3n   NMR  2001  Kd=10.2uM     // 1k3n.pdf (13-mer)
1j4k   NMR  2001  Kd=100uM      // 1j4k.pdf (7-mer) redundant to 1fhr
1ih0   NMR  2001  Kd=10uM       // 1ih0.pdf (EMD)
1f90  2.60  2001  Kd=11.9nM     // 1f90.pdf (9-mer)
1k1l  2.50  2001  Kd=125nM      // 1k1l.pdf (FD3)
1fzo  1.80  2001  Kd=13nM       // 1fzo.pdf (9-mer)
1h61  1.40  2001  Kd=13uM       // 1h61.pdf (PDN)
1k1n  2.00  2001  Kd=153nM      // 1k1n.pdf (CCR)
1h62  1.90  2001  Kd=17uM       // 1h62.pdf (ANB)
1k03  2.70  2001  Kd=1uM        // 1k03.pdf (HBA)
1hq5  2.30  2001  Kd=2.22uM     // 1hq5.pdf (S2C)
1i9n  1.86  2001  Kd=2.2nM      // 1i9n.pdf (IOA)
1ha2  2.50  2001  Kd=2.9uM      // 1ha2.pdf (SWF)
1fzm  1.80  2001  Kd=20nM       // 1fzm.pdf (8-mer)
1h60  1.60  2001  Kd=20uM       // 1h60.pdf (STR)
1f47  1.95  2001  Kd=21.6uM     // 1f47.pdf (17-mer) Kd=21.6uM(binding to immobilized ZipA/M185); Kd=0.2uM(binding to soluble ZipA).
1if8  1.94  2001  Kd=230pM      // 1if8.pdf (SBS)
1ii5  1.60  2001  Kd=240nM      // 1ii5.pdf (GLU)
1joc  2.20  2001  Kd=24uM       // 1joc.pdf (ITP)
1k1i  2.20  2001  Kd=264nM      // 1k1i.pdf (FD1)
1k1j  2.20  2001  Kd=28nM       // 1k1j.pdf (FD2)
1i8h   NMR  2001  Kd=29uM       // 1i8h.pdf (13-mer)
1jgl  2.15  2001  Kd=2nM        // 1jgl.pdf (EST)
1i9l  1.93  2001  Kd=3.3nM      // 1i9l.pdf (INV)
1i9m  1.84  2001  Kd=3.3nM      // 1i9m.pdf (INW)
1i9o  1.86  2001  Kd=3.8nM      // 1i9o.pdf (IOC)
1h9z  2.50  2001  Kd=3.8uM      // 1h9z.pdf (RWF)
1i9p  1.92  2001  Kd=3.9nM      // 1i9p.pdf (IOE)
1i9q  1.80  2001  Kd=3.9nM      // 1i9q.pdf (IOF)
1imx  1.82  2001  Kd=300uM      // 1imx.pdf (CPQ)
1if7  1.98  2001  Kd=30pM       // 1if7.pdf (SBR)
1ewj  2.50  2001  Kd=32nM       // 1ewj.pdf (BLM)
1iq1  2.80  2001  Kd=35nM       // 1iq1.pdf (11-mer)
1fl6  2.80  2001  Kd=37nM       // 1fl6.pdf (AAH)
1ikt  1.75  2001  Kd=400uM      // 1ikt.pdf (OXN)
1k1m  2.20  2001  Kd=40nM       // 1k1m.pdf (FD4)
1jmq   NMR  2001  Kd=40uM       // 1jmq.pdf (10-mer)
1ilh  2.76  2001  Kd=41nM       // 1ilh.pdf (SRL)
1e3v  2.00  2001  Kd=45.74uM    // 1e3v.pdf (DXC)
1fe3  2.80  2001  Kd=46.7nM     // 1fe3.pdf (OLA)
1fzk  1.70  2001  Kd=4nM        // 1fzk.pdf (9-mer)
1h6h  1.70  2001  Kd=5.0uM      // 1h6h.pdf (PIB)
1k9r   NMR  2001  Kd=500uM      // 1k9r.pdf (6-mer)
1fdq  2.10  2001  Kd=53.4nM     // 1fdq.pdf (HXA)
1i5h   NMR  2001  Kd=53uM       // 1i5h.pdf (17-mer) Kd=53+/-8uM(150mM KCl, 10mM potassium phosphate, pH 7.4); Kd=21+/-3uM(10mM sodium phosphate, pH 7.4).
1idg   NMR  2001  Kd=65nM       // 1idg.pdf (19-mer) incomplete ligand structure
1k9q   NMR  2001  Kd=700uM      // 1k9q.pdf (5-mer)
1gny  1.63  2001  Kd=73uM       // 1gny.pdf (5-mer)
1g6s  1.50  2001  Kd=7uM        // 1g6s.pdf (S3P) ligand is SHIKIMATE-3-PHOSPHATE (S3P)
1fzj  1.90  2001  Kd=8nM        // 1fzj.pdf (8-mer)
1i1e  2.50  2001  Kd=9.4uM      // 1i1e.pdf (DM2)
1j4r  1.80  2001  Ki=0.019uM    // 1j4r.pdf (001)
1f8c  1.70  2001  Ki=0.04uM     // 1f8c.pdf (4AM)
1e66  2.10  2001  Ki=0.13nM     // 1e66.pdf (HUX)
1fsy  1.75  2001  Ki=0.15uM     // 1fsy.pdf (105) covalent complex
1g7g  2.20  2001  Ki=0.25uM     // 1g7g.pdf (INX)
1jzs  2.50  2001  Ki=0.25uM     // 1jzs.pdf (MRC)
1i37  2.00  2001  Ki=0.27nM     // 1i37.pdf (DHT)
1hp0  2.10  2001  Ki=0.2uM      // 1hp0.pdf (AD3)
1k9s  2.00  2001  Ki=0.30uM     // 1k9s.pdf (FM2)
1fsw  1.90  2001  Ki=0.32uM     // 1fsw.pdf (CTB) covalent complex
1i00  2.50  2001  Ki=0.46uM     // 1i00.pdf (D16)
1hnn  2.40  2001  Ki=0.58uM     // 1hnn.pdf (SKF)
1hqh  2.80  2001  Ki=0.5uM      // 1hqh.pdf (NNH)
1f92  2.60  2001  Ki=0.64uM     // 1f92.pdf (UKP)
1e72  1.60  2001  Ki=0.6mM      // 1e72.pdf (GOX)
1jp5  2.70  2001  Ki=0.6nM      // 1jp5.pdf (9-mer) Ki measured on full length HIV-1 protease; incomplete ligand structure
1h9l  1.67  2001  Ki=0.76mM     // 1h9l.pdf (5-mer) covalent complex; incomplete ligand
1e6q  1.35  2001  Ki=0.7mM      // 1e6q.pdf (NTZ)
1g42  1.80  2001  Ki=0.97mM     // 1g42.pdf (CP2) Ki=0.97+/-0.085mM, ligand is compound 1, 2-DCP
1hqg  2.00  2001  Ki=1.0mM      // 1hqg.pdf (ORN) Ki=880mM for URE
1iih  2.20  2001  Ki=1.3mM      // 1iih.pdf (3PG)
1e1x  1.85  2001  Ki=1.3uM      // 1e1x.pdf (NW1)
1hdq  2.30  2001  Ki=1.5uM      // 1hdq.pdf (INF)
1f1j  2.35  2001  Ki=1.6nM      // 1f1j.pdf (5-mer) covalent complex
1g3c  1.80  2001  Ki=1.6uM      // 1g3c.pdf (109)
1g3b  1.80  2001  Ki=1.8uM      // 1g3b.pdf (108) Ki for Mg-108
1eub   NMR  2001  Ki=1.9nM      // 1eub.pdf (3-mer)
1e5j  1.85  2001  Ki=100uM      // 1e5j.pdf (4-mer)
1juj  3.00  2001  Ki=109nM      // 1juj.pdf (LYA)
1hlk  2.50  2001  Ki=10uM       // 1hlk.pdf (113) IC50=29uM
1hqf  2.90  2001  Ki=10uM       // 1hqf.pdf (HAR) Ki=10-42uM
1i6v  3.30  2001  Ki=10uM       // 1i6v.pdf (RFP)
1g2k  1.95  2001  Ki=11nM       // 1g2k.pdf (NM1)
1f2o  1.70  2001  Ki=12.4mM     // 1f2o.pdf (LEU) Ki measured with Ca2+
1f2p  1.80  2001  Ki=12.7mM     // 1f2p.pdf (PHE) Ki measured with Ca2+
1e1v  1.95  2001  Ki=12uM       // 1e1v.pdf (CMG)
1g30  2.00  2001  Ki=140nM      // 1g30.pdf (T87)
1f8e  1.40  2001  Ki=15uM       // 1f8e.pdf (49A)
1ga8  2.00  2001  Ki=16mM       // 1ga8.pdf (DEL)
1f28  1.90  2001  Ki=16nM       // 1f28.pdf (F89)
1f5k  1.80  2001  Ki=180uM      // 1f5k.pdf (BAM)
1fm9  2.10  2001  Ki=1nM        // 1fm9.pdf (570)
1fpy  2.89  2001  Ki=1uM        // 1fpy.pdf (PPQ)
1i48  3.25  2001  Ki=2.0uM      // 1i48.pdf (CCO)
1g5f  1.80  2001  Ki=2.31mM     // 1g5f.pdf (DCE)
1jak  1.75  2001  Ki=2.7uM      // 1jak.pdf (IFG)
1g3d  1.80  2001  Ki=2.8uM      // 1g3d.pdf (108) Ki for Cu-108
1i43  3.10  2001  Ki=200uM      // 1i43.pdf (PMC)
1iem  2.30  2001  Ki=20nM       // 1iem.pdf (CB4) covalent complex
1iew  2.55  2001  Ki=25.50uM    // 1iew.pdf (G2F) covalent complex
1iig  2.60  2001  Ki=27mM       // 1iig.pdf (3PP)
1dxp  2.40  2001  Ki=27nM       // 1dxp.pdf (16-mer) Ki=27-67nM; PDBcode:1dy9(binding with inhibitor I; PDBcode:1dy8(binding with inhibitor II); incomplete ligand
1i41  3.20  2001  Ki=27uM       // 1i41.pdf (HEN)
1hp5  2.10  2001  Ki=280nM      // 1hp5.pdf (NGT)
1g2o  1.75  2001  Ki=28pM       // 1g2o.pdf (IMH)
1f9e  2.90  2001  Ki=2nM        // 1f9e.pdf (5-mer) covalent complex
1g98  1.90  2001  Ki=2uM        // 1g98.pdf (PA5)
1g9r  2.00  2001  Ki=2uM        // 1g9r.pdf (UPF)
1jsv  1.96  2001  Ki=2uM        // 1jsv.pdf (U55)
1g7f  1.80  2001  Ki=3.4uM      // 1g7f.pdf (INZ)
1hi4  1.80  2001  Ki=32uM       // 1hi4.pdf (A3P)
1ik4  2.00  2001  Ki=39nM       // 1ik4.pdf (PGH)
1f8b  1.80  2001  Ki=4.0uM      // 1f8b.pdf (DAN)
1g3e  1.80  2001  Ki=4.2uM      // 1g3e.pdf (109) Ki for Cu-109
1hee  1.75  2001  Ki=4.6uM      // 1hee.pdf (LHY)
1k06  1.80  2001  Ki=4.6uM      // 1k06.pdf (BZD)
1k08  2.26  2001  Ki=4.6uM      // 1k08.pdf (BZD) redundant to 1k06
1f8d  1.40  2001  Ki=400uM      // 1f8d.pdf (9AM)
1g2m  3.02  2001  Ki=40nM       // 1g2m.pdf (R11)
1jh1  2.70  2001  Ki=41uM       // 1jh1.pdf (JST)
1jut  2.70  2001  Ki=47.7nM     // 1jut.pdf (LYD) Ki measured on human TS
1f5l  2.10  2001  Ki=5.3uM      // 1f5l.pdf (AMR)
1jd0  1.50  2001  Ki=5.7nM      // 1jd0.pdf (AZM) redundant to 1ydb
1f9g  2.00  2001  Ki=53mM       // 1f9g.pdf (ASC)
1g2l  1.90  2001  Ki=57nM       // 1g2l.pdf (T87)
1hv5  2.60  2001  Ki=5nM        // 1hv5.pdf (RXP)
1hi3  1.80  2001  Ki=64uM       // 1hi3.pdf (A2P)
1k1o  2.00  2001  Ki=675nM      // 1k1o.pdf (IGN)
1g36  1.90  2001  Ki=67nM       // 1g36.pdf (R11)
1efy  2.20  2001  Ki=6nM        // 1efy.pdf (BZC)
1jr1  2.60  2001  Ki=6nM        // 1jr1.pdf (MOA) Ki=6-10nM measured on IMPDH human type II
1g35  1.80  2001  Ki=7.3nM      // 1g35.pdf (AHF)
1gcz  1.90  2001  Ki=7.4uM      // 1gcz.pdf (YZ9)
1gag  2.70  2001  Ki=750nM      // 1gag.pdf (13-mer) incomplete ligand structure
1g32  1.90  2001  Ki=780nM      // 1g32.pdf (R11)
1jtq  2.50  2001  Ki=8.5nM      // 1jtq.pdf (LY3) Ki measured on LY3/TS (human)
1jjk  3.00  2001  Ki=8.8pM      // 1jjk.pdf (BMP) PH6.0
1iau  2.00  2001  Ki=80nM       // 1iau.pdf (5-mer) covalent complex
1ga9  2.10  2001  Ki=83nM       // 1ga9.pdf (ETP) covalent complex
1hyo  1.30  2001  Ki=84.8uM     // 1hyo.pdf (HBU)
1hi5  1.80  2001  Ki=92uM       // 1hi5.pdf (ADP)
1l6y  1.90  2002  IC50=0.22mM   // 1l6y.pdf (4OX) IC50=0.57mM(94min); IC50=0.22mM(16h)
1kkq  3.00  2002  IC50=0.24uM   // 1kkq.pdf (471)
1i7i  2.35  2002  IC50=0.2uM    // 1i7i.pdf (AZ2) IC50 measured on mPPAR-gamma
1il9  3.10  2002  IC50=0.40mM   // 1il9.pdf (MOG)
1m5c  1.65  2002  IC50=0.5uM    // 1m5c.pdf (BRH)
1kz8  2.00  2002  IC50=0.83uM   // 1kz8.pdf (PFE)
1gzg  1.66  2002  IC50=0.9mM    // 1gzg.pdf (LAF)
1h1q  2.50  2002  IC50=1.0uM    // 1h1q.pdf (2A6)
1i7g  2.20  2002  IC50=1.0uM    // 1i7g.pdf (AZ2)
1kat   NMR  2002  IC50=1.0uM    // 1kat.pdf (19-mer) IC50=0.3uM(VEGF1-109/v107)
1ld7  2.00  2002  IC50=1.1nM    // 1ld7.pdf (U66)
1il4  2.60  2002  IC50=1.4mM    // 1il4.pdf (9DG)
1ktt  2.10  2002  IC50=1.5uM    // 1ktt.pdf (C02)
1jyi  2.75  2002  IC50=100uM    // 1jyi.pdf (12-mer)
1kmv  1.05  2002  IC50=112nM    // 1kmv.pdf (LII) IC50 measured on rat liver DHFR
1klg  2.40  2002  IC50=13nM     // 1klg.pdf (15-mer) mutant TPI23-37(T28I) peptide/HLA-DR1 complexes, IC50=13nM
1m5f  1.95  2002  IC50=14.8nM   // 1m5f.pdf (AM1)
1juf  2.00  2002  IC50=1400nM   // 1juf.pdf (9-mer)
1iyl  3.20  2002  IC50=1nM      // 1iyl.pdf (R64)
1ke8  2.00  2002  IC50=1uM      // 1ke8.pdf (LS4)
1jiz  2.60  2002  IC50=2.0nM    // 1jiz.pdf (CGS) IC50 measured on mouse MMP-12
1il5  2.80  2002  IC50=2.2mM    // 1il5.pdf (DDP)
1h1r  2.00  2002  IC50=2.3uM    // 1h1r.pdf (6CP)
1lev  2.15  2002  IC50=2.5uM    // 1lev.pdf (CLI) IC50 measured on human F16Bpase
1m7q  2.40  2002  IC50=2.6nM    // 1m7q.pdf (DQO)
1il3  2.80  2002  IC50=2.8mM    // 1il3.pdf (7DG)
1m5e  1.46  2002  IC50=20.1nM   // 1m5e.pdf (AM1)
1hww  1.87  2002  IC50=20nM     // 1hww.pdf (SWA)
1klu  1.93  2002  IC50=25nM     // 1klg.pdf (15-mer) wild-type TPI23-37 peptide/HLA-DR1 complexes, IC50=25nM
1kak  2.50  2002  IC50=26uM     // 1kak.pdf (FNP)
1ld8  1.80  2002  IC50=3.5nM    // 1ld8.pdf (U49)
1ijr  2.20  2002  IC50=3.6uM    // 1ijr.pdf (CC0) IC50 measured on Src SH2
1eou  2.10  2002  IC50=36nM     // 1eou.pdf (SMS)
1l6s  1.70  2002  IC50=39uM     // 1l6s.pdf (DSB)
1hy7  1.50  2002  IC50=4.09uM   // 1hy7.pdf (MBS)
1kyn  3.50  2002  IC50=4.1uM    // 1kyn.pdf (KTP)
1hxk  1.50  2002  IC50=400uM    // 1hxk.pdf (DMJ)
1hty  1.40  2002  IC50=40mM     // 1hty.pdf (TRS) tris inhibit dGMII, IC50=40mM
1gmy  1.90  2002  IC50=45nM     // 1gmy.pdf (3-mer) covalent complex
1nd5  2.90  2002  IC50=4nM      // 1nd5.pdf (2BF)
1jg0  2.00  2002  IC50=5.0uM    // 1jg0.pdf (DDT)
1ke6  2.00  2002  IC50=5.7nM    // 1ke6.pdf (LS2)
1inq  2.20  2002  IC50=539nM    // 1inq.pdf (9-mer)
1ke5  2.20  2002  IC50=560nM    // 1ke5.pdf (LS1)
1jdj  2.20  2002  IC50=5mM      // 1jdj.pdf (CFP)
1lqf  2.50  2002  IC50=5nM      // 1lqf.pdf (BGD)
1g9a  2.10  2002  IC50=5uM      // 1g9a.pdf (BAB) IC50=5-10uM
1g9b  2.00  2002  IC50=5uM      // 1g9b.pdf (BAB) IC50=5-10uM
1g9c  2.35  2002  IC50=5uM      // 1g9c.pdf (BAB) IC50=5-10uM
1g9d  2.20  2002  IC50=5uM      // 1g9d.pdf (BAB) IC50=5-10uM
1k3t  1.95  2002  IC50=64uM     // 1k3t.pdf (BRZ)
1ke9  2.00  2002  IC50=660nM    // 1ke9.pdf (LS5)
1mzs  2.10  2002  IC50=7.0uM    // 1mzs.pdf (669)
1ljt  2.00  2002  IC50=7uM      // 1ljt.pdf (HDI) IC50 measured on MIF dopachrome tautomerase
1ke7  2.00  2002  IC50=8.9nM    // 1ke7.pdf (LS3)
1m5d  1.73  2002  IC50=9.2uM    // 1m5d.pdf (BRH)
1m5b  1.85  2002  IC50=9.7nM    // 1m5b.pdf (BN1)
1llb  1.72  2002  IC50=900nM    // 1llb.pdf (PCN) covalent complex
1m7y  1.60  2002  Kd=0.011nM    // 1m7y.pdf (PPG)
1lbf  2.05  2002  Kd=0.014uM    // 1lbf.pdf (137)
1jyc  2.75  2002  Kd=0.046mM    // 1jyc.pdf (15-mer) Kd rang between 0.046 and 0.23mM (Oldenberg et al., 1992; Kaur  et  al.,  1997).
1n4k  2.20  2002  Kd=0.09nM     // 1n4k.pdf (I3P)
1lrh  1.90  2002  Kd=0.15uM     // 1lrh.pdf (NLA)
1li6  2.00  2002  Kd=0.16mM     // 1li6.pdf (5MP)
1kv2  2.80  2002  Kd=0.1nM      // 1kv2.pdf (B96)
1is0  1.90  2002  Kd=0.1uM      // 1is0.pdf (4-mer)
1gz9  1.70  2002  Kd=0.31mM     // 1gz9.pdf (FUC-LAT)
1gzc  1.58  2002  Kd=0.32mM     // 1gzc.pdf (LAT)
1esz  2.00  2002  Kd=0.3uM      // 1esz.pdf (CPO)
1gx8  2.40  2002  Kd=0.43uM     // 1gx8.pdf (RTL) ligand is compound retinoids 1, chance of additional binding site in the cases of 1
1m83  2.20  2002  Kd=0.4mM      // 1m83.pdf (ATP)
1g50  2.90  2002  Kd=0.53uM     // 1g50.pdf (EST)
1gui  1.90  2002  Kd=0.53uM     // 1gui.pdf (6-mer)
1lhw  1.75  2002  Kd=0.832nM    // 1lhw.pdf (ESM) ligand is compound 12, pKd=9.08
1lgt  1.70  2002  Kd=0.8uM      // 1lgt.pdf (BP3) Ki=2.75mM is for steady-state kinetic parameter for DHBD for chlorinated DHBs
1kdk  1.70  2002  Kd=0.9nM      // 1kdk.pdf (DHT)
1kl5  1.80  2002  Kd=1.02uM     // 1kl5.pdf (9-mer) incomplete ligand structure
1kv1  2.50  2002  Kd=1.16uM     // 1kv1.pdf (BMU)
1lhv  2.00  2002  Kd=1.23nM     // 1lhv.pdf (NOG) ligand is D-NORGESTREL, pKd=8.91
1kzn  2.30  2002  Kd=1.2nM      // 1kzn.pdf (CBN)
1kyv  2.40  2002  Kd=1.2uM      // 1kyv.pdf (RBF)
1kl3  1.70  2002  Kd=1.37uM     // 1kl3.pdf (9-mer) incomplete ligand structure
1lek  2.15  2002  Kd=1.3nM      // 1lek.pdf (8-mer)
1lhu  1.80  2002  Kd=1.48nM     // 1lhu.pdf (EST) ligand is compound 20; -logKd=8.83
1guw   NMR  2002  Kd=1.9uM      // 1guw.pdf (18-mer) Kd=0.7(HP1/Lys-9-methylated peptide)
1m74  3.00  2002  Kd=100nM      // 1m74.pdf (ADP) Kd for Mg-ADP
1lgw  1.85  2002  Kd=100uM      // 1lgw.pdf (1AN)
1l5q  2.25  2002  Kd=108uM      // 1l5q.pdf (CFF)
1jm4   NMR  2002  Kd=10uM       // 1jm4.pdf (11-mer) Tat AcK50
1jpl  2.40  2002  Kd=10uM       // 1jpl.pdf (12-mer) incomplete ligand structure
1leg  1.75  2002  Kd=11.1nM     // 1leg.pdf (8-mer)
1k6v  2.00  2002  Kd=120nM      // 1k6v.pdf (XN2)
1mwt  2.45  2002  Kd=13.3mM     // 1mwt.pdf (PNM) ligand is penicillin G
1h2t  2.15  2002  Kd=13nM       // 1h2t.pdf (GDP-7MG)
1h2u  2.40  2002  Kd=13nM       // 1h2u.pdf (GDP-7MG) redundant to 1h2t
1h79  2.90  2002  Kd=13uM       // 1h79.pdf (TTP)
1l5r  2.10  2002  Kd=17uM       // 1l5r.pdf (RBF)
1h7a  2.75  2002  Kd=19uM       // 1h7a.pdf (DTP)
1lvc  3.60  2002  Kd=1uM        // 1lvc.pdf (DOT)
1kf0  2.50  2002  Kd=2.80mM     // 1kf0.pdf (ACP) Kd for Mg-ACP
1mwn   NMR  2002  Kd=200nM      // 1mwn.pdf (12-mer) Kd=200-300nM
1l2z   NMR  2002  Kd=203uM      // 1l2z.pdf (11-mer)
1i8i  2.40  2002  Kd=22nM       // 1i8i.pdf (12-mer) DSFV MR1 binds to EGFRVIII peptide, Kd=22nM measured at room temperature; incomplete ligand
1l0a  2.90  2002  Kd=23.9uM     // 1kzz.pdf (18-mer)
1j5i   NMR  2002  Kd=230uM      // 1j5i.pdf (NCZ)
1k6t  2.25  2002  Kd=24nM       // 1k6t.pdf (XN1)
1gwr  2.40  2002  Kd=250nM      // 1gwr.pdf (12-mer) incomplete ligand structure
1mq1   NMR  2002  Kd=260nM      // 1mq1.pdf (12-mer)
1jyq  2.00  2002  Kd=2nM        // 1jyq.pdf (4-mer)
1g85  1.80  2002  Kd=3.3uM      // 1g85.pdf (3OL)
1jq9  1.80  2002  Kd=3.57nM     // 1jq9.pdf (5-mer)
1lf8  2.30  2002  Kd=3.5uM      // 1lf8.pdf (12-mer) incomplete ligand structure
1h0a  1.70  2002  Kd=3.6uM      // 1h0a.pdf (I3P)
1k6c  2.20  2002  Kd=33nM       // 1k6c.pdf (MK1)
1k2v  1.97  2002  Kd=36uM       // 1k2v.pdf (DEF)
1k6p  2.20  2002  Kd=44nM       // 1k6p.pdf (XN3)
1n5z  2.70  2002  Kd=44uM       // 1n5z.pdf (14-mer) Kd=36uM(Pex13p SH3 domain/Pex5p); incomplete ligand
1jlr  2.45  2002  Kd=465uM      // 1jlr.pdf (GTP)
1gu3  2.30  2002  Kd=47.6uM     // 1gu3.pdf (5-mer)
1fd0  1.38  2002  Kd=4nM        // 1fd0.pdf (254)
1l5s  2.10  2002  Kd=550uM      // 1l5s.pdf (URC)
1li3  1.85  2002  Kd=56uM       // 1li3.pdf (3CH)
1kll  1.50  2002  Kd=6.3uM      // 1kll.pdf (_MC)
1jif  1.60  2002  Kd=630nM      // 1jif.pdf (BLM)
1lxh   NMR  2002  Kd=65nM       // 1lxg.pdf (19-mer) the minimized average structure; incomplete ligand
1lbk  1.86  2002  Kd=668uM      // 1lbk.pdf (GSH)
1lkx  3.00  2002  Kd=7.1uM      // 1lkx.pdf (ADP)
1gwq  2.45  2002  Kd=76nM       // 1gwq.pdf (9-mer) incomplete ligand structure
1m48  1.95  2002  Kd=8.2uM      // 1m48.pdf (FRG)
1gni  2.40  2002  Kd=8.5nM      // 1gni.pdf (OLA)
1lxf   NMR  2002  Kd=80uM       // 1lxf.pdf (BEP) Kd=550uM for 17-mer
1lb6  1.80  2002  Kd=84uM       // 1lb6.pdf (9-mer)
1g7q  1.60  2002  Kd=877nM      // 1g7q.pdf (8-mer)
1ez9  1.90  2002  Kd=8uM        // 1ez9.pdf (4-mer)
1kmy  2.00  2002  Kd=8uM        // 1kmy.pdf (BPY)
1g7p  1.50  2002  Kd=90nM       // 1g7p.pdf (9-mer)
1gnj  2.60  2002  Kd=91nM       // 1gnj.pdf (ACD) Kd for the first ACD
1li2  2.00  2002  Kd=91uM       // 1li2.pdf (IPH)
1l7x  2.30  2002  Kd=92uM       // 1l7x.pdf (CFF)
1kc5  2.50  2002  Kd~0.1uM      // 1kc5.pdf (15-mer)
1m21  1.80  2002  Ki<0.3uM      // 1m21.pdf (4-mer)
1ghy  1.85  2002  Ki=0.008uM    // 1ghy.pdf (121) Ki for Zn-121
1gj7  1.50  2002  Ki=0.013uM    // 1gj7.pdf (132)
1izh  1.90  2002  Ki=0.02uM     // 1izh.pdf (Q50)
1gi4  1.37  2002  Ki=0.065uM    // 1gi4.pdf (122) Ki for Zn-122
1d4h  1.81  2002  Ki=0.10nM     // 1d4h.pdf (BEH)
1ec2  2.00  2002  Ki=0.10nM     // 1ec2.pdf (BEJ)
1gj6  1.50  2002  Ki=0.10uM     // 1gj6.pdf (132)
1gj8  1.64  2002  Ki=0.11uM     // 1gj8.pdf (133)
1mto  3.20  2002  Ki=0.11uM     // 1mto.pdf (F6P)
1kuk  1.45  2002  Ki=0.124mM    // 1kuk.pdf (3-mer)
1m0q  2.00  2002  Ki=0.13mM     // 1m0q.pdf (EPC)
1kug  1.37  2002  Ki=0.160mM    // 1kug.pdf (3-mer)
1kui  1.50  2002  Ki=0.169mM    // 1kui.pdf (3-mer)
1h1b  2.00  2002  Ki=0.16nM     // 1h1b.pdf (151) covalent complex
1ihy  3.00  2002  Ki=0.18mM     // 1ihy.pdf (APR)
1kqb  1.80  2002  Ki=0.1mM      // 1kqb.pdf (BEZ)
1eby  2.29  2002  Ki=0.20nM     // 1eby.pdf (BEB)
1ke3  2.15  2002  Ki=0.20uM     // 1ke3.pdf (BDB) covalent complex
1izi  2.15  2002  Ki=0.26uM     // 1izi.pdf (Q50)
1gzv  3.51  2002  Ki=0.27uM     // 1gzv.pdf (PA5)
1gz4  2.20  2002  Ki=0.2mM      // 1gz4.pdf (ATP)
1loq  1.50  2002  Ki=0.2mM      // 1loq.pdf (U)
1kf6  2.70  2002  Ki=0.2uM      // 1kf6.pdf (HQO) E. coli Quinol-Fumarate Reductase with HQNO, Ki=0.2uM
1koj  1.90  2002  Ki=0.2uM      // 1koj.pdf (PAN)
1gpn  2.35  2002  Ki=0.334uM    // 1gpn.pdf (HUB)
1j01  2.00  2002  Ki=0.34uM     // 1j01.pdf (XIL)
1jqe  1.91  2002  Ki=0.36uM     // 1jqe.pdf (QUN) Ki=9.0uM for SAH
1m4h  2.10  2002  Ki=0.3nM      // 1m4h.pdf (7-mer)
1ebz  2.01  2002  Ki=0.40nM     // 1ebz.pdf (BEC)
1lol  1.90  2002  Ki=0.41uM     // 1lol.pdf (XMP)
1gjb  1.90  2002  Ki=0.45uM     // 1gjb.pdf (130) redundant to 1gjc
1gjc  1.73  2002  Ki=0.45uM     // 1gjc.pdf (130)
1ksn  2.10  2002  Ki=0.4nM      // 1ksn.pdf (FXV)
1gqs  3.00  2002  Ki=0.5uM      // 1gqs.pdf (SAF)
1gi6  1.49  2002  Ki=0.60uM     // 1gi6.pdf (124)
1ew9  2.00  2002  Ki=0.6mM      // 1ew9.pdf (MMQ)
1l8g  2.50  2002  Ki=0.6uM      // 1l8g.pdf (DBD) ligand is compound f1; protein is PTPN1
1gvk  0.94  2002  Ki=0.89mM     // 1gvk.pdf (4-mer) covalent complex
1h22  2.15  2002  Ki=0.8nM      // 1h22.pdf (E10)
1ebw  1.81  2002  Ki=0.90nM     // 1ebw.pdf (BEI)
1ec3  1.80  2002  Ki=0.92nM     // 1ec3.pdf (MS3)
1jq8  2.00  2002  Ki=1.01uM     // 1jq8.pdf (5-mer)
1fv0  1.70  2002  Ki=1.18uM     // 1fv0.pdf (9AR)
1ec1  2.10  2002  Ki=1.20nM     // 1ec1.pdf (BEE)
1h2k  2.15  2002  Ki=1.2mM      // 1h2k.pdf (OGA) ligand is compound 31
1mui  2.80  2002  Ki=1.3pM      // 1mui.pdf (AB1)
1d4i  1.81  2002  Ki=1.40nM     // 1d4i.pdf (BEG)
1k4g  1.70  2002  Ki=1.4uM      // 1k4g.pdf (AIQ)
1kpm  1.80  2002  Ki=1.59uM     // 1kpm.pdf (VIT)
1kav  2.35  2002  Ki=1.5uM      // 1kav.pdf (FEP)
1kds  2.15  2002  Ki=1.7uM      // 1kds.pdf (NPB) covalent complex
1lf3  2.70  2002  Ki=100nM      // 1lf3.pdf (EH5)
1gvw  1.00  2002  Ki=110nM      // 1gvw.pdf (0EM)
1h5v  1.10  2002  Ki=117uM      // 1h5v.pdf (5-mer)
1gj5  1.73  2002  Ki=11uM       // 1gj5.pdf (130)
1km3  1.50  2002  Ki=12.4uM     // 1km3.pdf (UP6) ligand is compound 3
1h1p  2.10  2002  Ki=12uM       // 1h1p.pdf (CMG) redundant to 1e1v
1jqy  2.14  2002  Ki=12uM       // 1jqy.pdf (A32)
1j15  2.00  2002  Ki=143uM      // 1j15.pdf (BEN) redundant to 1j16
1j16  1.60  2002  Ki=143uM      // 1j16.pdf (BEN)
1me4  1.20  2002  Ki=146nM      // 1me4.pdf (T10) covalent complex
1jwt  2.50  2002  Ki=14nM       // 1jwt.pdf (BLI)
1nde  3.00  2002  Ki=15nM       // 1nde.pdf (MON)
1ghz  1.39  2002  Ki=16uM       // 1ghz.pdf (120)
1lee  1.90  2002  Ki=18nM       // 1lee.pdf (R36)
1gvu  0.94  2002  Ki=1nM        // 1gvu.pdf (10-mer) incomplete ligand structure
1iup  1.60  2002  Ki=2.9mM      // 1iup.pdf (ALQ) X-ray(Cumd S103A) while Ki(CumD wild type)
1kdw  2.28  2002  Ki=2.9uM      // 1kdw.pdf (4CB) covalent complex
1h4w  1.70  2002  Ki=22uM       // 1h4w.pdf (BEN)
1m1b  2.25  2002  Ki=22uM       // 1m1b.pdf (SPV)
1gyy  1.35  2002  Ki=230uM      // 1gyy.pdf (FHC)
1g9s  2.80  2002  Ki=247uM      // 1g9s.pdf (IMP)
1l2s  1.94  2002  Ki=26uM       // 1l2s.pdf (STC)
1n1m  2.50  2002  Ki=2uM        // 1n1m.pdf (A3M)
1ec0  1.79  2002  Ki=3.2nM      // 1ec0.pdf (BED)
1gyx  1.35  2002  Ki=3.3mM      // 1gyx.pdf (BEZ) Ki=13.9mM for EPE
1gi1  1.42  2002  Ki=3.4uM      // 1gi1.pdf (BMZ) Ki measured at pH=7.72
1gja  1.56  2002  Ki=3.8uM      // 1gja.pdf (135)
1jys  1.90  2002  Ki=300uM      // 1jys.pdf (ADE)
1lf2  1.80  2002  Ki=30nM       // 1lf2.pdf (R37)
1gu1  1.80  2002  Ki=30uM       // 1gu1.pdf (FA1)
1gi7  1.79  2002  Ki=31uM       // 1gi7.pdf (120)
1j14  2.40  2002  Ki=32.2uM     // 1j14.pdf (BEN)
1iiq  1.83  2002  Ki=33nM       // 1iiq.pdf (0ZR)
1h8l  2.60  2002  Ki=34nM       // 1h8l.pdf (GEM)
1kti  1.97  2002  Ki=370uM      // 1kti.pdf (AZC)
1eb1  1.80  2002  Ki=37pM       // 1eb1.pdf (10-mer)
1kc7  2.20  2002  Ki=3uM        // 1kc7.pdf (PPR)
1it6  2.00  2002  Ki=4.1nM      // 1it6.pdf (CYU) incomplete ligand structure
1k21  1.86  2002  Ki=4.2nM      // 1k21.pdf (IGN)
1ke0  2.30  2002  Ki=4.2uM      // 1ke0.pdf (CVB) covalent complex
1gpk  2.10  2002  Ki=4.3uM      // 1gpk.pdf (HUP)
1d4j  1.81  2002  Ki=4.40nM     // 1d4j.pdf (MSC)
1h23  2.15  2002  Ki=4.5nM      // 1h23.pdf (E12)
1m0o  2.40  2002  Ki=4.9mM      // 1m0o.pdf (MPM) Ki=0.5mM when preincubated with DGD for 30min
1kzk  1.09  2002  Ki=41pM       // 1kzk.pdf (JE2)
1mhw  1.90  2002  Ki=45nM       // 1mhw.pdf (5-mer)
1ghv  1.85  2002  Ki=45uM       // 1ghv.pdf (120)
1i2s  1.70  2002  Ki=490uM      // 1i2s.pdf (CIT) ligand is citrate
1k22  1.93  2002  Ki=4nM        // 1k22.pdf (MEL)
1kfy  3.60  2002  Ki=5.2uM      // 1kfy.pdf (BRS)
1ew8  2.20  2002  Ki=5.5mM      // 1ew8.pdf (PAE)
1g9t  2.80  2002  Ki=526uM      // 1g9t.pdf (5GP)
1j17  2.00  2002  Ki=6.05uM     // 1j17.pdf (ZEN)
1m0n  2.20  2002  Ki=6.0mM      // 1m0n.pdf (HCP)
1gi9  1.80  2002  Ki=6.0uM      // 1gi9.pdf (123)
1gjd  1.75  2002  Ki=6.0uM      // 1gjd.pdf (136)
1jqd  2.28  2002  Ki=6.9uM      // 1jqd.pdf (SAH)
1gvx  1.00  2002  Ki=60nM       // 1gvx.pdf (6-mer)
1ll4  2.80  2002  Ki=60nM       // 1ll4.pdf (3-mer)
1kv5  1.65  2002  Ki=60uM       // 1kv5.pdf (PGA)
1ghw  1.75  2002  Ki=63uM       // 1ghw.pdf (BMZ)
1me3  1.20  2002  Ki=64.6nM     // 1me3.pdf (P10) covalent complex
1los  1.90  2002  Ki=64nM       // 1los.pdf (UP6) X-ray(R203A) while Ki(wild type)
1h1s  2.00  2002  Ki=6nM        // 1h1s.pdf (4SP)
1h1h  2.00  2002  Ki=6uM        // 1h1h.pdf (A2P) Ki=6-7uM
1jcx  1.80  2002  Ki=7.0uM      // 1jcx.pdf (PAI)
1k4h  1.80  2002  Ki=7.7uM      // 1k4h.pdf (APQ)
1jvu  1.78  2002  Ki=7uM        // 1jvu.pdf (C2P) ligand is compound 2'-CMP
1lor  1.60  2002  Ki=8.8pM      // 1lor.pdf (BMP) redundant to 1x1z
1gi8  1.75  2002  Ki=8.9uM      // 1gi8.pdf (BMZ)
1gj4  1.81  2002  Ki=85uM       // 1gj4.pdf (132)
1eb2  2.00  2002  Ki=980nM      // 1eb2.pdf (BPO)
1oit  1.60  2003  IC50<0.003uM  // 1oit.pdf (HDT)
1nju  2.70  2003  IC50<0.05uM   // 1nju.pdf (0FP) covalent complex
1nkm  2.70  2003  IC50<0.05uM   // 1nkm.pdf (0FP) covalent complex; redundant to 1nju
1q6m  2.20  2003  IC50=0.013uM  // 1q6m.pdf (P27)
1q6j  2.20  2003  IC50=0.016uM  // 1q6j.pdf (335)
1q6n  2.10  2003  IC50=0.023uM  // 1q6n.pdf (P90)
1j1a  2.20  2003  IC50=0.029uM  // 1j1a.pdf (BHP)
1onp  2.50  2003  IC50=0.030uM  // 1onp.pdf (FOM)
1oir  1.91  2003  IC50=0.032uM  // 1oir.pdf (HDY)
1ogu  2.60  2003  IC50=0.034uM  // 1ogu.pdf (ST8)
1nq0  2.40  2003  IC50=0.048nM  // 1nq0.pdf (4HY) ligand is compound 2, -logIC50=10.32
1mzc  2.00  2003  IC50=0.06nM   // 1mzc.pdf (BNE)
1nyx  2.65  2003  IC50=0.092uM  // 1nyx.pdf (DRF)
1g3m  1.70  2003  IC50=0.10nM   // 1g3m.pdf (PCQ) IC50=0.10-0.19nM
1ouk  2.50  2003  IC50=0.13nM   // 1ouk.pdf (084)
1n7t   NMR  2003  IC50=0.15uM   // 1n7t.pdf (7-mer)
1okx  2.80  2003  IC50=0.16uM   // 1okx.pdf (8-mer)
1mqd  1.46  2003  IC50=0.17uM   // 1mqd.pdf (SHI) crystal without zinc
1ms7  1.97  2003  IC50=0.17uM   // 1ms7.pdf (SHI) crystal with zinc
1pqc  2.80  2003  IC50=0.1uM    // 1pqc.pdf (444) ligand is compound 2, T0901317. scintillation proximity ligand binding assay (SPA)
1kwr  2.25  2003  IC50=0.25uM   // 1kwr.pdf (SG2)
1mqh  1.80  2003  IC50=0.30uM   // 1mqh.pdf (BWD)
1q9m  2.30  2003  IC50=0.33uM   // 1q9m.pdf (ROL)
1nl4  2.70  2003  IC50=0.39nM   // 1nl4.pdf (FTL)
1mqg  2.15  2003  IC50=0.52uM   // 1mqg.pdf (IWD)
1ol2  2.60  2003  IC50=0.53uM   // 1ol2.pdf (6-mer) IC50=7.2uM for CDK2-cyclin A kinase activity
1oyn  2.00  2003  IC50=0.55uM   // 1oyn.pdf (ROL)
1kwq  2.60  2003  IC50=0.62nM   // 1kwq.pdf (SG1)
1okv  2.40  2003  IC50=0.68uM   // 1okv.pdf (6-mer) IC50=7.7uM for CDK2-cyclin A kinase activity
1ove  2.10  2003  IC50=0.74nM   // 1ove.pdf (358)
1pxl  2.50  2003  IC50=0.9uM    // 1pxl.pdf (CK4) IC50 for CDK2-cyclin E kinase inhibition
1n94  3.50  2003  IC50=1.1nM    // 1n94.pdf (TIN)
1n95  2.30  2003  IC50=1.2nM    // 1n95.pdf (FTH)
1o5m  2.30  2003  IC50=1.9nM    // 1o5m.pdf (336)
1nzq  2.18  2003  IC50=11nM     // 1nzq.pdf (162)
1n0t  2.10  2003  IC50=12.2uM   // 1n0t.pdf (AT1)
1p2a  2.50  2003  IC50=12nM     // 1p2a.pdf (5BN)
1q6s  2.20  2003  IC50=12nM     // 1q6s.pdf (214)
1h0w  2.10  2003  IC50=13uM     // 1h0w.pdf (207)
1pxj  2.30  2003  IC50=13uM     // 1pxj.pdf (CK2) IC50 for CDK2-cyclin E kinase inhibition
1h3b  2.80  2003  IC50=141nM    // 1h3b.pdf (R46)
1p5e  2.22  2003  IC50=15.6uM   // 1p5e.pdf (TBS) IC50 for TBS/CDK2
1pmv  2.50  2003  IC50=150nM    // 1pmv.pdf (537)
1q3d  2.20  2003  IC50=15nM     // 1q3d.pdf (STU)
1njt  2.50  2003  IC50=15uM     // 1njt.pdf (6-mer) covalent complex
1mkd  2.90  2003  IC50=160nM    // 1mkd.pdf (ZAR)
1pxi  1.95  2003  IC50=17uM     // 1pxi.pdf (CK1) IC50 for CDK2-cyclin E kinase inhibition
1m51  2.25  2003  IC50=18.8uM   // 1m51.pdf (TSX)
1o6h  2.80  2003  IC50=186nM    // 1o6h.pdf (W37)
1h36  2.80  2003  IC50=18nM     // 1h36.pdf (R88)
1urc  2.60  2003  IC50=19.2uM   // 1urc.pdf (6-mer)
1uom  2.28  2003  IC50=19nM     // 1uom.pdf (PTI) IC50 measured on full length ERalpha
1npw  2.00  2003  IC50=2.0nM    // 1npw.pdf (LGZ)
1nhx  2.10  2003  IC50=2.11uM   // 1nhx.pdf (FTB)
1n9a  3.20  2003  IC50=2.2nM    // 1n9a.pdf (FTI)
1pxk  2.80  2003  IC50=2.2uM    // 1pxk.pdf (CK3) IC50 for CDK2-cyclin E kinase inhibition
1oiq  2.31  2003  IC50=2.9uM    // 1oiq.pdf (HDU)
1mm6  2.15  2003  IC50=20nM     // 1mm6.pdf (QUS) crystal without zinc
1mm7  1.65  2003  IC50=20nM     // 1mm7.pdf (QUS) crystal with zinc
1pyw  2.10  2003  IC50=20nM     // 1pyw.pdf (10-mer)
1ol1  2.90  2003  IC50=21uM     // 1ol1.pdf (6-mer) IC50=37uM for CDK2-cyclin A kinase activity
1q41  2.10  2003  IC50=22nM     // 1q41.pdf (IXM)
1h01  1.79  2003  IC50=22uM     // 1h01.pdf (FAL) racemic ligand
1mqi  1.35  2003  IC50=23.53nM  // 1mqi.pdf (FWD)
1o6q  2.80  2003  IC50=23nM     // 1o6q.pdf (R17)
1h3a  2.85  2003  IC50=281nM    // 1h3a.pdf (R04)
1h39  2.80  2003  IC50=289nM    // 1h39.pdf (R03)
1h08  1.80  2003  IC50=28uM     // 1h08.pdf (BYP) racemic ligand BYP/BWP
1h35  2.80  2003  IC50=29nM     // 1h35.pdf (R01)
1nnk  1.85  2003  IC50=3.5uM    // 1nnk.pdf (CE2)
1h3c  2.90  2003  IC50=306nM    // 1h3c.pdf (R79)
1h00  1.60  2003  IC50=38uM     // 1h00.pdf (FCP/FAP) isomer
1q6p  2.30  2003  IC50=3nM      // 1q6p.pdf (213)
1h07  1.85  2003  IC50=3uM      // 1h07.pdf (MFP/MFQ) isomer
1mxu  1.80  2003  IC50=4.0uM    // 1mxu.pdf (BWD)
1my3  1.75  2003  IC50=4.0uM    // 1my3.pdf (BWD)
1ouy  2.50  2003  IC50=4.3nM    // 1ouy.pdf (094)
1mqj  1.65  2003  IC50=4.76uM   // 1mqj.pdf (HWD)
1rgj   NMR  2003  IC50=4.9nM    // 1rgj.pdf (13-mer)
1o79  2.80  2003  IC50=406nM    // 1o79.pdf (R23)
1q3w  2.30  2003  IC50=4nM      // 1q3w.pdf (ATU)
1okw  2.50  2003  IC50=5.6uM    // 1okw.pdf (7-mer) IC50=31uM for CDK2-cyclin A kinase activity
1nmk  2.10  2003  IC50=5.7nM    // 1nmk.pdf (SFM)
1npv  2.00  2003  IC50=5.7nM    // 1npv.pdf (L27)
1pmu  2.70  2003  IC50=590nM    // 1pmu.pdf (9HP)
1h37  2.80  2003  IC50=59nM     // 1h37.pdf (R02)
1q6t  2.30  2003  IC50=5nM      // 1q6t.pdf (600)
1o0d  2.44  2003  IC50=6.2nM    // 1o0d.pdf (163)
1onh  1.38  2003  IC50=6.2nM    // 1onh.pdf (WY4) covalent complex
1oe0  2.40  2003  IC50=6.9uM    // 1oe0.pdf (TTP)
1gsz  2.80  2003  IC50=61nM     // 1gsz.pdf (R71)
1pmn  2.20  2003  IC50=7.1nM    // 1pmn.pdf (984)
1pmx   NMR  2003  IC50=7.2uM    // 1pmx.pdf (16-mer) obtained for wild-type IGF-F1-1 displayed on the gene-3 coat protein (7.2uM).
1pq6  2.40  2003  IC50=7.94nM   // 1pq6.pdf (965) ligand is compound 2, pIC50=8.1
1o6r  2.70  2003  IC50=80nM     // 1o6r.pdf (R19)
1ong  1.10  2003  IC50=9nM      // 1ong.pdf (WY4) covalent complex
1n1g  2.50  2003  IC50~5mM      // 1n1g.pdf (BCP)
1nfs  1.96  2003  Kd<0.12nM     // 1nfs.pdf (DED) Kd measured on IPP isomerase (claviceps purpurea)
1nf8  1.60  2003  Kd=0.015uM    // 1nf8.pdf (ISC)
1o7o  1.97  2003  Kd=0.032mM    // 1o7o.pdf (UDP)
1gx0  1.80  2003  Kd=0.060mM    // 1gx0.pdf (UDP) ligand is UDP-GAL
1nzl  1.90  2003  Kd=0.07uM     // 1nzl.pdf (8-mer)
1mv0   NMR  2003  Kd=0.0933mM   // 1mv0.pdf (14-mer) Kd=0.0933+/-0.0612mM
1oeb  1.76  2003  Kd=0.118uM    // 1oeb.pdf (13-mer) incomplete ligand
1q72  1.70  2003  Kd=0.14uM     // 1q72.pdf (COC)
1qyg  1.81  2003  Kd=0.14uM     // 1qyg.pdf (BCG)
1p1n  1.60  2003  Kd=0.16uM     // 1p1n.pdf (KAI)
1hk2  2.80  2003  Kd=0.17uM     // 1hk2.pdf (T44)
1usi  1.80  2003  Kd=0.18uM     // 1usi.pdf (PHE)
1ugy  2.40  2003  Kd=0.19mM     // 1ugy.pdf (GAL-GLC)
1n4m  2.20  2003  Kd=0.19uM     // 1n4m.pdf (18-mer) Kd=0.19+/-0.04uM
1ov3  1.80  2003  Kd=0.19uM     // 1ov3.pdf (18-mer) Kd=0.19uM(Isothermal Titration Calorimetry); Kd=0.4uM(Fluorescence Intensity Titrations); incomplete ligand
1o5p   NMR  2003  Kd=0.1nM      // 1o5p.pdf (CHR)
1gww  1.80  2003  Kd=0.258mM    // 1gww.pdf (UDP) ligand is UDP-GLC
1hk3  2.80  2003  Kd=0.26uM     // 1hk3.pdf (T44)
1mrw  2.00  2003  Kd=0.2nM      // 1mrw.pdf (K57)
1g74  1.70  2003  Kd=0.30uM     // 1g74.pdf (OLA)
1o9k  2.60  2003  Kd=0.34uM     // 1o9k.pdf (18-mer) Kd=0.34+/-0.02uM
1gt3  1.80  2003  Kd=0.35uM     // 1gt3.pdf (DHM)
1ms6  1.90  2003  Kd=0.3nM      // 1ms6.pdf (BLN) covalent complex
1gt4  2.10  2003  Kd=0.3uM      // 1gt4.pdf (UNA)
1h28  2.80  2003  Kd=0.3uM      // 1h25.pdf (11-mer) 11-Mer PEPTIDE of P107 bound to phospho-CDK2/cyclin A, Kd=0.3uM. Ligand in structure has 10-mer, GSAKRRLFGE. Kd(6-mer, RRLFGE)=2.4uM
1nzv  2.10  2003  Kd=0.40uM     // 1nzv.pdf (8-mer)
1usk  2.00  2003  Kd=0.40uM     // 1usk.pdf (LEU)
1m7d  2.30  2003  Kd=0.59uM     // 1m7d.pdf (3-mer)
1h24  2.50  2003  Kd=0.5uM      // 1h24.pdf (9-mer)
1mh5  2.10  2003  Kd=0.61nM     // 1mh5.pdf (HAL)
1njf  2.30  2003  Kd=0.62uM     // 1njf.pdf (AGS) Kd=1.03uM for ADP; Kd=1.36uM for ATP
1msn  2.00  2003  Kd=0.81nM     // 1msn.pdf (JE2)
1ogx  2.00  2003  Kd=0.81uM     // 1ogx.pdf (EQU)
1ugw  1.70  2003  Kd=0.82mM     // 1ugw.pdf (GAL)
1gt5  2.08  2003  Kd=0.8uM      // 1gt5.pdf (BZQ)
1ogd  1.95  2003  Kd=0.93mM     // 1ogd.pdf (RIP)
1n8u  1.80  2003  Kd=0.93uM     // 1n8u.pdf (BDD) redundant to 1n8v
1n8v  1.39  2003  Kd=0.93uM     // 1n8v.pdf (BDD)
1q8u  1.90  2003  Kd=1.1uM      // 1q8u.pdf (H52)
1ugx  1.60  2003  Kd=1.24uM     // 1ugx.pdf (GAL-MGC)
1ogz  2.30  2003  Kd=1.4uM      // 1ogz.pdf (EQU) Kd=1.4+/-0.1uM
1ols  1.85  2003  Kd=1.52uM     // 1ols.pdf (TDP)
1ntv  1.50  2003  Kd=1.5uM      // 1ntv.pdf (14-mer) incomplete ligand structure
1urg  1.80  2003  Kd=1.5uM      // 1urg.pdf (MAL)
1p1o  1.60  2003  Kd=1.74uM     // 1p1o.pdf (QUS)
1mjj  2.10  2003  Kd=1.83nM     // 1mjj.pdf (HAL)
1h25  2.50  2003  Kd=1.8uM      // 1h25.pdf (11-mer) 11-Mer PEPTIDE of RETINOBLASTOMA bound to phospho-CDK2/cyclin A, Kd=1.8uM. Ligand in structure has 10-mer, PKPLKKLRFD.Kd(6-mer, KKLRFD)=2.3uM; incomplete ligand
1n7m  1.80  2003  Kd=1.96uM     // 1n7m.pdf (NMP)
1obx  1.35  2003  Kd=1.9uM      // 1obx.pdf (8-mer) incomplete ligand
1r0p  1.80  2003  Kd=10nM       // 1r0p.pdf (KSA)
1oai  1.00  2003  Kd=10uM       // 1oai.pdf (9-mer)
1r2b  2.20  2003  Kd=11.4uM     // 1r2b.pdf (17-mer) Kd=11.4+/-1uM(ITC)
1n3w  2.60  2003  Kd=110nM      // 1n3w.pdf (MAL)
1p1q  2.00  2003  Kd=12.8uM     // 1p1q.pdf (AMQ)
1i3z  2.15  2003  Kd=131nM      // 1i3z.pdf (14-mer) incomplete ligand
1r0x  2.20  2003  Kd=149uM      // 1r0x.pdf (ATP)
1r10  3.00  2003  Kd=149uM      // 1r10.pdf (ATP)
1jws  2.60  2003  Kd=14uM       // 1jwm.pdf (13-mer) HLA-DR1(HA peptide 306-318) complex with SEC3 3B1, Kd=14uM
1j19  2.40  2003  Kd=16.4nM     // 1j19.pdf (16-mer)
1q8t  2.00  2003  Kd=17.5uM     // 1q8t.pdf (Y27)
1oif  2.12  2003  Kd=19nM       // 1oif.pdf (IFM)
1p93  2.70  2003  Kd=19nM       // 1p93.pdf (DEX) ligand is dexamethasone
1gt1  1.71  2003  Kd=1uM        // 1gt1.pdf (ANC) Kd=3.3uM for PRZ
1lnm  1.90  2003  Kd=2.0nM      // 1lnm.pdf (DTX)
1ow4  1.60  2003  Kd=2.1uM      // 1ow4.pdf (2AN)
1hk1  2.65  2003  Kd=2.3uM      // 1hk1.pdf (T44)
1h27  2.20  2003  Kd=2.5uM      // 1h25.pdf (11-mer) 11-Mer PEPTIDE of P27 bound to phospho-CDK2/cyclin A, Kd=0.9uM. Ligand in structure has 6-mer, RNLFGP, Kd(6-mer)=2.5uM; incomplete ligand
1o9d  2.30  2003  Kd=2.5uM      // 1o9d.pdf (5-mer)
1gwv  2.50  2003  Kd=2.68mM     // 1gwv.pdf (LAT)
1h26  2.24  2003  Kd=2.9uM      // 1h25.pdf (11-mer) 11-Mer PEPTIDE of P53 bound to phospho-CDK2/cyclin A, Kd=2.9uM.ligand in structure has 9-mer, SRHKKLMFK.Kd(6-mer, KKLMFK)=2.9uM; incomplete ligand
1ngw  2.60  2003  Kd=20.7nM     // 1ngw.pdf (MMP) Fab 7g12 complexed with N-methylmesoporphyrin, Kd=20.7nM
1oz0  2.50  2003  Kd=20nM       // 1oz0.pdf (MS1)
1h3h   NMR  2003  Kd=220nM      // 1h3h.pdf (11-mer) Kd=220+/-22nM
1ofz  1.50  2003  Kd=24.1uM     // 1ofz.pdf (FUL)
1mn9  2.90  2003  Kd=24uM       // 1mn9.pdf (RTP)
1q9d  2.35  2003  Kd=25uM       // 1q9d.pdf (OI1)
1nli  1.93  2003  Kd=260uM      // 1nli.pdf (ADE)
1jwm  2.70  2003  Kd=270uM      // 1jwm.pdf (13-mer) HLA-DR1(HA peptide 306-318) complex with SEC3 wt, Kd=270uM
1m13  2.15  2003  Kd=27nM       // 1m13.pdf (HYF)
1uj0  1.70  2003  Kd=27uM       // 1uj0.pdf (11-mer) incomplete ligand
1q4k  2.30  2003  Kd=280nM      // 1q4k.pdf (6-mer) incomplete ligand structure
1umw  1.90  2003  Kd=280nM      // 1umw.pdf (7-mer)
1oko  1.60  2003  Kd=29uM       // 1oko.pdf (GLB)
1uh1  2.80  2003  Kd=3.3uM      // 1uh1.pdf (NGA-AMG)
1lv8  2.30  2003  Kd=3.5uM      // 1lv8.pdf (9PP) redundant to 1lvu
1oba  2.45  2003  Kd=3.6mM      // 1oba.pdf (CHT)
1nu8  2.50  2003  Kd=3.8uM      // 1nu8.pdf (3-mer) covalent complex
1p28  1.70  2003  Kd=3.8uM      // 1p28.pdf (HBS/HBR) isomer
1lke  1.90  2003  Kd=30.2nM     // 1lke.pdf (DOG)
1osg  3.00  2003  Kd=30nM       // 1osg.pdf (12-mer) Kd=30+/-10nM (isothermal titration calorimetry); IC50=92nM
1ntk  2.60  2003  Kd=32pM       // 1ntk.pdf (AY1) bc1-antimycin A complex, Kd=32pM
1msm  2.00  2003  Kd=33pM       // 1msm.pdf (JE2)
1n0s  2.00  2003  Kd=35.2nM     // 1n0s.pdf (FLU)
1r17  1.86  2003  Kd=379nM      // 1r17.pdf (16-mer) Kd=380nM(Isothermal Titration Calorimetry); Kd=379nM(Fluorescence Intensity Titrations); incomplete ligand
1olu  1.90  2003  Kd=39.3uM     // 1olu.pdf (TDP)
1oe7  1.80  2003  Kd=3uM        // 1oe7.pdf (GSH) redundant to 1oe8
1oe8  1.65  2003  Kd=3uM        // 1oe8.pdf (GSH)
1m7i  2.50  2003  Kd=4.0uM      // 1m7i.pdf (5-mer)
1mj7  2.25  2003  Kd=4.50nM     // 1mj7.pdf (HAL)
1jwu  2.30  2003  Kd=4.6uM      // 1jwm.pdf (13-mer) HLA-DR1(HA peptide 306-318) complex with SEC3 3B2, Kd=4.6uM
1lvu  2.05  2003  Kd=4.8uM      // 1lvu.pdf (9PP)
1oim  2.15  2003  Kd=4.8uM      // 1oim.pdf (NOJ) redundant to 2j77
1hk4  2.40  2003  Kd=4.9uM      // 1hk4.pdf (T44)
1q4l  2.77  2003  Kd=40nM       // 1q4l.pdf (679)
1py1  2.60  2003  Kd=40uM       // 1py1.pdf (7-mer) incomplete ligand structure
1p7m   NMR  2003  Kd=42uM       // 1p7m.pdf (ADK)
1olx  2.25  2003  Kd=47.1uM     // 1olx.pdf (TDP)
1ow6  2.35  2003  Kd=4uM        // 1ow6.pdf (13-mer) incomplete ligand
1ow7  2.60  2003  Kd=4uM        // 1ow6.pdf (13-mer) incomplete ligand
1ow8  2.85  2003  Kd=4uM        // 1ow6.pdf (13-mer) incomplete ligand
1pz5  1.80  2003  Kd=4uM        // 1pz5.pdf (8-mer)
1hk5  2.70  2003  Kd=5.72uM     // 1hk5.pdf (T44)
1q8w  2.20  2003  Kd=5.7uM      // 1q8w.pdf (M77)
1oqp   NMR  2003  Kd=50nM       // 1oqp.pdf (19-mer)
1mfg  1.25  2003  Kd=50uM       // 1mfg.pdf (9-mer)
1ppx   NMR  2003  Kd=52nM       // 1ppx.pdf (8OG)
1pun   NMR  2003  Kd=52nM       // 1pun.pdf (8OG) redundant to 1ppx
1puq   NMR  2003  Kd=52nM       // 1puq.pdf (8OG) redundant to 1ppx
1pus   NMR  2003  Kd=52nM       // 1pus.pdf (8OG) redundant to 1ppx
1gx4  1.46  2003  Kd=53uM       // 1gx4.pdf (UDP) ternary complex; Kd of LacNAc(GAL-NAG) to enzyme-Mn2+-UDP complex is 0.58mM; Kd of UDP to emzyme is 53uM
1m5w  1.96  2003  Kd=54uM       // 1m5w.pdf (DXP)
1mrx  2.00  2003  Kd=55nM       // 1mrx.pdf (K57)
1mau  2.15  2003  Kd=5pM        // 1mau.pdf (ATP)
1p4u  2.20  2003  Kd=5uM        // 1p4u.pdf (13-mer) Kd=5+/-1uM; incomplete ligand
1pdq  1.76  2003  Kd=5uM        // 1pdq.pdf (18-mer) Kd=5+/-1uM; incomplete ligand
1ucn  2.00  2003  Kd=6.0uM      // 1ucn.pdf (ADP)
1ox9  2.90  2003  Kd=6.16uM     // 1ox9.pdf (11-mer) incomplete ligand structure
1nw5  2.05  2003  Kd=6.1uM      // 1nw5.pdf (SAM)
1q5l   NMR  2003  Kd=600uM      // 1q5l.pdf (7-mer)
1odi  2.40  2003  Kd=62uM       // 1odi.pdf (ADN)
1nu1  3.20  2003  Kd=64nM       // 1ntk.pdf (QNO) NQNO1 binds to bc1, Kd=64nM
1o9e  2.60  2003  Kd=66uM       // 1o9e.pdf (FSC)
1l6m  2.40  2003  Kd=7.9nM      // 1l6m.pdf (DBH) Kd for Fe-DBH
1om9  2.50  2003  Kd=70uM       // 1om9.pdf (15-mer) incomplete ligand
1nw7  2.10  2003  Kd=8.1uM      // 1nw7.pdf (SAH)
1iwq  2.00  2003  Kd=8.8nM      // 1iwq.pdf (19-mer) Kd=8.8+/-1.6nM; incomplete ligand
1maw  3.00  2003  Kd=80mM       // 1maw.pdf (ATP) Kd for the second ATP
1gwm  1.15  2003  Kd=80uM       // 1gwm.pdf (6-mer)
1odj  2.40  2003  Kd=80uM       // 1odj.pdf (GMP)
1jn2  1.90  2003  Kd=82uM       // 1jn2.pdf (SFP)
1onz  2.40  2003  Kd=8uM        // 1onz.pdf (968) Ki=17uM
1ndj  1.81  2003  Kd~0.69pM     // 1ndj.pdf (BTN)
1n9m  1.60  2003  Kd~11pM       // 1n9m.pdf (BTN)
1n43  1.89  2003  Kd~28pM       // 1n43.pdf (BTN)
1o3e  1.64  2003  Ki=0.011uM    // 1o3e.pdf (696) redundant to 1o3f
1o3f  1.55  2003  Ki=0.011uM    // 1o3f.pdf (696)
1o3g  1.55  2003  Ki=0.011uM    // 1o3g.pdf (696) redundant to 1o3f
1o2t  1.62  2003  Ki=0.014uM    // 1o2t.pdf (783) pH=7.48
1j07  2.35  2003  Ki=0.021uM    // 1j07.pdf (DCU) Ki measured on TcAChE
1o2q  1.50  2003  Ki=0.021uM    // 1o2q.pdf (991)
1lyx  1.90  2003  Ki=0.029mM    // 1lyx.pdf (PGA)
1lzo  2.80  2003  Ki=0.029mM    // 1lzo.pdf (PGA)
1pf8  2.51  2003  Ki=0.031uM    // 1pf8.pdf (SU9)
1n46  2.20  2003  Ki=0.03nM     // 1n46.pdf (PFA)
1oyt  1.67  2003  Ki=0.057uM    // 1oyt.pdf (FSN)
1nhg  2.43  2003  Ki=0.05uM     // 1nhg.pdf (TCL) Ki=0.05uM pfENR with Triclosan
1o3h  1.53  2003  Ki=0.05uM     // 1o3h.pdf (907) redundant to 1o3i
1o3i  1.51  2003  Ki=0.05uM     // 1o3i.pdf (907)
1o2h  1.77  2003  Ki=0.068uM    // 1o2h.pdf (CR3) Ki measured at pH=8.06
1o39  1.59  2003  Ki=0.074uM    // 1o39.pdf (780) redundant to 1o3d
1o3b  1.75  2003  Ki=0.074uM    // 1o3b.pdf (780) redundant to 1o3d
1o3c  1.64  2003  Ki=0.074uM    // 1o3c.pdf (780) redundant to 1o3d; pH=7.50
1o3d  1.33  2003  Ki=0.074uM    // 1o3d.pdf (780)
1nz7  2.40  2003  Ki=0.076uM    // 1nz7.pdf (901)
1nm6  1.80  2003  Ki=0.09nM     // 1nm6.pdf (L86)
1m9n  1.93  2003  Ki=0.12uM     // 1m9n.pdf (XMP)
1o2j  1.65  2003  Ki=0.12uM     // 1o2j.pdf (656)
1o2k  1.63  2003  Ki=0.12uM     // 1o2k.pdf (656)
1pvn  2.00  2003  Ki=0.15nM     // 1pvn.pdf (MZP)
1nnu  2.50  2003  Ki=0.15uM     // 1nhg.pdf (TCT) Ki=0.15uM pfENR with Triclosan Analogs 2
1o37  1.45  2003  Ki=0.15uM     // 1o37.pdf (653) redundant to 1o38
1o38  1.38  2003  Ki=0.15uM     // 1o38.pdf (653)
1nlj  2.40  2003  Ki=0.16nM     // 1nlj.pdf (2CA) covalent complex
1nq7  1.50  2003  Ki=0.16uM     // 1nq7.pdf (ARL)
1mpl  1.12  2003  Ki=0.17mM     // 1mpl.pdf (RE1) covalent complex
1o30  1.55  2003  Ki=0.17uM     // 1o30.pdf (693)
1o3j  1.40  2003  Ki=0.17uM     // 1o3j.pdf (334)
1o3k  1.43  2003  Ki=0.17uM     // 1o3k.pdf (334) redundant to 1o3j
1ony  2.15  2003  Ki=0.17uM     // 1ony.pdf (588)
1gz3  2.30  2003  Ki=0.20mM     // 1gz3.pdf (ATP) redundant to 1gz4
1o3p  1.81  2003  Ki=0.22uM     // 1o3p.pdf (655)
1n7i  2.80  2003  Ki=0.26uM     // 1n7i.pdf (LY1)
1o86  2.00  2003  Ki=0.27nM     // 1o86.pdf (LPR)
1n4h  2.10  2003  Ki=0.28uM     // 1n4h.pdf (REA)
1o3l  1.40  2003  Ki=0.29uM     // 1o3l.pdf (678)
1nms  1.70  2003  Ki=0.2uM      // 1nms.pdf (161) covalent complex; Ki for reversible ligand
1m2r  1.70  2003  Ki=0.35uM     // 1m2r.pdf (MNY)
1n7j  2.70  2003  Ki=0.37uM     // 1n7j.pdf (IDI)
1nax  2.70  2003  Ki=0.37uM     // 1nax.pdf (IH5) ligand is compound 8
1o2o  1.63  2003  Ki=0.44uM     // 1o2o.pdf (950)
1pbq  1.90  2003  Ki=0.54uM     // 1pbq.pdf (DK1)
1iy7  2.00  2003  Ki=0.64uM     // 1iy7.pdf (CXA)
1o6i  1.70  2003  Ki=0.65mM     // 1o6i.pdf (0HZ)
1k1y  2.40  2003  Ki=0.6mM      // 1k1y.pdf (ACR)
1qwu  2.03  2003  Ki=0.6mM      // 1qwu.pdf (GUL) covalent complex
1nc1  2.00  2003  Ki=0.75uM     // 1nc1.pdf (MTH)
1o2g  1.58  2003  Ki=0.76uM     // 1o2g.pdf (696)
1m2p  2.00  2003  Ki=0.78uM     // 1m2p.pdf (HNA)
1o2z  1.65  2003  Ki=0.78uM     // 1o2z.pdf (312)
1m2q  1.79  2003  Ki=0.80uM     // 1m2q.pdf (MNX)
1o2n  1.50  2003  Ki=0.81uM     // 1o2n.pdf (762)
1nhz  2.30  2003  Ki=0.84uM     // 1nhz.pdf (486) ligand is RU486
1pu7  1.93  2003  Ki=0.8mM      // 1pu7.pdf (39A)
1pu8  2.13  2003  Ki=0.8mM      // 1pu8.pdf (EA1)
1os0  2.10  2003  Ki=0.93uM     // 1os0.pdf (0PQ)
1k27  1.95  2003  Ki=1.0nM      // 1k27.pdf (MTM) Ki=26nM at initial rate; Ki=1.0nM at equilibrium
1p6d  2.00  2003  Ki=1.15mM     // 1p6d.pdf (3PC) X-ray(phospholipase C D55N) while Ki(wild type)
1j37  2.40  2003  Ki=1.1nM      // 1j37.pdf (X8Z)
1nfw  2.10  2003  Ki=1.1nM      // 1nfw.pdf (RRR)
1nl9  2.40  2003  Ki=1.1uM      // 1nl9.pdf (989)
1o36  1.70  2003  Ki=1.1uM      // 1o36.pdf (607)
1p6e  2.30  2003  Ki=1.21mM     // 1p6e.pdf (PC5) X-ray(phospholipase C D55N) while Ki(wild type)
1ms0  2.50  2003  Ki=1.23mM     // 1ms0.pdf (DAN) ligand is compound 1
1o0h  1.20  2003  Ki=1.2uM      // 1o0h.pdf (ADP)
1n3i  1.90  2003  Ki=1.3nM      // 1n3i.pdf (DIH) Ki*=42pM
1nfy  2.10  2003  Ki=1.3nM      // 1nfy.pdf (RTR)
1nt1  2.00  2003  Ki=1.3nM      // 1nt1.pdf (T76)
1ny0  1.75  2003  Ki=1.4uM      // 1ny0.pdf (NBF) covalent complex
1o2u  1.41  2003  Ki=1.4uM      // 1o2u.pdf (847) redundant to 1o2w
1o2v  1.50  2003  Ki=1.4uM      // 1o2v.pdf (847) redundant to 1o2w
1o2w  1.38  2003  Ki=1.4uM      // 1o2w.pdf (847)
1o2x  1.46  2003  Ki=1.4uM      // 1o2x.pdf (847) redundant to 1o2w
1o2y  1.45  2003  Ki=1.4uM      // 1o2y.pdf (847) redundant to 1o2w
1q54  1.93  2003  Ki=1.4uM      // 1q54.pdf (BHI)
1ny2  2.30  2003  Ki=1.75mM     // 1ny2.pdf (5-mer) incomplete ligand structure
1lq2  2.70  2003  Ki=1.7nM      // 1lq2.pdf (IDD) Ki measured on barley beta-d-glucan glucohydrolase
1pxh  2.15  2003  Ki=1.8nM      // 1pxh.pdf (SNA) incomplete ligand structure
1o32  1.78  2003  Ki=1.8uM      // 1o32.pdf (801) redundant to 1o33
1o33  1.46  2003  Ki=1.8uM      // 1o33.pdf (801)
1o34  1.50  2003  Ki=1.8uM      // 1o34.pdf (801) redundant to 1o33
1mf4  1.90  2003  Ki=10.2nM     // 1mf4.pdf (5-mer)
1p0y  2.55  2003  Ki=100.8mM    // 1p0y.pdf (MLZ)
1nu3  1.75  2003  Ki=100uM      // 1nu3.pdf (VPR)
1my4  1.90  2003  Ki=105nM      // 1my4.pdf (IWD) ligand is compound (S)-2e
1nc6  1.90  2003  Ki=10nM       // 1nc6.pdf (ABB) covalent complex
1kr3  2.50  2003  Ki=10uM       // 1kr3.pdf (113) redundant to 1hlk
1nc3  2.20  2003  Ki=10uM       // 1nc3.pdf (FMC)
1o35  1.41  2003  Ki=10uM       // 1o35.pdf (802)
1jn4  1.80  2003  Ki=11.3uM     // 1jn4.pdf (139)
1oyq  1.90  2003  Ki=110nM      // 1oyq.pdf (T87)
1mrs  2.00  2003  Ki=110uM      // 1mrs.pdf (5HU)
1ndv  2.30  2003  Ki=1200nM     // 1ndv.pdf (FR0)
1ph0  2.20  2003  Ki=120nM      // 1ph0.pdf (418) incomplete ligand structure
1pr5  2.50  2003  Ki=120uM      // 1pr5.pdf (TBN)
1npz  2.00  2003  Ki=13nM       // 1npz.pdf (C1P) covalent complex
1nhw  2.35  2003  Ki=14.3uM     // 1nhg.pdf (TCC) Ki=14.3uM pfENR with Triclosan Analogs 1
1n1t  1.60  2003  Ki=140uM      // 1n1t.pdf (DAN)
1n1v  2.10  2003  Ki=140uM      // 1n1v.pdf (DAN) redundant to 1n1t
1n51  2.30  2003  Ki=14uM       // 1n51.pdf (4-mer)
1o2p  1.47  2003  Ki=14uM       // 1o2p.pdf (972) Ki measured on human trypsin
1lqe  2.20  2003  Ki=1507nM     // 1lqe.pdf (IMA) incomplete ligand structure
1njs  1.98  2003  Ki=15nM       // 1njs.pdf (KEU)
1nvs  1.80  2003  Ki=15nM       // 1nvs.pdf (UCM)
1oss  1.93  2003  Ki=16.4uM     // 1oss.pdf (BEN)
1my2  1.80  2003  Ki=17nM       // 1my2.pdf (AMQ) ligand is compound 2, AMPA, data from ref.25
1j36  2.40  2003  Ki=18nM       // 1j36.pdf (LPR)
1nfu  2.05  2003  Ki=18nM       // 1nfu.pdf (RRP)
1mcz  2.80  2003  Ki=1mM        // 1mcz.pdf (RMN)
1mq5  2.10  2003  Ki=1nM        // 1mq5.pdf (XLC)
1mxo  1.83  2003  Ki=1nM        // 1mxo.pdf (SM2) covalent complex
1lf9  2.20  2003  Ki=1pM        // 1lf9.pdf (ACR)
1o8b  1.25  2003  Ki=2.1mM      // 1o8b.pdf (ABF)
1n5r  2.25  2003  Ki=2.2uM      // 1n5r.pdf (PRM)
1nhu  2.00  2003  Ki=2.2uM      // 1nhu.pdf (153)
1nhv  2.90  2003  Ki=2.2uM      // 1nhv.pdf (154)
1lrt  2.20  2003  Ki=2.3uM      // 1lrt.pdf (TAD)
1h0r  2.10  2003  Ki=200uM      // 1h0r.pdf (FA1) ligand is compound 3a
1nyy  1.90  2003  Ki=21uM       // 1nyy.pdf (105) covalent complex
1nny  2.40  2003  Ki=22nM       // 1nny.pdf (515)
1owk  2.80  2003  Ki=23.5nM     // 1owk.pdf (303)
1pb9  1.60  2003  Ki=241uM      // 1pb9.pdf (4AX)
1no9  1.90  2003  Ki=24nM       // 1no9.pdf (4ND) covalent complex
1orw  2.84  2003  Ki=25.1nM     // 1orw.pdf (2-mer) covalent complex
1lpz  2.40  2003  Ki=25nM       // 1lpz.pdf (CMB)
1nj1  2.55  2003  Ki=25nM       // 1nj1.pdf (5CA)
1pcg  2.70  2003  Ki=25nM       // 1pcg.pdf (9-mer) Ki for ligand in cyclized form
1pa9  2.00  2003  Ki=25uM       // 1pa9.pdf (CSN)
1h46  1.52  2003  Ki=270uM      // 1h46.pdf (RNP)
1np0  2.50  2003  Ki=270uM      // 1np0.pdf (NGT) ligand is compound 1a (NAG-thiazoline)
1owi  2.93  2003  Ki=28.0nM     // 1owi.pdf (426)
1lpk  2.20  2003  Ki=28nM       // 1lpk.pdf (CBB)
1i5r  1.60  2003  Ki=3.0nM      // 1i5r.pdf (HYC)
1nfx  2.15  2003  Ki=3.0nM      // 1nfx.pdf (RDR)
1pyn  2.20  2003  Ki=3.2uM      // 1pyn.pdf (941)
1o2s  1.65  2003  Ki=3.4uM      // 1o2s.pdf (CR4) redundant to 1gi1
1pq3  2.70  2003  Ki=30nM       // 1pq3.pdf (S2C)
1mrn  2.45  2003  Ki=30uM       // 1mrn.pdf (T5A)
1my8  1.72  2003  Ki=35nM       // 1my8.pdf (SM3) covalent complex
1ozv  2.65  2003  Ki=36.6mM     // 1ozv.pdf (LYS)
1no6  2.40  2003  Ki=39uM       // 1no6.pdf (794)
1nym  1.20  2003  Ki=4.0uM      // 1nym.pdf (CXB) covalent complex
1nwl  2.40  2003  Ki=4.1mM      // 1nwl.pdf (964)
1lzq  2.20  2003  Ki=4.1nM      // 1lzq.pdf (0ZQ)
1nl6  2.80  2003  Ki=4.8pM      // 1nl6.pdf (750) covalent complex
1jt1  1.78  2003  Ki=400uM      // 1jt1.pdf (MCO)
1owh  1.61  2003  Ki=40nM       // 1owh.pdf (239)
1ocn  1.31  2003  Ki=412nM      // 1ocn.pdf (2-mer) X-ray(CEL6A D416A) while Ki(CEL6A wild type)
1owj  3.10  2003  Ki=48.0nM     // 1owj.pdf (155)
1o1s  2.30  2003  Ki=49nM       // 1o1s.pdf (1NH)
1ps3  1.80  2003  Ki=5.2mM      // 1ps3.pdf (KIF)
1nvq  2.00  2003  Ki=5.6nM      // 1nvq.pdf (UCN)
1nj5  2.80  2003  Ki=50nM       // 1nj5.pdf (P5A)
1nqc  1.80  2003  Ki=50nM       // 1nqc.pdf (C4P) covalent complex
1ndw  2.00  2003  Ki=5900nM     // 1ndw.pdf (FR2)
1o0f  1.50  2003  Ki=5uM        // 1o0f.pdf (A3P)
1pr1  2.30  2003  Ki=5uM        // 1pr1.pdf (FMB) redundant to 1a69
1h1d  2.00  2003  Ki=6.0nM      // 1h1d.pdf (BIA)
1o2r  1.45  2003  Ki=6.1uM      // 1o2r.pdf (CR9)
1owd  2.32  2003  Ki=6.3nM      // 1owd.pdf (497)
1ocq  1.08  2003  Ki=6.5uM      // 1ocq.pdf (IFM-BGC)
1q1m  2.60  2003  Ki=6.9uM      // 1q1m.pdf (234)
1n3z  1.65  2003  Ki=63.2uM     // 1n3z.pdf (U3P) Ki measured at pH=6.0; redundant to 3djp
1owe  1.60  2003  Ki=631nM      // 1owe.pdf (675)
1nxy  1.60  2003  Ki=64nM       // 1nxy.pdf (SM2) covalent complex
1me7  2.15  2003  Ki=65nM       // 1me7.pdf (RVP)
1me8  1.90  2003  Ki=65nM       // 1me8.pdf (RVP)
1ndy  2.00  2003  Ki=680nM      // 1ndy.pdf (FR3)
1pb8  1.45  2003  Ki=7.02uM     // 1pb8.pdf (DSN)
1o0m  1.50  2003  Ki=7.1uM      // 1o0m.pdf (U2P)
1p2g  2.30  2003  Ki=7.4mM      // 1p2g.pdf (8-mer)
1qx1  1.30  2003  Ki=7.5mM      // 1qx1.pdf (FMF) covalent complex
1ndz  2.00  2003  Ki=7.7nM      // 1ndz.pdf (FR5)
1nvr  1.80  2003  Ki=7.8nM      // 1nvr.pdf (STU)
1m2x  1.50  2003  Ki=70uM       // 1m2x.pdf (MCO) Ki=70~100uM
1mq6  2.10  2003  Ki=7pM        // 1mq6.pdf (XLD)
1lpg  2.00  2003  Ki=82nM       // 1lpg.pdf (IMA)
1o0n  1.50  2003  Ki=82uM       // 1o0n.pdf (U3P)
1n2v  2.10  2003  Ki=83uM       // 1n2v.pdf (BDI) redundant to 2z1w
1ui0  1.50  2003  Ki=88nM       // 1ui0.pdf (URA)
1njj  2.45  2003  Ki=8mM        // 1njj.pdf (GET)
1o0o  1.20  2003  Ki=8uM        // 1o0o.pdf (A2P)
1od8  1.05  2003  Ki=8uM        // 1od8.pdf (XDL-XYP)
1qxk  2.30  2003  Ki=9.0uM      // 1qxk.pdf (429)
1lqd  2.70  2003  Ki=9nM        // 1lqd.pdf (CMI)
1urw  1.60  2004  IC50<0.003uM  // 1urw.pdf (I1P)
1sqi  2.15  2004  IC50<20nM     // 1sqi.pdf (869)
1s17  1.95  2004  IC50<5nM      // 1s17.pdf (GNR) IC50 for GNR/PDF-Ni
1uv5  2.80  2004  IC50=0.005uM  // 1uv5.pdf (BRW) IC50 measured on gsk-3 a/b
1xom  1.55  2004  IC50=0.011uM  // 1xom.pdf (CIO)
1xbc  2.00  2004  IC50=0.012uM  // 1xbc.pdf (STU)
1vjb  3.20  2004  IC50=0.013uM  // 1vjb.pdf (OHT) ligand is compound 1, (4-OHT)
1xon  1.72  2004  IC50=0.021nM  // 1xon.pdf (PIL)
1vjy  2.00  2004  IC50=0.023uM  // 1vjy.pdf (460)
1xlx  2.19  2004  IC50=0.025uM  // 1xlx.pdf (CIO)
1q1y  1.90  2004  IC50=0.02uM   // 1q1y.pdf (BB2) ligand is actinonin, a hydroxamate peptidic compound, as a positive control was IC50=0.02uM
1r5g  2.00  2004  IC50=0.03uM   // 1r5g.pdf (AO1)
1xm4  2.31  2004  IC50=0.041nM  // 1xm4.pdf (PIL)
1xdg  2.10  2004  IC50=0.05uM   // 1xdg.pdf (AB8)
1rs4  2.70  2004  IC50=0.068uM  // 1rs4.pdf (45P)
1py2  2.80  2004  IC50=0.06uM   // 1py2.pdf (FRH)
1unh  2.35  2004  IC50=0.10uM   // 1unh.pdf (IXM)
1r58  1.90  2004  IC50=0.11uM   // 1r58.pdf (AO5)
1vj5  2.35  2004  IC50=0.12uM   // 1vj5.pdf (CIU)
1v0p  2.00  2004  IC50=0.13uM   // 1v0p.pdf (PVB)
1rv1  2.30  2004  IC50=0.14uM   // 1rv1.pdf (IMZ)
1ung  2.30  2004  IC50=0.16uM   // 1ung.pdf (ALH) IC50=0.16-0.20uM
1r5h  2.40  2004  IC50=0.18uM   // 1r5h.pdf (AO2)
1rwq  2.20  2004  IC50=0.1nM    // 1rwq.pdf (5AP)
1unl  2.20  2004  IC50=0.20uM   // 1unl.pdf (RRC) ligand is (R)-roscovitine
1oiu  2.00  2004  IC50=0.21uM   // 1oiu.pdf (N76)
1tkz  2.81  2004  IC50=0.24uM   // 1tkz.pdf (H16)
1xnz  1.52  2004  IC50=0.24uM   // 1xnz.pdf (FCD)
1o45  1.80  2004  IC50=0.25nM   // 1o45.pdf (687) covalent complex
1snk  2.40  2004  IC50=0.25nM   // 1snk.pdf (MYE) covalent complex
1so2  2.40  2004  IC50=0.27nM   // 1so2.pdf (666)
1xdd  2.20  2004  IC50=0.2uM    // 1xdd.pdf (AAY)
1rsd  2.50  2004  IC50=0.30uM   // 1rsd.pdf (PSB)
1pzj  1.46  2004  IC50=0.32mM   // 1pzj.pdf (15B)
1t46  1.60  2004  IC50=0.37uM   // 1t46.pdf (STI) ligand is compound imatinib
1tl1  2.90  2004  IC50=0.38uM   // 1tl1.pdf (H18)
1xor  1.54  2004  IC50=0.39uM   // 1xor.pdf (ZAR)
1o4d  1.85  2004  IC50=0.3mM    // 1o4d.pdf (262) covalent complex
1o4f  2.00  2004  IC50=0.3mM    // 1o4f.pdf (790)
1xm6  1.92  2004  IC50=0.42uM   // 1xm6.pdf (5RM)
1xp6  1.70  2004  IC50=0.4nM    // 1xp6.pdf (AIU)
1tow  2.00  2004  IC50=0.57uM   // 1tow.pdf (CRZ)
1xn0  2.31  2004  IC50=0.57uM   // 1xn0.pdf (ROL) racemic ligand
1o4e  2.00  2004  IC50=0.5mM    // 1o4e.pdf (299) covalent complex
1xp1  1.80  2004  IC50=0.5nM    // 1xp1.pdf (AIH)
1tl3  2.80  2004  IC50=0.63uM   // 1tl3.pdf (H20)
1x81  3.50  2004  IC50=0.65nM   // 1x81.pdf (JAN)
1xoq  1.83  2004  IC50=0.68nM   // 1xoq.pdf (ROF)
1tkt  2.60  2004  IC50=0.71uM   // 1tkt.pdf (H12)
1uu3  1.70  2004  IC50=0.75uM   // 1uu3.pdf (LY4)
1rhk  2.50  2004  IC50=0.771nM  // 1rhk.pdf (6-mer) covalent complex
1tu6  1.75  2004  IC50=0.83nM   // 1tu6.pdf (FSP) covalent complex
1xmu  2.30  2004  IC50=0.84nM   // 1xmu.pdf (ROF)
1sj0  1.90  2004  IC50=0.8nM    // 1sj0.pdf (E4D)
1ni1  2.30  2004  IC50=0.90nM   // 1ni1.pdf (2C5)
1xlz  2.06  2004  IC50=0.96uM   // 1xlz.pdf (FIL)
1o41  1.70  2004  IC50=0.9mM    // 1o41.pdf (300) covalent complex
1pum  2.30  2004  IC50=0.9mM    // 1pum.pdf (GLB)
1xp0  1.79  2004  IC50=1.0nM    // 1xp0.pdf (VDN)
1uze  1.82  2004  IC50=1.27nM   // 1uze.pdf (EAL) ligand is compound 12d, IC50 ref 20. -logIC50=8.4-9.4, +/-0.5 unit
1o4k  1.57  2004  IC50=1.2mM    // 1o4k.pdf (PSN) covalent complex
1xoz  1.37  2004  IC50=1.2nM    // 1xoz.pdf (CIA)
1xp9  1.80  2004  IC50=1.3nM    // 1xp9.pdf (AIJ)
1tqf  1.80  2004  IC50=1.4uM    // 1tqf.pdf (32P)
1utz  2.50  2004  IC50=1.4uM    // 1utz.pdf (PF3) IC50=1.4uM (no AH); IC50=14nM (with AH)
1rri  2.00  2004  IC50=1.5uM    // 1rri.pdf (A45)
1ros  2.00  2004  IC50=1.7nM    // 1ros.pdf (DEO)
1xpc  1.60  2004  IC50=1.7nM    // 1xpc.pdf (AIT)
1hkm  2.55  2004  IC50=1.9nM    // 1hkm.pdf (3-mer)
1s9v  2.22  2004  IC50=100uM    // 1s9v.pdf (11-mer) HLA-DQ2 complexed with deamidated gliadin peptide, IC50=100uM
1tlo  1.90  2004  IC50=100uM    // 1tlo.pdf (E64) covalent complex
1o46  2.00  2004  IC50=10nM     // 1o46.pdf (903)
1sqb  2.69  2004  IC50=11.2nM   // 1sqb.pdf (AZO) azoxystrobin, AZ to bovine bc1 IC50=11.2nM, yeast bc1 IC50=251nM
1o4a  1.50  2004  IC50=120nM    // 1o4a.pdf (197) covalent complex
1tg5  1.90  2004  IC50=12nM     // 1tg5.pdf (645)
1wdy  1.80  2004  IC50=13nM     // 1wdy.pdf (25A)
1uyh  2.20  2004  IC50=14.3uM   // 1uyh.pdf (PU0) IC50 measured on full length yeast HSP90-alpha
1uu7  1.90  2004  IC50=14uM     // 1uu7.pdf (BI2)
1uy9  2.00  2004  IC50=15.3uM   // 1uy9.pdf (PU6) IC50 measured on full length yeast HSP90-alpha
1qxy  1.04  2004  IC50=16uM     // 1qxy.pdf (M2C)
1uyk  2.00  2004  IC50=17.1uM   // 1uyk.pdf (PUX) IC50 measured on full length yeast HSP90-alpha
1rhq  3.00  2004  IC50=17.7nM   // 1rhq.pdf (0ZZ) covalent complex
1rhm  2.50  2004  IC50=1735nM   // 1rhm.pdf (NA4) covalent complex
1w22  2.50  2004  IC50=175.5nM  // 1w22.pdf (NHB)
1qxz  1.68  2004  IC50=19uM     // 1qxz.pdf (M3C)
1tou  2.00  2004  IC50=1uM      // 1tou.pdf (B1V)
1uvr  2.81  2004  IC50=1uM      // 1uvr.pdf (BI8)
1uym  2.45  2004  IC50=1uM      // 1uym.pdf (PU3) ligand is compound 19 (PU3); IC50=1~2uM
1npa  2.00  2004  IC50=2.0nM    // 1npa.pdf (3NH)
1tve  3.00  2004  IC50=2.1uM    // 1tve.pdf (178)
1o43  1.50  2004  IC50=2.2uM    // 1o43.pdf (821) covalent complex
1o4i  1.75  2004  IC50=2.3mM    // 1o4i.pdf (219) covalent complex
1o4p  1.90  2004  IC50=2.5mM    // 1o4p.pdf (791)
1hkj  2.60  2004  IC50=2.6nM    // 1hkj.pdf (3-mer)
1rtl  2.75  2004  IC50=2.6uM    // 1rtl.pdf (CPX) covalent complex
1szm  2.50  2004  IC50=2.94uM   // 1szm.pdf (BI2)
1xos  2.28  2004  IC50=20uM     // 1xos.pdf (VIA)
1oq5  1.50  2004  IC50=21nM     // 1oq5.pdf (CEL)
1uwh  2.95  2004  IC50=22nM     // 1uwh.pdf (BAX) ligand is Sorafenib
1t49  1.90  2004  IC50=22uM     // 1t49.pdf (892)
1soj  2.90  2004  IC50=242nM    // 1soj.pdf (IBM)
1v3x  2.20  2004  IC50=24nM     // 1v3x.pdf (D76)
1q6k  2.10  2004  IC50=26nM     // 1q6k.pdf (TCO) covalent complex
1vcj  2.40  2004  IC50=26uM     // 1vcj.pdf (IBA)
1riw  2.04  2004  IC50=28nM     // 1riw.pdf (OSC)
1rrw  2.21  2004  IC50=28uM     // 1rrw.pdf (9MG)
1vyz  2.21  2004  IC50=290nM    // 1vyz.pdf (N5B)
1tkx  2.85  2004  IC50=29nM     // 1tkx.pdf (GWB)
1o4b  1.85  2004  IC50=2uM      // 1o4b.pdf (876)
1rhu  2.51  2004  IC50=3.00nM   // 1rhu.pdf (3CY) covalent complex
1tl9  1.80  2004  IC50=3.0uM    // 1tl9.pdf (4-mer) covalent complex
1xh3  1.48  2004  IC50=3.1uM    // 1xh3.pdf (14-mer) alt.M-CSF peptide binds to HLA-B*3501, IC50=3.1uM
1o4q  1.70  2004  IC50=3.2mM    // 1o4q.pdf (256)
1o4o  1.70  2004  IC50=3.5mM    // 1o4o.pdf (HPS)
1o4h  2.25  2004  IC50=3.6mM    // 1o4h.pdf (772)
1xot  2.34  2004  IC50=3.8uM    // 1xot.pdf (VDN)
1o4r  1.50  2004  IC50=3.9mM    // 1o4r.pdf (787)
1uyf  2.00  2004  IC50=30uM     // 1uyf.pdf (PU1) IC50 measured on full length yeast HSP90-alpha
1t48  2.20  2004  IC50=350uM    // 1t48.pdf (BB3)
1v1k  2.31  2004  IC50=35uM     // 1v1k.pdf (3FP)
1vyw  2.30  2004  IC50=37nM     // 1vyw.pdf (292)
1rsi  2.20  2004  IC50=38uM     // 1rsi.pdf (977)
1rq2  1.86  2004  IC50=3mM      // 1rq2.pdf (CIT)
1o44  1.70  2004  IC50=3nM      // 1o44.pdf (852)
1r78  2.00  2004  IC50=3nM      // 1r78.pdf (FMD)
1uyi  2.00  2004  IC50=4.1uM    // 1uyi.pdf (PUZ) IC50 measured on full length yeast HSP90-alpha
1o4j  1.70  2004  IC50=4.4mM    // 1o4j.pdf (IS2)
1hkk  1.85  2004  IC50=40nM     // 1hkk.pdf (3-mer)
1uyc  2.00  2004  IC50=41uM     // 1uyc.pdf (PU7) IC50 measured on full length yeast HSP90-alpha
1o49  1.70  2004  IC50=437nM    // 1o49.pdf (493)
1o48  1.55  2004  IC50=450nM    // 1o48.pdf (853)
1o47  1.80  2004  IC50=4nM      // 1o47.pdf (822)
1w4l  2.16  2004  IC50=4nM      // 1w4l.pdf (GL8)
1t1r  2.30  2004  IC50=4uM      // 1t1r.pdf (IMB)
1tv6  2.80  2004  IC50=4uM      // 1tv6.pdf (CP9)
1uu9  1.95  2004  IC50=4uM      // 1uu9.pdf (BI3)
1v0o  1.90  2004  IC50=5.50uM   // 1v0o.pdf (INR)
1xmy  2.40  2004  IC50=50.12nM  // 1xmy.pdf (ROL) ligand is compound (R)-Rolipram, pIC50=7.3
1w51  2.55  2004  IC50=500nM    // 1w51.pdf (L01) ligand is compound 1
1ppw  2.21  2004  IC50=50uM     // 1ppw.pdf (EIP)
1rs2  2.31  2004  IC50=50uM     // 1rs2.pdf (209)
1py5  2.30  2004  IC50=51nM     // 1py5.pdf (PY1)
1uyg  2.00  2004  IC50=53.5uM   // 1uyg.pdf (PU2) IC50 measured on full length yeast HSP90-alpha
1u59  2.30  2004  IC50=55.8nM   // 1u59.pdf (STU)
1okz  2.51  2004  IC50=5nM      // 1okz.pdf (UCN)
1v2h  2.70  2004  IC50=5uM      // 1v2h.pdf (GUN)
1oky  2.30  2004  IC50=6.5nM    // 1oky.pdf (STU)
1w6j  2.20  2004  IC50=6.5nM    // 1w6j.pdf (R71) ligand is compound 9
1q0b  1.90  2004  IC50=6.7uM    // 1q0b.pdf (NAT)
1uk1  3.00  2004  IC50=60nM     // 1uk1.pdf (FRQ)
1re1  2.50  2004  IC50=6117nM   // 1re1.pdf (NA3) covalent complex
1oiy  2.40  2004  IC50=64nM     // 1oiy.pdf (N41)
1oi9  2.10  2004  IC50=69nM     // 1oi9.pdf (N20)
1pw6  2.60  2004  IC50=6uM      // 1pw6.pdf (FRB)
1rhr  3.00  2004  IC50=7.95nM   // 1rhr.pdf (CNE) covalent complex
1w6r  2.05  2004  IC50=702nM    // 1w6r.pdf (GNT)
1w76  2.30  2004  IC50=702nM    // 1w76.pdf (GNT) redundant to 1w6r
1rxp  1.70  2004  IC50=72nM     // 1rxp.pdf (169) covalent complex
1uy8  1.98  2004  IC50=75uM     // 1uy8.pdf (PU5) IC50 measured on full length yeast HSP90-alpha
1pfy  1.93  2004  IC50=7nM      // 1pfy.pdf (MSP)
1tfz  1.80  2004  IC50=7nM      // 1tfz.pdf (869)
1qxw  1.67  2004  IC50=7uM      // 1qxw.pdf (M1C)
1t1s  2.40  2004  IC50=7uM      // 1t1s.pdf (CBQ)
1rry  2.70  2004  IC50=80uM     // 1rry.pdf (204)
1uk0  3.00  2004  IC50=8nM      // 1uk0.pdf (FRM) ligand is compound 4f
1t4j  2.70  2004  IC50=8uM      // 1t4j.pdf (FRJ)
1rhj  2.20  2004  IC50=9.17nM   // 1rhj.pdf (PZN) covalent complex
1u32  2.00  2004  IC50=97nM     // 1u32.pdf (OKA)
1o42  1.70  2004  IC50=9nM      // 1o42.pdf (843)
1uu8  2.50  2004  IC50=9uM      // 1uu8.pdf (BI1)
1tfq   NMR  2004  Kd=0.012uM    // 1tfq.pdf (998)
1xsc   NMR  2004  Kd=0.05mM     // 1xsc.pdf (ATP)
1xzx  2.50  2004  Kd=0.06nM     // 1xzx.pdf (_T3)
1sr7  1.46  2004  Kd=0.08nM     // 1sr7.pdf (MOF)
1toi  1.90  2004  Kd=0.090mM    // 1toi.pdf (HCI)
1utj  1.83  2004  Kd=0.144mM    // 1utj.pdf (ABN)
1os5  2.20  2004  Kd=0.14uM     // 1os5.pdf (NH1) IC50=0.93uM
1oh4  1.35  2004  Kd=0.18mM     // 1oh4.pdf (7-mer)
1s3k  1.90  2004  Kd=0.24uM     // 1s3k.pdf (4-mer) Fab hu3S193 in complex with the Lewis Y tetrasaccharide, Kd=2.4E-7M
1vjc  2.10  2004  Kd=0.263mM    // 1vjc.pdf (ATP) Kd for Mg-ATP
1ujk  1.90  2004  Kd=0.27uM     // 1ujj.pdf (12-mer) Kd=0.27+/-0.17uM(SPR); Kd=40uM(ITC); incomplete ligand
1vjd  1.90  2004  Kd=0.286mM    // 1vjd.pdf (ATP)
1nki  0.95  2004  Kd=0.2uM      // 1nki.pdf (PPF) Ki=0.41uM
1s19  2.10  2004  Kd=0.31nM     // 1s19.pdf (MC9) ligand is MC903(calcipotriol)
1utn  1.15  2004  Kd=0.321mM    // 1utn.pdf (ABN)
1ru2  1.48  2004  Kd=0.32uM     // 1ru2.pdf (APC) Kd for Mg-APC
1q4x  2.80  2004  Kd=0.33nM     // 1q4x.pdf (G24)
1qy1  1.70  2004  Kd=0.3uM      // 1qy1.pdf (PRZ)
1toj  1.90  2004  Kd=0.41mM     // 1toj.pdf (HCI)
1ukh  2.35  2004  Kd=0.42uM     // 1ukh.pdf (11-mer) Kd=0.42+/-0.13uM; incomplete ligand
1sqn  1.45  2004  Kd=0.4nM      // 1sqn.pdf (NDR)
1xow  1.80  2004  Kd=0.52nM     // 1xow.pdf (R18)
1udt  2.30  2004  Kd=0.5nM      // 1udt.pdf (VIA) Kd=0.5~6.6nM
1tpz  2.00  2004  Kd=0.64uM     // 1tpz.pdf (GDP) redundant to 1tq4
1tq4  1.95  2004  Kd=0.64uM     // 1tq4.pdf (GDP)
1tog  2.31  2004  Kd=0.6mM      // 1tog.pdf (HCI)
1uho  2.50  2004  Kd=0.6nM      // 1uho.pdf (VDN) Kd=0.6~0.7nM
1xb7  2.50  2004  Kd=0.6uM      // 1xb7.pdf (12-mer) incomplete ligand
1uod  1.90  2004  Kd=0.78mM     // 1uod.pdf (G3H) covalent complex
1xxh  3.45  2004  Kd=0.78uM     // 1xxh.pdf (AGS)
1w9u  1.85  2004  Kd=0.81uM     // 1w9u.pdf (5-mer) IC50=0.5uM
1oj5  2.20  2004  Kd=0.8uM      // 1oj5.pdf (14-mer)
1ujj  2.60  2004  Kd=0.8uM      // 1ujj.pdf (12-mer) Kd=0.8+/-0.19uM(SPR); Kd=390uM(ITC); incomplete ligand
1t7d  2.47  2004  Kd=0.94uM     // 1t7d.pdf (ARY)
1utm  1.50  2004  Kd=0.972mM    // 1utm.pdf (PEA)
1udu  2.83  2004  Kd=0.9nM      // 1udu.pdf (CIA) Kd=0.9-6.7nM
1t29  2.30  2004  Kd=0.9uM      // 1t29.pdf (14-mer) incomplete ligand
1t7r  1.40  2004  Kd=1.1uM      // 1t7r.pdf (15-mer) incomplete ligand; Kd between AR LBD and FxxLF peptide
1oay  2.66  2004  Kd=1.2uM      // 1oay.pdf (FUR)
1ule  2.15  2004  Kd=1.2uM      // 1ule.pdf (3-mer)
1u1w  1.35  2004  Kd=1.4uM      // 1u1w.pdf (3HA)
1p17  2.70  2004  Kd=1.5mM      // 1p17.pdf (IMP)
1ryf  1.75  2004  Kd=1.6nM      // 1ryf.pdf (GDP) Kd for mant-GDP
1qy2  1.75  2004  Kd=1.8uM      // 1qy2.pdf (IPZ)
1v11  1.95  2004  Kd=104.8uM    // 1v11.pdf (TDP)
1rmz  1.34  2004  Kd=10nM       // 1rmz.pdf (NGH) Kd=8mM for AHA
1vyg  2.40  2004  Kd=10nM       // 1vyg.pdf (ACD)
1xws  1.80  2004  Kd=10nM       // 1xws.pdf (BI1)
1sbr  2.30  2004  Kd=10uM       // 1sbr.pdf (VIB)
1v1m  2.00  2004  Kd=115.0uM    // 1v1m.pdf (TDP)
1pg2  1.75  2004  Kd=11uM       // 1pg2.pdf (MET) Kd=43uM for MET/MetRS
1uz8  1.80  2004  Kd=11uM       // 1uz8.pdf (3-mer)
1nlt  2.70  2004  Kd=12uM       // 1nlt.pdf (7-mer)
1v16  1.90  2004  Kd=134.8uM    // 1v16.pdf (TDP)
1vkj  2.50  2004  Kd=14uM       // 1vkj.pdf (A3P)
1rd4  2.40  2004  Kd=18.3nM     // 1rd4.pdf (L08)
1ru1  1.40  2004  Kd=18uM       // 1ru1.pdf (APC) Kd=0.32uM for Mg-APC
1pfu  1.91  2004  Kd=1900uM     // 1pfu.pdf (MPJ)
1ux7  1.50  2004  Kd=1mM        // 1ux7.pdf (3-mer)
1xt3  2.40  2004  Kd=2.01uM     // 1xt3.pdf (6-mer)
1uti  1.50  2004  Kd=2.4uM      // 1uti.pdf (16-mer)
1q1g  2.02  2004  Kd=2.7nM      // 1q1g.pdf (MTI)
1r5w  2.90  2004  Kd=2.9uM      // 1r5v.pdf (13-mer) IC50=100+/-3nM; EC50=0.023nM
1oau  1.80  2004  Kd=20nM       // 1oau.pdf (SER-DNF)
1ryh  1.75  2004  Kd=27.6nM     // 1ryh.pdf (GNP) Kd for mant-GNP
1w80  1.90  2004  Kd=28.6uM     // 1w80.pdf (12-mer) incomplete ligand structure
1utc  2.30  2004  Kd=28uM       // 1utc.pdf (9-mer) incomplete ligand structure
1szd  1.50  2004  Kd=29.16uM    // 1szd.pdf (APR)
1xap  2.10  2004  Kd=2nM        // 1xap.pdf (TTB) Kd=2~9nM
1y0x  3.10  2004  Kd=2nM        // 1y0x.pdf (T44)
1xxi  4.10  2004  Kd=3.0uM      // 1xxi.pdf (ADP)
1t08  2.10  2004  Kd=3.1uM      // 1t08.pdf (15-mer) Kd=3.1+/-0.3uM(APC R3-catenin); Kd=10+/-1.3nM(APC pR3-catenin)
1uef  2.50  2004  Kd=3.2uM      // 1uef.pdf (13-mer) incomplete ligand
1utl  1.70  2004  Kd=3.41mM     // 1utl.pdf (PRA)
1tok  1.85  2004  Kd=3.4mM      // 1tok.pdf (MAE)
1r5n  2.90  2004  Kd=3.8uM      // 1r5n.pdf (GDP)
1u2r  2.60  2004  Kd=3.9uM      // 1u2r.pdf (GDP)
1vea  2.80  2004  Kd=30nM       // 1vea.pdf (HBN)
1xa5  2.12  2004  Kd=316nM      // 1xa5.pdf (KAR)
1osv  2.50  2004  Kd=330uM      // 1osv.pdf (13-mer) incomplete ligand structure; Kd for bile acid-activated FXR to coactivator peptide NID-3 (KENALLRYLLDKD)
1r5v  2.50  2004  Kd=33uM       // 1r5v.pdf (13-mer) IC50=90+/-2nM; EC50=0.13nM
1qvu  2.96  2004  Kd=35uM       // 1qvu.pdf (PRL) ternary complex of QacR with ethidium and proflavine; QacR bind to Pf with Kd=35uM in the presence of 75uM Et
1utp  1.30  2004  Kd=36mM       // 1utp.pdf (PBN)
1t2v  3.30  2004  Kd=400nM      // 1t2v.pdf (16-mer) incomplete ligand
1oar  2.22  2004  Kd=40nM       // 1oar.pdf (AZN)
1r6n  2.40  2004  Kd=40nM       // 1r6n.pdf (434)
1qvt  2.89  2004  Kd=42uM       // 1qvt.pdf (PRL)
1td7  2.50  2004  Kd=43uM       // 1td7.pdf (NFL) Ki=1.26uM
1uw6  2.20  2004  Kd=45.2nM     // 1uw6.pdf (NCT)
1ttm  1.95  2004  Kd=45nM       // 1ttm.pdf (667)
1sv3  1.35  2004  Kd=45uM       // 1sv3.pdf (ANN) Ki=18uM
1t37  2.60  2004  Kd=45uM       // 1t37.pdf (5-mer)
1w3j  2.00  2004  Kd=484nM      // 1w3j.pdf (OXZ)
1r9l  1.59  2004  Kd=4uM        // 1r9l.pdf (BET)
1s5q   NMR  2004  Kd=5.2uM      // 1s5q.pdf (16-mer) Kd=5.2+/-1.0uM
1uto  1.15  2004  Kd=5.32mM     // 1uto.pdf (PEA)
2bfr  2.50  2004  Kd=5.63uM     // 2bfr.pdf (ADP)
1opi   NMR  2004  Kd=50nM       // 1o0p.pdf (13-mer) Kd=50-100nM
1sw1  1.90  2004  Kd=50nM       // 1sw1.pdf (PBE)
1u8t  1.50  2004  Kd=55uM       // 1u8t.pdf (16-mer) incomplete ligand
1uxa  1.50  2004  Kd=5mM        // 1uxa.pdf (SIA-GAL)
1oxr  1.93  2004  Kd=6.4uM      // 1oxr.pdf (AIN)
1sw2  2.10  2004  Kd=60nM       // 1sw2.pdf (BET)
1pzi  1.99  2004  Kd=60uM       // 1pzi.pdf (1DM)
1ulg  2.20  2004  Kd=62.2uM     // 1ulg.pdf (GAL-NGA)
1q7a  1.60  2004  Kd=64nM       // 1q7a.pdf (OPB)
1sje  2.45  2004  Kd=6nM        // 1sje.pdf (16-mer) HLA-DR1 and Gag[PP16] peptide complex, IC50=29+/-1nM, Kd=6nM; incomplete ligand
1w2x  2.80  2004  Kd=7.2uM      // 1w2x.pdf (RCP)
1uv6  2.50  2004  Kd=7575nM     // 1uv6.pdf (CCE)
1p19  2.30  2004  Kd=76.8uM     // 1p19.pdf (IMP)
1uxb  1.75  2004  Kd=7mM        // 1uxb.pdf (SIA-GAL)
1rzx  2.10  2004  Kd=80uM       // 1rzx.pdf (7-mer)
1nw4  2.20  2004  Kd=860pM      // 1nw4.pdf (IMH)
1x8s  2.50  2004  Kd=8uM        // 1x8s.pdf (12-mer) incomplete ligand
1u9l  1.90  2004  Kd=9.6uM      // 1u9l.pdf (13-mer) incomplete ligand structure
1r4w  2.50  2004  Kd=90uM       // 1r4w.pdf (GSH)
1sjh  2.25  2004  Kd=9nM        // 1sje.pdf (13-mer) HLA-DR1 and Gag[PG13] peptide complex, IC50=28+/-3nM, Kd=9nM
1vyf  1.85  2004  Kd=9nM        // 1vyf.pdf (OLA)
1syo  2.20  2004  Kd~1nM        // 1syo.pdf (M6P)
1sz0  2.10  2004  Kd~1nM        // 1sz0.pdf (M6P)
1sm2  2.30  2004  Ki<10nM       // 1sm2.pdf (STU)
1rp7  2.09  2004  Ki=0.003uM    // 1rp7.pdf (TZD)
1vja  2.00  2004  Ki=0.020uM    // 1vja.pdf (7IN)
1w1g  1.45  2004  Ki=0.021uM    // 1w1g.pdf (4PT)
1oxg  2.20  2004  Ki=0.027nM    // 1oxg.pdf (14-mer) covalent complex; Ki=2.7+/-0.3    0-11M
1v0l  0.98  2004  Ki=0.028uM    // 1v0l.pdf (XIF-XYP)
1v0n  1.10  2004  Ki=0.028uM    // 1v0n.pdf (XIF-XYP) redundant to 1v0l
1vj9  2.40  2004  Ki=0.028uM    // 1vj9.pdf (5IN)
1sqo  1.84  2004  Ki=0.035uM    // 1sqo.pdf (UI2)
1sc8  2.40  2004  Ki=0.036uM    // 1sc8.pdf (2IN)
1ua4  1.90  2004  Ki=0.06mM     // 1ua4.pdf (AMP)
1pxm  2.53  2004  Ki=0.06uM     // 1pxm.pdf (CK5)
1xd0  2.00  2004  Ki=0.075uM    // 1xd0.pdf (ARE)
1pxn  2.50  2004  Ki=0.07uM     // 1pxn.pdf (CK6)
1sb1  1.90  2004  Ki=0.128uM    // 1sb1.pdf (165)
1pkx  1.90  2004  Ki=0.12uM     // 1pkx.pdf (XMP)
1vcu  2.85  2004  Ki=0.14mM     // 1vcu.pdf (DAN) ligand is compound 4, DANA
1om1  1.68  2004  Ki=0.17uM     // 1om1.pdf (IQA)
1nh0  1.03  2004  Ki=0.18nM     // 1nh0.pdf (5-mer)
1wc1  1.93  2004  Ki=0.1mM      // 1wc1.pdf (TAT)
1wc6  2.51  2004  Ki=0.1mM      // 1wc6.pdf (TAT)
1rjk  1.99  2004  Ki=0.1nM      // 1rjk.pdf (VDZ) ligand is compound 4
1pxp  2.30  2004  Ki=0.22uM     // 1pxp.pdf (CK8)
1qw7  1.90  2004  Ki=0.25mM     // 1qw7.pdf (EBP)
1uys  2.80  2004  Ki=0.25mM     // 1uys.pdf (H1L)
1w1d  1.50  2004  Ki=0.30uM     // 1w1d.pdf (4IP)
1s4d  2.70  2004  Ki=0.32uM     // 1s4d.pdf (SAH)
1xjd  2.00  2004  Ki=0.33nM     // 1xjd.pdf (STU)
1q4w  1.93  2004  Ki=0.35uM     // 1q4w.pdf (DQU) redundant to 1r5y
1r5y  1.20  2004  Ki=0.35uM     // 1r5y.pdf (DQU)
1o5a  1.68  2004  Ki=0.38uM     // 1o5a.pdf (696)
1re8  2.10  2004  Ki=0.3nM      // 1re8.pdf (BD2)
1t69  2.91  2004  Ki=0.48uM     // 1t69.pdf (SHH) ligand is compound SAHA
1w3l  1.04  2004  Ki=0.52uM     // 1w3l.pdf (3-mer)
1px4  1.60  2004  Ki=0.59mM     // 1px4.pdf (IPT)
1phw  2.36  2004  Ki=0.5mM      // 1phw.pdf (__N)
1pwp  2.90  2004  Ki=0.5uM      // 1pwp.pdf (NSC)
1wm1  2.10  2004  Ki=0.5uM      // 1wm1.pdf (PTB)
1sqa  2.00  2004  Ki=0.62nM     // 1sqa.pdf (UI1)
1sqt  1.90  2004  Ki=0.63uM     // 1sqt.pdf (UI3)
1v2k  2.00  2004  Ki=0.65uM     // 1v2k.pdf (ZEN)
1ta6  1.90  2004  Ki=0.74nM     // 1ta6.pdf (177)
1u0g  1.70  2004  Ki=0.7uM      // 1u0g.pdf (E4P)
1s26  3.00  2004  Ki=0.85mM     // 1s26.pdf (APC)
1o5f  1.78  2004  Ki=0.85uM     // 1o5f.pdf (CR9)
1uj5  2.00  2004  Ki=0.89mM     // 1uj5.pdf (5RP)
1uj6  1.74  2004  Ki=0.89mM     // 1uj6.pdf (A5P)
1xbo  2.50  2004  Ki=0.92uM     // 1xbo.pdf (IX1)
1s63  1.90  2004  Ki=0.9nM      // 1s63.pdf (778)
1uwu  1.95  2004  Ki=1.04uM     // 1uwu.pdf (GOX)
1uwt  1.95  2004  Ki=1.08uM     // 1uwt.pdf (GTL)
1mu8  2.00  2004  Ki=1.0nM      // 1mu8.pdf (CDB)
1v2n  1.80  2004  Ki=1.25uM     // 1v2n.pdf (BBA)
1r1h  1.95  2004  Ki=1.2nM      // 1r1h.pdf (BIR)
1u6q  2.02  2004  Ki=1.31uM     // 1u6q.pdf (745)
1ugp  1.63  2004  Ki=1.3mM      // 1ugp.pdf (BUA)
1sl3  1.81  2004  Ki=1.4pM      // 1sl3.pdf (170)
1q63  1.85  2004  Ki=1.4uM      // 1q63.pdf (AIQ) redundant to 1k4g
1m0b  2.45  2004  Ki=1.53nM     // 1m0b.pdf (0ZQ)
1w5w  1.80  2004  Ki=1.6nM      // 1w5w.pdf (BE4)
1rql  2.40  2004  Ki=1.79mM     // 1rql.pdf (VSO)
2bet  2.20  2004  Ki=1.7mM      // 2bet.pdf (DEZ)
1o5b  1.85  2004  Ki=1.7uM      // 1o5b.pdf (ESI)
1q66  1.75  2004  Ki=1.7uM      // 1q66.pdf (KMB)
1ur9  1.80  2004  Ki=1.7uM      // 1ur9.pdf (3-mer)
1o5e  1.75  2004  Ki=1.8uM      // 1o5e.pdf (132)
1u0h  2.90  2004  Ki=110nM      // 1u0h.pdf (ONM)
1qxl  2.25  2004  Ki=11nM       // 1qxl.pdf (FR8)
1o5g  1.75  2004  Ki=11uM       // 1o5g.pdf (CR9)
1pwq  3.52  2004  Ki=11uM       // 1pwq.pdf (SD2)
1t3t  1.90  2004  Ki=11uM       // 1t3t.pdf (ADP) X-ray(PurL) while Ki(PurM)
1tl7  2.80  2004  Ki=12nM       // 1tl7.pdf (ONM)
1uz1  2.00  2004  Ki=130nM      // 1uz1.pdf (IFL)
1v79  2.50  2004  Ki=13nM       // 1v79.pdf (FR7) Ki measured on human ADA
1xff  1.80  2004  Ki=15uM       // 1xff.pdf (GLU)
1v48  2.20  2004  Ki=16nM       // 1v48.pdf (HA1)
1pi5  1.49  2004  Ki=17nM       // 1pi5.pdf (SM2) covalent complex
1v2o  1.62  2004  Ki=18.45uM    // 1v2o.pdf (ANH)
1v2p  1.92  2004  Ki=18.45uM    // 1v2p.pdf (ANH) redundant to 1v2o
1sdv  1.40  2004  Ki=1810pM     // 1sdv.pdf (MK1)
1u2y  1.95  2004  Ki=18mM       // 1u2y.pdf (GOX)
1txr  2.00  2004  Ki=18nM       // 1txr.pdf (BES)
1v2t  1.90  2004  Ki=19.56uM    // 1v2t.pdf (ANH)
1rm8  1.80  2004  Ki=1nM        // 1rm8.pdf (BAT) X-ray(MMP-16) while Ki(MMP-1,-2,-3)
1ssq  1.85  2004  Ki=1uM        // 1ssq.pdf (CYS)
1pxo  1.96  2004  Ki=2.0nM      // 1pxo.pdf (CK7)
1pwu  2.70  2004  Ki=2.1uM      // 1pwu.pdf (GM6) Ki measured on LF wt
1mue  2.00  2004  Ki=2.3nM      // 1mue.pdf (CDD)
1r1j  2.35  2004  Ki=2.3nM      // 1r1j.pdf (OIR)
1r1i  2.60  2004  Ki=2.9nM      // 1r1i.pdf (TI1)
1rdt  2.40  2004  Ki=200nM      // 1rdt.pdf (L79)
1rek  2.30  2004  Ki=200nM      // 1rek.pdf (B8L)
1s39  1.95  2004  Ki=20nM       // 1s39.pdf (AQO) Ki=20~50nM
1uou  2.11  2004  Ki=20nM       // 1uou.pdf (CMU)
1v41  2.85  2004  Ki=20uM       // 1v41.pdf (AZG)
1xs7  2.80  2004  Ki=25.1nM     // 1xs7.pdf (MMI)
1w8m  1.65  2004  Ki=25mM       // 1w8m.pdf (E1P)
1u33  1.95  2004  Ki=25uM       // 1u33.pdf (LM2)
1v2r  1.70  2004  Ki=278.96uM   // 1v2r.pdf (ANH)
1pk0  3.30  2004  Ki=27nM       // 1pk0.pdf (EMA)
1q95  2.46  2004  Ki=27nM       // 1q95.pdf (PAL)
1w5y  1.90  2004  Ki=3.3nM      // 1w5y.pdf (BE6)
1q65  2.10  2004  Ki=3.5uM      // 1q65.pdf (BHB)
1t4s  2.80  2004  Ki=3.6mM      // 1t4s.pdf (VAL)
1xxe   NMR  2004  Ki=3.9uM      // 1xxe.pdf (TUX)
1uml  2.50  2004  Ki=30nM       // 1uml.pdf (FR4)
1w8l  1.80  2004  Ki=320mM      // 1w8l.pdf (1P3)
1ro6  2.00  2004  Ki=350nM      // 1ro6.pdf (ROL) Ki=350~400nM
1pi4  1.39  2004  Ki=37nM       // 1pi4.pdf (SM3) covalent complex
1pye  2.00  2004  Ki=386nM      // 1pye.pdf (PM1) IC50=0.32uM
1q5k  1.94  2004  Ki=38nM       // 1q5k.pdf (TMU) IC50=104nM
1ta2  2.30  2004  Ki=3nM        // 1ta2.pdf (176)
1xkk  2.40  2004  Ki=3nM        // 1xkk.pdf (FMM)
1w5x  1.90  2004  Ki=4.0nM      // 1w5x.pdf (BE5)
1mu6  1.99  2004  Ki=4.2nM      // 1mu6.pdf (CDA)
1uz4  1.71  2004  Ki=400uM      // 1uz4.pdf (IFL)
1p57  1.75  2004  Ki=40uM       // 1p57.pdf (CR4)
1q83  2.65  2004  Ki=410fM      // 1q83.pdf (TZ5)
1sgu  1.90  2004  Ki=4235nM     // 1sgu.pdf (MK1)
1v2u  1.80  2004  Ki=427uM      // 1v2u.pdf (BEN)
1v2v  1.80  2004  Ki=427uM      // 1v2v.pdf (BEN) redundant to 1v2u
1rwx  1.85  2004  Ki=43nM       // 1rww.pdf (YBH) covalent complex; compound 18b, EC50=12.4uM
1pzo  1.90  2004  Ki=480uM      // 1pzo.pdf (CBT)
1pzp  1.45  2004  Ki=490uM      // 1pzp.pdf (FTA)
1s64  2.55  2004  Ki=4nM        // 1s64.pdf (778) Ki in the presence of ATP
1xbb  1.57  2004  Ki=5.0uM      // 1xbb.pdf (STI)
1s89  2.22  2004  Ki=5.8uM      // 1s89.pdf (PGA)
1w3k  1.20  2004  Ki=50uM       // 1w3k.pdf (BGC-OXZ)
1v2l  1.60  2004  Ki=51uM       // 1v2l.pdf (BEN)
1v2m  1.65  2004  Ki=51uM       // 1v2m.pdf (BEN) redundant to 1v2l
1sdt  1.30  2004  Ki=540pM      // 1sdt.pdf (MK1)
1v2j  1.90  2004  Ki=566uM      // 1v2j.pdf (BEN)
2bes  2.10  2004  Ki=57uM       // 2bes.pdf (RES)
1rej  2.20  2004  Ki=5nM        // 1rej.pdf (B1L)
1rww  2.80  2004  Ki=5nM        // 1rww.pdf (OQB) ligand is compound 20b
1o5c  1.63  2004  Ki=6.0uM      // 1o5c.pdf (CR9)
1ogg  1.97  2004  Ki=6.4uM      // 1ogg.pdf (3-mer)
1ro7  1.80  2004  Ki=657uM      // 1ro7.pdf (CSF)
1v2s  1.72  2004  Ki=68uM       // 1v2s.pdf (BEN)
1pl0  2.60  2004  Ki=6nM        // 1pl0.pdf (BW2) incomplete ligand structure
1s38  1.81  2004  Ki=7.0uM      // 1s38.pdf (MAQ)
1w5v  1.80  2004  Ki=7.1nM      // 1w5v.pdf (BE3)
1thz  1.80  2004  Ki=7.1uM      // 1thz.pdf (326)
1o5r  2.35  2004  Ki=7.5nM      // 1o5r.pdf (FR9)
1q91  1.60  2004  Ki=70uM       // 1q91.pdf (DPB)
1pf7  2.60  2004  Ki=72pM       // 1pf7.pdf (IMH)
1v2q  2.30  2004  Ki=73.62uM    // 1v2q.pdf (ANH)
1sdu  1.25  2004  Ki=86pM       // 1sdu.pdf (MK1)
1q84  2.45  2004  Ki=8900fM     // 1q84.pdf (TZ4)
1tuf  2.40  2004  Ki=89uM       // 1tuf.pdf (AZ1)
1p4r  2.55  2004  Ki=8nM        // 1p4r.pdf (354)
1v0k  1.03  2004  Ki=8uM        // 1v0k.pdf (XDN-XYP)
1v0m  1.07  2004  Ki=8uM        // 1v0m.pdf (XDN-XYP) redundant to 1v0k
1v7a  2.50  2004  Ki=9.8nM      // 1v7a.pdf (FRC)
1pwy  2.80  2004  Ki=90uM       // 1pwy.pdf (AC2)
1sh9  2.50  2004  Ki=932nM      // 1sh9.pdf (RIT)
1v2w  1.75  2004  Ki=97.79uM    // 1v2w.pdf (ANH)
1yt9  3.00  2005  IC50=0.005uM  // 1yt9.pdf (OIS)
1tt1  1.93  2005  IC50=0.007uM  // 1tt1.pdf (KAI) ligand is KAINATE
2a5u  2.70  2005  IC50=0.008uM  // 2a5u.pdf (QYT)
1z6j  2.00  2005  IC50=0.0094uM  // 1z6j.pdf (PY3)
1waw  1.75  2005  IC50=0.013uM  // 1waw.pdf (5-mer)
1yhs  2.15  2005  IC50=0.01uM   // 1yhs.pdf (STU)
2b54  1.85  2005  IC50=0.020uM  // 2b54.pdf (D05)
1y2k  1.36  2005  IC50=0.021uM  // 1y2k.pdf (7DE)
1y2j  2.55  2005  IC50=0.033uM  // 1y2j.pdf (7DE)
1y2h  2.40  2005  IC50=0.056uM  // 1y2h.pdf (6DE)
1y91  2.15  2005  IC50=0.059uM  // 1y91.pdf (CT9)
1w83  2.50  2005  IC50=0.065uM  // 1w83.pdf (L11)
1z4u  2.80  2005  IC50=0.07uM   // 1z4u.pdf (PH9)
1yvf  2.50  2005  IC50=0.10uM   // 1yvf.pdf (PH7)
2a3x  3.00  2005  IC50=0.12uM   // 2a3x.pdf (CPK)
1yt7  2.30  2005  IC50=0.13nM   // 1yt7.pdf (3FC) covalent complex
1s9t  1.80  2005  IC50=0.15uM   // 1s9t.pdf (QUS) ligand is compound 4
1y2e  2.10  2005  IC50=0.16uM   // 1y2e.pdf (5DE)
2ai8  1.70  2005  IC50=0.16uM   // 2ai8.pdf (SB7)
1rw8  2.40  2005  IC50=0.175uM  // 1rw8.pdf (580)
2c1a  1.95  2005  IC50=0.17uM   // 2c1a.pdf (I5S)
2a4z  2.90  2005  IC50=0.250uM  // 2a4z.pdf (BYM)
2byh  1.90  2005  IC50=0.258uM  // 2byh.pdf (2D7)
1y2c  1.67  2005  IC50=0.27uM   // 1y2c.pdf (3DE)
2c6l  2.30  2005  IC50=0.27uM   // 2c6l.pdf (DT4)
1zz3  1.76  2005  IC50=0.290uM  // 1zz3.pdf (3YP)
1z6q  2.03  2005  IC50=0.2uM    // 1z6q.pdf (195)
1wbt  2.00  2005  IC50=0.34uM   // 1wbt.pdf (WBT)
1wbn  2.40  2005  IC50=0.35uM   // 1wbn.pdf (L09)
2c6m  1.90  2005  IC50=0.35uM   // 2c6m.pdf (DT5)
2c1b  2.00  2005  IC50=0.40uM   // 2c1b.pdf (CQP)
1z34  2.40  2005  IC50=0.42mM   // 1z34.pdf (2FD)
2byi  1.60  2005  IC50=0.461uM  // 2byi.pdf (2DD)
1xhm  2.70  2005  IC50=0.47uM   // 1xhm.pdf (15-mer) Peptide (SIGK) Bound to a G Protein Beta:Gamma Heterodimer, IC50=0.47uM; incomplete ligand
2ai7  2.00  2005  IC50=0.4uM    // 2ai7.pdf (SB7)
1wzy  2.50  2005  IC50=0.56uM   // 1wzy.pdf (F29)
1zh7  2.50  2005  IC50=0.5uM    // 1zh7.pdf (11-mer)
1r6g  3.00  2005  IC50=0.62nM   // 1r6g.pdf (442)
1wbs  1.80  2005  IC50=0.63uM   // 1wbs.pdf (LI2)
2b53  2.00  2005  IC50=0.6uM    // 2b53.pdf (D23)
2c6k  1.90  2005  IC50=0.73uM   // 2c6k.pdf (DT2)
2bz5  1.90  2005  IC50=0.7uM    // 2bz5.pdf (AB4)
1xo2  2.90  2005  IC50=0.85uM   // 1xo2.pdf (FSE)
1you  2.30  2005  IC50=0.87nM   // 1you.pdf (PFD)
2b5j  2.90  2005  IC50=0.8nM    // 2b5j.pdf (3AC)
1zz1  1.57  2005  IC50=0.95uM   // 1zz1.pdf (SHH)
1z6p  2.40  2005  IC50=0.9uM    // 1z6p.pdf (194)
2a3i  1.95  2005  IC50=0.9uM    // 2a3i.pdf (12-mer) MR bound to the SRC1-4 motif with a highest affinity IC50=0.9uM
1yc5  1.40  2005  IC50=1.0mM    // 1yc5.pdf (NCA)
2c4g  2.70  2005  IC50=1.15uM   // 2c4g.pdf (514)
1w1t  1.90  2005  IC50=1.1mM    // 1w1t.pdf (CHQ)
1u3s  2.50  2005  IC50=1.4nM    // 1u3s.pdf (797)
2bro  2.20  2005  IC50=1.4uM    // 2bro.pdf (DF2)
1zyj  2.00  2005  IC50=1.5uM    // 1zyj.pdf (BI5)
2bge  1.80  2005  IC50=1.6mM    // 2bge.pdf (T2D) ligand is compound 20
1wug   NMR  2005  IC50=1.6uM    // 1wug.pdf (NP1)
1zuc  2.00  2005  IC50=1.7nM    // 1zuc.pdf (T98)
2c68  1.95  2005  IC50=1.8uM    // 2c68.pdf (CT6)
1x76  2.20  2005  IC50=1.9nM    // 1x76.pdf (697)
1z3c  2.20  2005  IC50=100uM    // 1z3c.pdf (SA8)
1x7e  2.80  2005  IC50=1062.5nM  // 1x7e.pdf (244)
2c6i  1.80  2005  IC50=11uM     // 2c6i.pdf (DT1)
1zp5  1.80  2005  IC50=1200uM   // 1zp5.pdf (2NI)
1wqv  2.50  2005  IC50=130nM    // 1wqv.pdf (PSM)
2f6y  2.15  2005  IC50=134.8uM  // 2f6y.pdf (ENT)
1ywr  1.95  2005  IC50=13nM     // 1ywr.pdf (LI9) IC50 measured on TNF-alpha
1x78  2.30  2005  IC50=14.0nM   // 1x78.pdf (244)
1ymx  1.70  2005  IC50=14.0uM   // 1ymx.pdf (CFX) covalent complex
1yw2  2.01  2005  IC50=141nM    // 1yw2.pdf (PGJ) IC50 measured on TNF-alpha
1yhm  2.50  2005  IC50=147uM    // 1yhm.pdf (AHD)
2a3a  2.10  2005  IC50=1500uM   // 2a3a.pdf (TEP)
2b8l  1.70  2005  IC50=15nM     // 2b8l.pdf (5HA)
1ttv   NMR  2005  IC50=160nM    // 1ttv.pdf (IMY)
1wbv  2.00  2005  IC50=162uM    // 1wbv.pdf (LI3)
1y57  1.91  2005  IC50=1633nM   // 1y57.pdf (MPZ)
1xh8  1.60  2005  IC50=1700nM   // 1xh8.pdf (R55)
1wss  2.60  2005  IC50=17nM     // 1wss.pdf (3CB)
1x7q  1.45  2005  IC50=186nM    // 1x7q.pdf (9-mer)
1wu1  2.30  2005  IC50=18nM     // 1wu1.pdf (D91)
1x70  2.10  2005  IC50=18nM     // 1x70.pdf (715)
1w82  2.20  2005  IC50=196nM    // 1w82.pdf (L10)
1yk7  2.50  2005  IC50=19nM     // 1yk7.pdf (NBL) covalent complex
1wbg  2.20  2005  IC50=1mM      // 1wbg.pdf (L03)
1z9h  2.60  2005  IC50=1mM      // 1z9h.pdf (IMN)
2ban  2.95  2005  IC50=1nM      // 2ban.pdf (357)
1zgv  2.20  2005  IC50=1uM      // 1zgv.pdf (501)
1y2d  1.70  2005  IC50=2.0uM    // 1y2d.pdf (4DE)
2aie  1.70  2005  IC50=2.2uM    // 2aie.pdf (SB9)
1w1y  1.85  2005  IC50=2.4mM    // 1w1y.pdf (TYP)
2bbb  1.70  2005  IC50=2.4nM    // 2bbb.pdf (HH1)
2f71  1.55  2005  IC50=2.5uM    // 2f71.pdf (UN7)
1x0n   NMR  2005  IC50=20nM     // 1x0n.pdf (DTF) ligand is compound 4
2bts  1.99  2005  IC50=20nM     // 2bts.pdf (U32)
2brh  2.10  2005  IC50=22.9uM   // 2brh.pdf (DFW)
1y6a  2.10  2005  IC50=22nM     // 1y6a.pdf (AAZ)
2c69  2.10  2005  IC50=26uM     // 2c69.pdf (CT8)
2bmc  2.60  2005  IC50=27nM     // 2bmc.pdf (MPY)
1svg  2.02  2005  IC50=2nM      // 1svg.pdf (I04)
2be2  2.43  2005  IC50=2nM      // 2be2.pdf (R22)
2bpm  2.40  2005  IC50=2nM      // 2bpm.pdf (529)
2bw7  2.30  2005  IC50=2uM      // 2bw7.pdf (ECS)
1u3q  2.40  2005  IC50=3.5nM    // 1u3q.pdf (272)
1u9w  2.30  2005  IC50=3.5nM    // 1u9w.pdf (IHI) covalent complex
1ynd  1.60  2005  IC50=3.6nM    // 1ynd.pdf (SFA)
2a3w  2.20  2005  IC50=3.8uM    // 2a3w.pdf (CPJ)
2aia  1.70  2005  IC50=3.9uM    // 2aia.pdf (SB8)
1z5m  2.17  2005  IC50=30nM     // 1z5m.pdf (LI8)
1zkn  2.10  2005  IC50=31uM     // 1zkn.pdf (IBM)
2f70  2.12  2005  IC50=33.5uM   // 2f70.pdf (UN6)
1wok  3.00  2005  IC50=33nM     // 1wok.pdf (CNQ)
1wcc  2.20  2005  IC50=350uM    // 1wcc.pdf (CIG)
1w84  2.20  2005  IC50=35uM     // 1w84.pdf (L12)
1svh  2.30  2005  IC50=360nM    // 1svh.pdf (I08)
2f6v  1.70  2005  IC50=37uM     // 2f6v.pdf (SK2)
1y6b  2.10  2005  IC50=38nM     // 1y6b.pdf (AAX)
1veb  2.89  2005  IC50=39nM     // 1veb.pdf (I05)
1yi3  2.50  2005  IC50=4.0uM    // 1yi3.pdf (LY2)
1x7b  2.30  2005  IC50=4.1nM    // 1x7b.pdf (041)
1yvz  2.20  2005  IC50=4.4uM    // 1yvz.pdf (JPC)
1wb0  1.65  2005  IC50=4.5uM    // 1wb0.pdf (5-mer)
1u9q  2.30  2005  IC50=4.7nM    // 1u9q.pdf (186) covalent complex
2f6z  1.70  2005  IC50=4.8uM    // 2f6z.pdf (UN5)
1way  2.02  2005  IC50=400uM    // 1way.pdf (L02)
1xog  2.80  2005  IC50=410nM    // 1xog.pdf (ABW)
1xoe  2.20  2005  IC50=41nM     // 1xoe.pdf (ABX)
1wbw  2.41  2005  IC50=44uM     // 1wbw.pdf (LI4)
1yrs  2.50  2005  IC50=450nM    // 1yrs.pdf (L47) ternary complex of KSP-4-ADP(Mg2+), IC50 for inhibitor 4
2a3b  1.90  2005  IC50=469uM    // 2a3b.pdf (CFF)
1w1p  2.10  2005  IC50=5.0mM    // 1w1p.pdf (GIO)
1zzl  2.00  2005  IC50=5.0nM    // 1zzl.pdf (TZY)
1wum   NMR  2005  IC50=5.1uM    // 1wum.pdf (NP2)
2brn  2.80  2005  IC50=5.5uM    // 2brn.pdf (DF1)
1u9e  2.40  2005  IC50=5.7nM    // 1u9e.pdf (397)
1zrz  3.00  2005  IC50=5.8uM    // 1zrz.pdf (BI1)
1wv7  2.70  2005  IC50=55nM     // 1wv7.pdf (5PI)
1sve  2.49  2005  IC50=5nM      // 1sve.pdf (I01)
1u3r  2.21  2005  IC50=5nM      // 1u3r.pdf (338)
1w0x  2.20  2005  IC50=5uM      // 1w0x.pdf (OLO) ligand is compound 5, olomoucine
1zz2  2.00  2005  IC50=6.0uM    // 1zz2.pdf (B11)
2brg  2.10  2005  IC50=6.1uM    // 2brg.pdf (DFY)
1w1v  1.85  2005  IC50=6.3mM    // 1w1v.pdf (ALJ)
1sqp  2.70  2005  IC50=6.3nM    // 1sqb.pdf (MYX) myxothiazol to bovine and yeast bc1, similar IC50=6.3nM
1wun  2.40  2005  IC50=62nM     // 1wun.pdf (P5B)
1xqc  2.05  2005  IC50=63nM     // 1xqc.pdf (AEJ)
1xur  1.85  2005  IC50=6600nM   // 1xur.pdf (PB5)
1xuo  1.80  2005  IC50=69nM     // 1xuo.pdf (LA1)
1u9v  2.20  2005  IC50=6nM      // 1u9v.pdf (IHE) covalent complex
1xuc  1.70  2005  IC50=72nM     // 1xuc.pdf (PB3)
1u9x  2.10  2005  IC50=7nM      // 1u9x.pdf (IHJ) covalent complex
1yvx  2.00  2005  IC50=8.0uM    // 1yvx.pdf (IPC)
1zkl  1.67  2005  IC50=8.1uM    // 1zkl.pdf (IBM)
1wxz  2.80  2005  IC50=8.6nM    // 1wxz.pdf (FRL) IC50 measured on human ADA
1zgb  2.30  2005  IC50=8.8nM    // 1zgb.pdf (A1E) IC50 measured on rat AChE/A1E
2brc  1.60  2005  IC50=8.9uM    // 2brc.pdf (CT5)
1y2b  1.40  2005  IC50=82uM     // 1y2b.pdf (DEE)
1wax  2.20  2005  IC50=86uM     // 1wax.pdf (LO1)
1xud  1.80  2005  IC50=8nM      // 1xud.pdf (PB4)
1zxc  2.28  2005  IC50=8nM      // 1zxc.pdf (IH6)
2b52  1.88  2005  IC50=8nM      // 2b52.pdf (D42)
1zaj  1.89  2005  IC50=8uM      // 1zaj.pdf (M2P) ligand is Mannitol Bis-phosphate (MBP)
1wtg  2.20  2005  IC50=93nM     // 1wtg.pdf (3BP)
2btr  1.85  2005  IC50=95nM     // 2btr.pdf (U73)
2b55  1.85  2005  IC50=96nM     // 2b55.pdf (D31)
1x8b  1.81  2005  IC50=97nM     // 1x8b.pdf (824) ligand is compound 1
2b8v  1.80  2005  IC50=98nM     // 2b8v.pdf (3BN)
1x7r  2.00  2005  IC50=9nM      // 1x7r.pdf (GEN) IC50 measured on estrogen receptor beta
2bgd  2.40  2005  Kd<10uM       // 2bgd.pdf (T1D) IC50=2.47uM
1tft   NMR  2005  Kd=0.005uM    // 1tft.pdf (997)
1t13  2.90  2005  Kd=0.042uM    // 1t13.pdf (INI)
2bfq  1.50  2005  Kd=0.13uM     // 2bfq.pdf (AR6)
1xt8  2.00  2005  Kd=0.14uM     // 1xt8.pdf (CYS)
1tr7  2.10  2005  Kd=0.15uM     // 1tr7.pdf (DEG) redundant to 1uwf
1uwf  1.69  2005  Kd=0.15uM     // 1uwf.pdf (DEG)
2f01  0.85  2005  Kd=0.1pM      // 2f01.pdf (BTN)
1tmm  1.25  2005  Kd=0.23uM     // 1tmm.pdf (APC) Kd for Mg-APC
1zub   NMR  2005  Kd=0.27uM     // 1zub.pdf (11-mer) incomplete ligand
2bmz  2.40  2005  Kd=0.2mM      // 2bmz.pdf (XLM)
1ysg   NMR  2005  Kd=0.30mM     // 1ysg.pdf (4FC)
2aa6  1.95  2005  Kd=0.39nM     // 2aa6.pdf (STR) ligand is Progesterone
2bys  2.05  2005  Kd=0.3nM      // 2bys.pdf (LOB)
1w9v  2.00  2005  Kd=0.46uM     // 1w9v.pdf (5-mer) IC50=1.1uM
1z2b  4.10  2005  Kd=0.4uM      // 1z2b.pdf (VLB)
2ao6  1.89  2005  Kd=0.52nM     // 2ao6.pdf (R18) redundant to 1xow but in lower resoltuion
1s5z  2.00  2005  Kd=0.62mM     // 1s5z.pdf (SON) Kd=0.62+/-0.05mM; Ki=1.3+/-0.2mM
2bt9  0.94  2005  Kd=0.64uM     // 2bt9.pdf (MFU)
1y8p  2.63  2005  Kd=0.84uM     // 1y8p.pdf (ATP)
1yy6  1.70  2005  Kd=0.86uM     // 1yy6.pdf (10-mer) incomplete ligand
2byp  2.07  2005  Kd=0.88nM     // 2byp.pdf (12-mer)
1kjr  1.55  2005  Kd=0.88uM     // 1kjr.pdf (3-mer)
1ws5  1.90  2005  Kd=0.926mM    // 1ws5.pdf (MAM)
1ws4  1.90  2005  Kd=1.00mM     // 1ws4.pdf (GYP)
1xk5  2.40  2005  Kd=1.0uM      // 1xk5.pdf (TPG)
1y8o  2.48  2005  Kd=1.30uM     // 1y8o.pdf (ADP)
1ydk  1.95  2005  Kd=1.3uM      // 1ydk.pdf (GTX)
2a29   NMR  2005  Kd=1.4mM      // 2a29.pdf (ANP)
1wdq  1.28  2005  Kd=10.45mM    // 1wdq.pdf (MAL)
1vyj  2.80  2005  Kd=100nM      // 1vyj.pdf (16-mer)
1ycm   NMR  2005  Kd=10nM       // 1ycm.pdf (NGH)
1z3j   NMR  2005  Kd=10nM       // 1z3j.pdf (NGH)
1yid  2.40  2005  Kd=10uM       // 1yid.pdf (ATP) Kd for Mg-ATP
1ykp  2.41  2005  Kd=1100uM     // 1ykp.pdf (DHB)
1x9d  1.41  2005  Kd=110uM      // 1x9d.pdf (SMD)
1z3t  1.70  2005  Kd=115uM      // 1z3t.pdf (CBI)
2a58  2.80  2005  Kd=12.0uM     // 2a58.pdf (RBF)
1y2f  2.00  2005  Kd=12uM       // 1y2f.pdf (WAI)
1xfv  3.35  2005  Kd=130uM      // 1xfv.pdf (3AT)
1xh7  2.47  2005  Kd=150nM      // 1xh7.pdf (R96) IC50=1900nM
1sqq  3.00  2005  Kd=15nM       // 1sqb.pdf (OST) MOAS to bovine bc1, Kd=15nM, to yeast bc1, Kd=2nM
1y3p  2.00  2005  Kd=15uM       // 1y3p.pdf (4-mer)
2a0t   NMR  2005  Kd=15uM       // 2a0t.pdf (10-mer) Kd by HSQC
1ywh  2.70  2005  Kd=16.4nM     // 1ywh.pdf (13-mer)
1u1b  2.00  2005  Kd=16nM       // 1u1b.pdf (PAX)
1y19  2.60  2005  Kd=170nM      // 1y19.pdf (14-mer) Kd=170+/-5nM(for phosphorylated peptide); Kd=271+/-0.6nM(for unphosphorylated peptide); incomplete ligand
1xh9  1.64  2005  Kd=17nM       // 1xh9.pdf (R69)
1y0l  2.50  2005  Kd=1nM        // 1y0l.pdf (HAN)
1t7j  2.20  2005  Kd=2.0nM      // 1t7j.pdf (478)
2bz8  2.00  2005  Kd=2.5uM      // 2bz8.pdf (11-mer) Kd=2.5+/-1.0uM
2byr  2.45  2005  Kd=2.8nM      // 2byr.pdf (MLK)
1y3n  1.60  2005  Kd=2.8uM      // 1y3n.pdf (2-mer) ligand is BEM-MAV
2c2l  3.30  2005  Kd=2.8uM      // 2c2l.pdf (10-mer) incomplete ligand structure
1xge  1.90  2005  Kd=20.8uM     // 1xge.pdf (DOR)
1xr8  2.30  2005  Kd=200nM      // 1xr8.pdf (9-mer)
1w70  1.46  2005  Kd=200uM      // 1w70.pdf (15-mer) incomplete ligand structure
2bjm  2.15  2005  Kd=200uM      // 2bjm.pdf (ANF)
2agv  2.40  2005  Kd=20nM       // 2agv.pdf (BHQ)
2arm  1.23  2005  Kd=21nM       // 2arm.pdf (OIN) Ki=7.4nM
2a25  2.20  2005  Kd=24uM       // 2a25.pdf (13-mer) Kd=24+/-4uM; incomplete ligand
2c3i  1.90  2005  Kd=25nM       // 2c3i.pdf (IYZ) ligand is compound imidazo[1,2-b]pyridazine 1
1wva  1.94  2005  Kd=270nM      // 1wva.pdf (S2C) B-containing
1yc4  1.81  2005  Kd=280nM      // 1yc4.pdf (43P)
1wdr  1.35  2005  Kd=3.05mM     // 1wdr.pdf (MAL)
1y98  2.50  2005  Kd=3.7uM      // 1y98.pdf (12-mer)
1w96  1.80  2005  Kd=3.9nM      // 1w96.pdf (S1A)
1y3a  2.50  2005  Kd=3.9uM      // 1y3a.pdf (16-mer) ligand is KB752 peptide, Kd=3.9+/-0.6uM, EC50 for GEF activity is 5.6+/-1.1uM; incomplete ligand
1zhy  1.60  2005  Kd=300nM      // 1zhy.pdf (CLR)
1xz8  2.80  2005  Kd=30uM       // 1xz8.pdf (U5P)
2a4m  2.30  2005  Kd=30uM       // 2a4m.pdf (TRP)
2br8  2.40  2005  Kd=32.6nM     // 2br8.pdf (17-mer) Kd=32.6+/-8.5nM(ITC); IC50=28+/-6nM; EC50calc=21+/-7nM.
1zkk  1.45  2005  Kd=33uM       // 1zkk.pdf (10-mer) incomplete ligand structure
1xh5  2.05  2005  Kd=3400nM     // 1xh5.pdf (R68) IC50=2400nM
1xh4  2.45  2005  Kd=34nM       // 1xh4.pdf (R69) IC50=30nM
2bj4  2.00  2005  Kd=34uM       // 2bj4.pdf (11-mer) ER LBD with a 11-mer peptide corresponding to the alpha-II interaction motif (LTSRDFGSWYA)
1zhk  1.60  2005  Kd=35.2uM     // 1zhk.pdf (13-mer)
1ywi   NMR  2005  Kd=371uM      // 1ywi.pdf (10-mer) Kd=371+/-22uM; incomplete ligand
2bak  2.20  2005  Kd=37nM       // 2bak.pdf (AQZ)
1tjp  1.50  2005  Kd=38uM       // 1tjp.pdf (HPF)
2baj  2.25  2005  Kd=4.0nM      // 2baj.pdf (1PP)
1w6y  2.10  2005  Kd=4.4uM      // 1w6y.pdf (EQU)
1yvh  2.05  2005  Kd=43nM       // 1yvh.pdf (13-mer) incomplete ligand
1we2  2.30  2005  Kd=44uM       // 1we2.pdf (DHK)
1y2a  2.20  2005  Kd=45.8nM     // 1y2a.pdf (10-mer)
1xq0  1.76  2005  Kd=454nM      // 1xq0.pdf (4TR)
1zm6  2.60  2005  Kd=45uM       // 1zm6.pdf (5-mer)
1xh6  1.90  2005  Kd=48nM       // 1xh6.pdf (R94) IC50=400nM
2bal  2.10  2005  Kd=490nM      // 2bal.pdf (PQA)
2az5  2.10  2005  Kd=5.36uM     // 2az5.pdf (307) ligand is SPD304, Kd=5.36+/-0.21uM
1x07  2.20  2005  Kd=520uM      // 1x07.pdf (IPE) Kd for Mg-IPE
2f8i  1.54  2005  Kd=55nM       // 2f8i.pdf (205)
1rr6  2.50  2005  Kd=56pM       // 1rr6.pdf (IMH) Kd=860pM for PfPNP-IMH complex
2aeb  1.29  2005  Kd=5nM        // 2aeb.pdf (ABH)
1x8d  1.80  2005  Kd=6.16mM     // 1x8d.pdf (RNS) Kd=5.91mM measured with minor form of protein
1yc1  1.70  2005  Kd=680nM      // 1yc1.pdf (4BC)
1xr9  1.79  2005  Kd=70nM       // 1xr8.pdf (9-mer)
1z3v  1.61  2005  Kd=77uM       // 1z3v.pdf (LAT)
2c1n  2.00  2005  Kd=78.1uM     // 2c1j.pdf (8-mer) Kd=78.1+/-6.7uM, peptide(ALA-ARG-LYS-SEP-THR-GLY-GLY-LYS)
1t4e  2.60  2005  Kd=80nM       // 1t4e.pdf (DIZ)
2f7i  1.60  2005  Kd=80nM       // 2f7i.pdf (26C)
1y2g  1.90  2005  Kd=83.1uM     // 1y2g.pdf (CL3)
1xpz  2.02  2005  Kd=84nM       // 1xpz.pdf (4TZ)
1vj6   NMR  2005  Kd=8uM        // 1vj6.pdf (10-mer) PDZ2 complex with C-terminus of APC, Kd=8uM
1zhl  1.50  2005  Kd=9.9uM      // 1zhk.pdf (13-mer)
2b9a  1.54  2005  Kd=9nM        // 2b9a.pdf (FBC)
1w7x  1.80  2005  Ki=0.004uM    // 1w7x.pdf (413)
1wuq  2.00  2005  Ki=0.0054uM   // 1wuq.pdf (8GT)
2ajl  2.50  2005  Ki=0.013uM    // 2ajl.pdf (JNH) covalent complex
1yly  1.25  2005  Ki=0.015uM    // 1yly.pdf (CB4) covalent complex
1t4v  2.00  2005  Ki=0.021uM    // 1t4v.pdf (14A)
2c3k  2.60  2005  Ki=0.026uM    // 2c3k.pdf (ABO)
1ysi   NMR  2005  Ki=0.036uM    // 1ysi.pdf (N3B) ligand is compound 1, assay without human serum
1xn2  1.90  2005  Ki=0.03nM     // 1xn2.pdf (11-mer) incomplete ligand
1s50  1.65  2005  Ki=0.063uM    // 1s50.pdf (GLU)
1x8j  2.35  2005  Ki=0.11uM     // 1x8j.pdf (AOI) ligand is Androsterone
1tvo  2.50  2005  Ki=0.14uM     // 1tvo.pdf (FRZ)
2etk  2.96  2005  Ki=0.15uM     // 2etk.pdf (HFS)
2etr  2.60  2005  Ki=0.15uM     // 2etr.pdf (Y27)
1wur  1.82  2005  Ki=0.22uM     // 1wuq.pdf (8DG)
1w31  1.90  2005  Ki=0.25mM     // 1w31.pdf (SHO) covalent complex; Ki measured on ALAD (R. spheroides)
1ws1  2.00  2005  Ki=0.28nM     // 1ws1.pdf (BB2)
2bok  1.64  2005  Ki=0.28uM     // 2bok.pdf (784)
2a5s  1.70  2005  Ki=0.2uM      // 2a5s.pdf (GLU)
1w2k  3.00  2005  Ki=0.35uM     // 1w2k.pdf (380)
2b07  2.10  2005  Ki=0.37uM     // 2b07.pdf (598)
1w0y  2.50  2005  Ki=0.38uM     // 1w0y.pdf (771)
2ax9  1.65  2005  Ki=0.3nM      // 2ax9.pdf (BHM) ligand is compound R-3
1yys  2.75  2005  Ki=0.47uM     // 1yys.pdf (SAZ) Ki measured on Trichodiene Synthase wt
1yvm  1.60  2005  Ki=0.4uM      // 1yvm.pdf (TMG)
2ayr  1.90  2005  Ki=0.51nM     // 2ayr.pdf (L4G)
1yyr  2.50  2005  Ki=0.51uM     // 1yyr.pdf (SAZ) X-ray(Y305F) while Ki(Trichodiene Synthase wild type)
2ael  2.50  2005  Ki=0.51uM     // 2ael.pdf (SAZ) X-ray(R304K) while Ki(Trichodiene synthase wild type)
2esm  3.20  2005  Ki=0.53uM     // 2esm.pdf (M77)
1wcq  2.10  2005  Ki=0.55uM     // 1wcq.pdf (DAN)
1ym1  1.12  2005  Ki=0.578uM    // 1ym1.pdf (SM2) covalent complex
2b17  2.71  2005  Ki=0.62uM     // 2b17.pdf (DIF)
2c3j  2.10  2005  Ki=0.659uM    // 2c3j.pdf (DBQ)
1z71  1.80  2005  Ki=0.66nM     // 1z71.pdf (L17)
1x6u  2.70  2005  Ki=0.6mM      // 1x6u.pdf (DO8)
1x39  1.80  2005  Ki=0.6nM      // 1x39.pdf (IDE)
1z1r  1.85  2005  Ki=0.6nM      // 1z1r.pdf (HBH) Ki=0.6~12nM
1y1z  1.50  2005  Ki=0.831mM    // 1y1z.pdf (192)
1zxv  2.67  2005  Ki=0.8uM      // 1zxv.pdf (MFM)
1xgj  1.97  2005  Ki=1.0uM      // 1xgj.pdf (HTC)
2br6  1.70  2005  Ki=1.10mM     // 2br6.pdf (HSL)
1yms  1.60  2005  Ki=1.2uM      // 1yms.pdf (NBF) covalent complex
2brm  2.20  2005  Ki=1.3uM      // 2brm.pdf (DFZ)
1x38  1.70  2005  Ki=1.7nM      // 1x38.pdf (IDD)
1zp8  2.02  2005  Ki=1.7nM      // 1zp8.pdf (AB2) IC50=6nM
1zdp  1.70  2005  Ki=1.8uM      // 1zdp.pdf (TIO)
1zyr  3.00  2005  Ki=1.8uM      // 1zyr.pdf (STD)
1zoh  1.81  2005  Ki=100nM      // 1zoh.pdf (K44) IC50=740nM
1w2h  2.00  2005  Ki=10uM       // 1w2h.pdf (ATM)
2ad5  2.80  2005  Ki=110uM      // 2ad5.pdf (CTP)
2brb  2.10  2005  Ki=13.7uM     // 2brb.pdf (PFQ)
1x7a  2.90  2005  Ki=13nM       // 1x7a.pdf (187)
1z6f  1.60  2005  Ki=13uM       // 1z6f.pdf (BO9) covalent complex
1xk9  2.10  2005  Ki=140nM      // 1xk9.pdf (P34)
1xgi  1.96  2005  Ki=14uM       // 1xgi.pdf (NST)
1ya4  3.20  2005  Ki=15.2uM     // 1ya4.pdf (CTX)
1y1m  1.80  2005  Ki=15.3mM     // 1y1m.pdf (AC5)
1wkm  2.30  2005  Ki=150mM      // 1wkm.pdf (MET)
1v1j  2.20  2005  Ki=15uM       // 1v1j.pdf (FA3)
1y3w  1.80  2005  Ki=1680nM     // 1y3w.pdf (UIP)
1x8t  1.90  2005  Ki=16nM       // 1x8t.pdf (RC1)
1ybg  2.60  2005  Ki=16uM       // 1ybg.pdf (TAV)
2afw  1.56  2005  Ki=17uM       // 2afw.pdf (AHN)
2aou  2.30  2005  Ki=18.6nM     // 2aou.pdf (CQA)
1wvj  1.75  2005  Ki=185nM      // 1wvj.pdf (IBC)
2adu  1.90  2005  Ki=18nM       // 2adu.pdf (R20)
1w4p  1.69  2005  Ki=18uM       // 1w4p.pdf (UM3)
2bvd  1.60  2005  Ki=1uM        // 2bvd.pdf (ISX)
2a14  1.70  2005  Ki=2.0uM      // 2a14.pdf (SAH) ligand is compound SAH
2erz  2.20  2005  Ki=2.2uM      // 2erz.pdf (HFS)
1t31  1.90  2005  Ki=2.3nM      // 1t31.pdf (OHH)
1z9g  1.70  2005  Ki=2.3uM      // 1z9g.pdf (RRT)
1ze8  2.00  2005  Ki=21nM       // 1ze8.pdf (PIU)
1wn6  1.80  2005  Ki=21uM       // 1wn6.pdf (BST)
1y3v  1.60  2005  Ki=2300nM     // 1y3v.pdf (UIR)
1y3y  1.75  2005  Ki=2300nM     // 1y3y.pdf (UIR) redundant to 1y3v
2azr  2.00  2005  Ki=230uM      // 2azr.pdf (982)
2bo4  1.95  2005  Ki=24.6uM     // 2bo4.pdf (FLC)
1yqy  2.30  2005  Ki=24nM       // 1yqy.pdf (915)
1t5a  2.80  2005  Ki=24uM       // 1t5a.pdf (OXL)
2f6t  1.70  2005  Ki=24uM       // 2f6t.pdf (1C2) IC50=42.5uM
1tx7  1.75  2005  Ki=25uM       // 1tx7.pdf (4CM)
1u65  2.61  2005  Ki=26.4nM     // 1u65.pdf (CP0)
2ax6  1.50  2005  Ki=27nM       // 2ax6.pdf (HFT) ligand is compound 2b, Ki for hAR in Transiently-Transfected COS-1 Cells
1w2g  2.10  2005  Ki=27uM       // 1w2g.pdf (THM)
1y6q  2.20  2005  Ki=2pM        // 1y6q.pdf (TDI)
2bgn  3.15  2005  Ki=2uM        // 2bgn.pdf (9-mer) incomplete ligand structure
1z4n  1.97  2005  Ki=30uM       // 1z4n.pdf (GL1) redundant to 1z4o
1z4o  1.90  2005  Ki=30uM       // 1z4o.pdf (GL1)
1u71  2.20  2005  Ki=33nM       // 1u71.pdf (MXA) ligand is compound 4(PTX); Ki=0.025nM in J. Med. Chem., 1996, Vol.39, pp.892-903
1syi  2.10  2005  Ki=3590nM     // 1syi.pdf (CPW)
1wvc  2.50  2005  Ki=35uM       // 1wvc.pdf (CTP)
1vzq  1.54  2005  Ki=36nM       // 1vzq.pdf (SHY)
2a3c  2.07  2005  Ki=37uM       // 2a3c.pdf (PNX) IC50=126uM
2aow  2.97  2005  Ki=38.2nM     // 2aow.pdf (THA)
2aox  3.12  2005  Ki=38.2nM     // 2aox.pdf (THA) redundant to 2aox
1t32  1.85  2005  Ki=38nM       // 1t32.pdf (OHH)
1syh  1.80  2005  Ki=393nM      // 1syh.pdf (CPW)
1z6d  1.54  2005  Ki=4.6mM      // 1z6d.pdf (IMP)
1zgi  2.20  2005  Ki=4.6uM      // 1zgi.pdf (382)
1y20  1.40  2005  Ki=4.8uM      // 1y20.pdf (1AC)
1vyq  2.40  2005  Ki=4.98uM     // 1vyq.pdf (DUX)
1xn3  2.00  2005  Ki=40nM       // 1xn2.pdf (14-mer)
1zoe  1.77  2005  Ki=40nM       // 1zoe.pdf (K25)
1xnx  2.90  2005  Ki=416nM      // 1xnx.pdf (ATE) ligand is compound androstenol, pIC50=6.38
1yfz  2.20  2005  Ki=45uM       // 1yfz.pdf (IMP)
1z6s  1.50  2005  Ki=46uM       // 1z6s.pdf (AMP)
1z1h  1.85  2005  Ki=4nM        // 1z1h.pdf (HBB)
1zpa  2.02  2005  Ki=4nM        // 1zpa.pdf (A83)
2al5  1.65  2005  Ki=4nM        // 2al5.pdf (FWD) ligand is compound (S)-2b
1w4q  1.68  2005  Ki=5.5uM      // 1w4q.pdf (UMF)
2b7f  2.60  2005  Ki=50nM       // 2b7f.pdf (10-mer) Ki=50nM (high-salt buffer); Ki=2.3uM (low-salt buffer)
1rt9  2.30  2005  Ki=56pM       // 1rt9.pdf (IMH) ligand is compound 1, Immucillin-H
1y4z  2.00  2005  Ki=57nM       // 1y4z.pdf (PCI) competitive Ki=57+/-14nM, noncompetitive Ki=490+/-9nM
1yxd  2.00  2005  Ki=5uM        // 1yxd.pdf (LYS) Ki=5-50uM
1t5f  2.20  2005  Ki=60uM       // 1t5f.pdf (DHH)
1xhy  1.85  2005  Ki=662nM      // 1xhy.pdf (KAI)
2c6o  2.10  2005  Ki=6nM        // 2c6o.pdf (4SP) redundant to 1h1s
1w4o  1.60  2005  Ki=6uM        // 1w4o.pdf (UA3)
2afx  1.64  2005  Ki=7.1uM      // 2afx.pdf (1BN)
2br1  2.00  2005  Ki=7.2uM      // 2br1.pdf (PFP)
1yqj  2.00  2005  Ki=7.3nM      // 1yqj.pdf (6NP)
1zog  2.30  2005  Ki=70nM       // 1zog.pdf (K37) IC50=250nM
1y3x  1.70  2005  Ki=7315nM     // 1y3x.pdf (UIB)
1x8r  1.50  2005  Ki=750nM      // 1x8r.pdf (SC1)
1z95  1.80  2005  Ki=76nM       // 1z95.pdf (198)
1y6r  2.20  2005  Ki=77pM       // 1y6r.pdf (MTM)
2exm  1.80  2005  Ki=78uM       // 2exm.pdf (ZIP)
2c3l  2.35  2005  Ki=8.58uM     // 2c3l.pdf (IDZ)
1x1z  1.45  2005  Ki=8.8pM      // 1x1z.pdf (BMP)
1yq7  2.20  2005  Ki=82.2nM     // 1yq7.pdf (RIS) ligand is compound 8(risedronate); time-Dependent IC50 initial 452.9nM to final 5.7nM
2d06  2.30  2005  Ki=83.2uM     // 2d06.pdf (EST)
1yci  2.70  2005  Ki=83uM       // 1yci.pdf (NDF)
2aov  2.48  2005  Ki=91nM       // 2aov.pdf (C2M)
2bqv  2.10  2005  Ki=9nM        // 2bqv.pdf (A1A)
2buc  2.50  2006  IC50<100nM    // 2buc.pdf (008)
2bed  2.70  2006  IC50=0.007uM  // 2bed.pdf (736)
2bu5  2.35  2006  IC50=0.0165uM  // 2bu5.pdf (TF1) ligand is compound 3r
1ym2  2.05  2006  IC50=0.01uM   // 1ym2.pdf (6-mer)
1ym4  2.25  2006  IC50=0.039uM  // 1ym4.pdf (5-mer)
2f4b  2.07  2006  IC50=0.05uM   // 2f4b.pdf (EHA)
2nsx  2.11  2006  IC50=0.063uM  // 2nsx.pdf (IFM) ligand is compound D-Isofagomine
2bdf  2.10  2006  IC50=0.067uM  // 2bdf.pdf (24A)
2evo  1.70  2006  IC50=0.067uM  // 2evo.pdf (CT0)
2bcd  2.10  2006  IC50=0.06nM   // 2bcd.pdf (5-mer)
2ewp  2.30  2006  IC50=0.079uM  // 2ewp.pdf (TXF)
2fq6  1.78  2006  IC50=0.079uM  // 2fq6.pdf (P3F) ligand is compound 18, IC50=0.079+/-0.02uM, ligand is the product.
2g1y  2.50  2006  IC50=0.09uM   // 2g1y.pdf (5IG) ligand is compound 19
2h03  1.65  2006  IC50=0.09uM   // 2h03.pdf (3UN)
2gm1  2.30  2006  IC50=0.10uM   // 2gm1.pdf (2AZ)
2hha  2.35  2006  IC50=0.122uM  // 2hha.pdf (3TP)
2axi  1.40  2006  IC50=0.14uM   // 2axi.pdf (10-mer)
2iw6  2.30  2006  IC50=0.14uM   // 2iw6.pdf (QQ2)
2ath  2.28  2006  IC50=0.152uM  // 2ath.pdf (3EA)
2f3e  2.11  2006  IC50=0.156uM  // 2f3e.pdf (AXQ)
2f3f  2.30  2006  IC50=0.19uM   // 2f3f.pdf (AXF)
2ie4  2.60  2006  IC50=0.1nM    // 2ie3.pdf (OKA)
2etm  2.30  2006  IC50=0.212uM  // 2etm.pdf (7PY) ligand is compound 1
1zeo  2.50  2006  IC50=0.21uM   // 1zeo.pdf (C01)
2c5n  2.10  2006  IC50=0.22uM   // 2c5n.pdf (CK8)
2h96  3.00  2006  IC50=0.23uM   // 2h96.pdf (893)
2gtk  2.10  2006  IC50=0.251uM  // 2gtk.pdf (208)
1zpc  2.60  2006  IC50=0.254uM  // 1zpc.pdf (716) covalent complex
2c5x  2.90  2006  IC50=0.25uM   // 2c5x.pdf (MTW) redundant to 2c5y
2c5y  2.25  2006  IC50=0.25uM   // 2c5y.pdf (MTW)
2gg2  1.00  2006  IC50=0.25uM   // 2gg0.pdf (U12) ligand is compound 3
2gg5  2.12  2006  IC50=0.25uM   // 2gg0.pdf (U19) ligand is compound 4
2cv3  1.90  2006  IC50=0.27uM   // 2cv3.pdf (11-mer) MW>1000
2evc  1.60  2006  IC50=0.29uM   // 2evc.pdf (FC3)
2ggx  1.90  2006  IC50=0.32mM   // 2ggx.pdf (NPJ)
2h02  2.30  2006  IC50=0.32uM   // 2h02.pdf (2UN)
2auz  2.30  2006  IC50=0.35nM   // 2auz.pdf (CT2) covalent complex
2fyv  1.90  2006  IC50=0.3mM    // 2fyv.pdf (W72)
2gz7  1.86  2006  IC50=0.3uM    // 2gz7.pdf (D3F)
2bdj  2.50  2006  IC50=0.45nM   // 2bdj.pdf (HET)
2f2c  2.80  2006  IC50=0.45uM   // 2f2c.pdf (AP9)
2fm0  2.00  2006  IC50=0.4nM    // 2fm0.pdf (M98)
2a4l  2.40  2006  IC50=0.4uM    // 2a4l.pdf (RRC)
2fda  2.00  2006  IC50=0.502uM  // 2fda.pdf (682) covalent complex
2aux  2.40  2006  IC50=0.50nM   // 2aux.pdf (CT1) covalent complex
2hai  1.58  2006  IC50=0.53uM   // 2hai.pdf (PFI)
1ykr  1.80  2006  IC50=0.56uM   // 1ykr.pdf (628)
2fix  3.50  2006  IC50=0.57uM   // 2fix.pdf (870)
2gg3  1.45  2006  IC50=0.58uM   // 2gg0.pdf (U13) ligand is compound 7
2f3r  2.50  2006  IC50=0.5uM    // 2f3r.pdf (G5P)
2i5j  3.15  2006  IC50=0.5uM    // 2i5j.pdf (K05) 0.5+/-0.2, DHBNH inhibit RT-RNH
2evm  1.70  2006  IC50=0.693uM  // 2evm.pdf (FC2)
2g6p  1.90  2006  IC50=0.6uM    // 2g6p.pdf (HM2)
2ccu  2.70  2006  IC50=0.74uM   // 2ccu.pdf (2D9)
2fde  2.70  2006  IC50=0.7nM    // 2fde.pdf (385)
2ewy  3.10  2006  IC50=0.7uM    // 2ewy.pdf (DBO)
2gfs  1.75  2006  IC50=0.7uM    // 2gfs.pdf (PQB)
1zpb  2.10  2006  IC50=0.85uM   // 1zpb.pdf (995) covalent complex
2c6e  2.10  2006  IC50=0.8nM    // 2c6e.pdf (HPM) ligand is compound 2h, also is compound 13 in ref.21
2fum  2.89  2006  IC50=0.8uM    // 2fum.pdf (MIX)
2ggu  1.90  2006  IC50=0.94mM   // 2ggu.pdf (MLR)
2fes  2.42  2006  IC50=0.98nM   // 2fes.pdf (3SP)
2c0o  2.85  2006  IC50=1.22uM   // 2c0o.pdf (L2G)
2g01  3.50  2006  IC50=1.22uM   // 2g01.pdf (73Q)
2ew5  2.20  2006  IC50=1.25uM   // 2ew5.pdf (Y12)
2aa9  1.50  2006  IC50=1.2mM    // 2aa9.pdf (SKM) IC50=1.2mM (with Cl-); IC50=1.7mM (with HCO3-)
2aay  1.55  2006  IC50=1.2mM    // 2aay.pdf (SKM) redundant to 2aa9
2cm8  2.10  2006  IC50=1.35uM   // 2cm8.pdf (F16)
2feq  2.44  2006  IC50=1.39nM   // 2feq.pdf (34P)
1ztq  2.00  2006  IC50=1.3nM    // 1ztq.pdf (033)
2j9a  1.73  2006  IC50=1.3uM    // 2j9a.pdf (5-mer)
1yw7  1.85  2006  IC50=1.4uM    // 1yw7.pdf (A41) ligand is compound 4
2g19  1.70  2006  IC50=1.4uM    // 2g19.pdf (4HG) ligand is compound 1
2i40  2.80  2006  IC50=1.58uM   // 2i40.pdf (BLZ)
2ckm  2.15  2006  IC50=1.5nM    // 2ckm.pdf (AA7) X-ray(TcAChE); IC50(rat AChE)
2giu  2.20  2006  IC50=1.5nM    // 2giu.pdf (FBR)
2nq6  1.50  2006  IC50=1.5uM    // 2nq6.pdf (HM4)
2cmc  2.20  2006  IC50=1.75uM   // 2cmc.pdf (DFM)
2gg7  1.12  2006  IC50=1.75uM   // 2gg0.pdf (U14) ligand is compound 1, 2
2cne  1.80  2006  IC50=1.7nM    // 2cne.pdf (DFJ)
2j7x  2.10  2006  IC50=1.7nM    // 2j7x.pdf (EST) ligand is compound 17 beta-estradiol
2gg0  1.28  2006  IC50=1.7uM    // 2gg0.pdf (U11) ligand is compound 12
2h44  1.80  2006  IC50=1.7uM    // 2h44.pdf (7CA)
2anm  2.40  2006  IC50=1.8nM    // 2anm.pdf (CDO)
2ew6  2.20  2006  IC50=10.8uM   // 2ew6.pdf (Y13)
2f1b  1.45  2006  IC50=1000uM   // 2f18.pdf (GB3) ligand is compound 10
2brp  2.00  2006  IC50=100uM    // 2brp.pdf (SIE) IC50(SpnHyal)>100uM, IC50(SagHyal)=11uM
2c8y  2.20  2006  IC50=100uM    // 2c8y.pdf (C3M)
2iw8  2.30  2006  IC50=103nM    // 2iw8.pdf (4SP)
2fme  2.10  2006  IC50=104nM    // 2fme.pdf (3QC)
1yw8  2.65  2006  IC50=10nM     // 1yw8.pdf (A75)
2ama  1.90  2006  IC50=10nM     // 2ama.pdf (DHT) ligand is compound 2, dihydrotestosterone
2cng  1.90  2006  IC50=110nM    // 2cng.pdf (IZE)
2igy  2.60  2006  IC50=113nM    // 2igx.pdf (A2T) ligand is compound 18; IC50(PM-1)=1123nM, IC50(PM-6)=19440nM, IC50(red blood cell)=126nM
2hny  2.50  2006  IC50=1165nM   // 2hny.pdf (NVP)
2gga  1.70  2006  IC50=11mM     // 2gga.pdf (GPJ)
2irz  1.80  2006  IC50=12nM     // 2irz.pdf (I02)
2c93  2.20  2006  IC50=12uM     // 2c93.pdf (C4M)
2ggb  2.13  2006  IC50=12uM     // 2gg0.pdf (U17) ligand is compound 14
1zd5  2.60  2006  IC50=13.4uM   // 1zd5.pdf (NC7)
2cgu  2.50  2006  IC50=13.4uM   // 2cgu.pdf (3A3)
2f3k  1.60  2006  IC50=13nM     // 2f3k.pdf (RO1)
2j50  3.00  2006  IC50=13nM     // 2j50.pdf (627)
2fjm  2.10  2006  IC50=142nM    // 2fjm.pdf (073) IC50=142+/-41nM
2gnh  2.05  2006  IC50=149nM    // 2gnh.pdf (H52)
2j87  3.10  2006  IC50=14uM     // 2j87.pdf (TTP) IC50=14+/-4.0uM
2cgx  2.20  2006  IC50=15.6uM   // 2cgx.pdf (3D3)
2bdl  2.00  2006  IC50=15nM     // 2bdl.pdf (4PR) covalent complex
2euf  3.00  2006  IC50=15nM     // 2euf.pdf (LQQ)
2i0v  2.80  2006  IC50=160nM    // 2i0v.pdf (6C3) quinolone inhibits cFMS
2ggd  1.70  2006  IC50=160uM    // 2ggd.pdf (GPJ)
2chz  2.60  2006  IC50=16nM     // 2chw.pdf (093) HUMAN PI-3K GAMMA CATALYTIC SUBUNIT, how get IC50?
2cgw  2.20  2006  IC50=17.3uM   // 2cgw.pdf (3C3)
2bdy  1.61  2006  IC50=17nM     // 2bdy.pdf (UNB)
2chw  2.60  2006  IC50=17uM     // 2chw.pdf (039) HUMAN PI-3K GAMMA CATALYTIC SUBUNIT
2azc  2.01  2006  IC50=183nM    // 2azc.pdf (3TL)
2cma  2.30  2006  IC50=185nM    // 2cma.pdf (F20)
2chx  2.50  2006  IC50=18nM     // 2chw.pdf (090) HUMAN PI-3K GAMMA CATALYTIC SUBUNIT, how get IC50?
2b7a  2.00  2006  IC50=1nM      // 2b7a.pdf (IZA)
2am1  2.50  2006  IC50=1uM      // 2am1.pdf (1LG)
2fl2  2.50  2006  IC50=2.0nM    // 2fl2.pdf (N4T)
2ccs  1.79  2006  IC50=2.0uM    // 2ccs.pdf (4BH)
2gpp  2.60  2006  IC50=2.0uM    // 2gpp.pdf (1BA) complexed with Nuclear receptor-interacting protein 1
2hwh  2.30  2006  IC50=2.0uM    // 2hwh.pdf (RNA)
2bb7  1.70  2006  IC50=2.14uM   // 2bb7.pdf (QMS)
2gni  2.27  2006  IC50=2.28uM   // 2gni.pdf (M77)
2i47  1.90  2006  IC50=2.2nM    // 2i47.pdf (KGY)
2f4j  1.91  2006  IC50=2.2uM    // 2f4j.pdf (VX6)
2h42  2.30  2006  IC50=2.4nM    // 2h42.pdf (VIA)
1yy4  2.70  2006  IC50=2.52nM   // 1yy4.pdf (4NA)
2fky  2.30  2006  IC50=2.6nM    // 2fky.pdf (N2T)
2iit  2.35  2006  IC50=2.6nM    // 2iit.pdf (872)
1yye  2.03  2006  IC50=2.7nM    // 1yye.pdf (196)
2h8h  2.20  2006  IC50=2.7nM    // 2h8h.pdf (H8H)
2nq7  1.60  2006  IC50=2.9uM    // 2nq7.pdf (HM5)
2a2x  2.44  2006  IC50=20.2nM   // 2a2x.pdf (NA9)
2fwy  2.10  2006  IC50=200nM    // 2fwy.pdf (H64)
2is0  2.20  2006  IC50=200nM    // 2is0.pdf (I03)
1zaf  2.20  2006  IC50=20nM     // 1zaf.pdf (789)
2c4f  1.72  2006  IC50=20nM     // 2c4f.pdf (GIL)
2g1r  2.42  2006  IC50=20nM     // 2g1r.pdf (3IG) ligand is compound 34
2ica  1.56  2006  IC50=20nM     // 2ica.pdf (2IC)
2cm7  2.10  2006  IC50=210nM    // 2cm7.pdf (IZD)
2bve  2.20  2006  IC50=215uM    // 2bve.pdf (PH5) PROP compound
2cni  2.00  2006  IC50=21nM     // 2cni.pdf (IZF)
2g0h  2.30  2006  IC50=22.7nM   // 2g0h.pdf (SP3)
2c8x  2.17  2006  IC50=220nM    // 2c8x.pdf (C5M)
2az9  2.50  2006  IC50=22nM     // 2az9.pdf (3TL) incomplete structure
2fj0  2.70  2006  IC50=22nM     // 2fj0.pdf (TFC) covalent complex
2nyr  2.06  2006  IC50=22uM     // 2nyr.pdf (SVR)
2exc  2.75  2006  IC50=235nM    // 2exc.pdf (JNK) ligand is compound 12
2bkt  2.30  2006  IC50=23nM     // 2bkt.pdf (RPF)
2cnf  2.20  2006  IC50=240nM    // 2cnf.pdf (F32)
2i0y  1.90  2006  IC50=24nM     // 2i0v.pdf (5CN) arylamide inhibits cFMS
2i1m  1.80  2006  IC50=24nM     // 2i0v.pdf (5CN) arylamide inhibits cFMS
1zd4  2.70  2006  IC50=253uM    // 1zd4.pdf (NC6)
2gg8  1.80  2006  IC50=25uM     // 2gg0.pdf (U15) ligand is compound 15
2cgv  2.60  2006  IC50=27.3uM   // 2cgv.pdf (3B3)
2cmf  2.50  2006  IC50=28nM     // 2cmf.pdf (F11) X-ray(TcAChE); IC50(rat AChE)
2hwi  2.00  2006  IC50=3.0uM    // 2hwi.pdf (VRX)
2gc8  2.20  2006  IC50=3.1uM    // 2gc8.pdf (885)
2cn8  2.70  2006  IC50=3.5uM    // 2cn8.pdf (DBQ)
2fie  2.81  2006  IC50=3.5uM    // 2fie.pdf (A74)
2gg9  1.05  2006  IC50=3.5uM    // 2gg0.pdf (U16) ligand is compound 13
2c8w  1.96  2006  IC50=3.7nM    // 2c8w.pdf (C7M)
2am9  1.64  2006  IC50=3.9nM    // 2am9.pdf (TES)
1zom  2.25  2006  IC50=30nM     // 1zom.pdf (339) ligand is compound 36, mutations(S452A, T493A, K455A, C500S)
2c6c  2.00  2006  IC50=30nM     // 2c6c.pdf (24I)
2bua  2.56  2006  IC50=30uM     // 2bua.pdf (007)
2c90  2.25  2006  IC50=330uM    // 2c90.pdf (C1M)
2c9t  2.25  2006  IC50=33nM     // 2c9t.pdf (13-mer) IC50=33+/-5nM
2bks  2.20  2006  IC50=37nM     // 2bks.pdf (PZ1)
2fl6  2.50  2006  IC50=38nM     // 2fl6.pdf (N5T)
2fjn  2.20  2006  IC50=39nM     // 2fjm.pdf (073) IC50=39+/-10nM
2b1p  1.90  2006  IC50=3nM      // 2b1p.pdf (AIZ) ligand is compound 18
2hfp  2.00  2006  IC50=3nM      // 2hfp.pdf (NSI)
2gcd  2.55  2006  IC50=3uM      // 2gcd.pdf (STU)
2gz8  1.97  2006  IC50=3uM      // 2gz8.pdf (F3F)
2fjp  2.40  2006  IC50=4.3nM    // 2fjp.pdf (S14)
2dq7  2.80  2006  IC50=4.8nM    // 2dq7.pdf (STU)
2fdd  1.58  2006  IC50=4.8nM    // 2fdd.pdf (385)
2ddf  1.70  2006  IC50=41nM     // 2ddf.pdf (INN) IC50=41+/-3nM, mutation(S266A, V353G, Q452N), WT IC50=43+/-4nM
2c6g  2.20  2006  IC50=428uM    // 2c6g.pdf (GLU) ligand is glutamate, some cofactors in crystal
2np8  2.25  2006  IC50=42nM     // 2np8.pdf (CC3) ligand is compound 1
2fm5  2.03  2006  IC50=43nM     // 2fm5.pdf (M99)
2g1q  2.51  2006  IC50=44nM     // 2g1q.pdf (N9H)
2g9x  2.50  2006  IC50=45nM     // 2g9x.pdf (NU5)
2dxs  2.20  2006  IC50=46nM     // 2dxs.pdf (JTP)
2hk5  2.00  2006  IC50=46nM     // 2hk5.pdf (1BM) IC50(Src)=162nM, IC50(Lck)=3nM, IC50(IL-2)=0.549uM
2ank  2.46  2006  IC50=47.3nM   // 2ank.pdf (N12)
2boi  1.10  2006  IC50=48uM     // 2boi.pdf (MFU)
2g24  1.90  2006  IC50=4uM      // 2g24.pdf (7IG) ligand is compound 11
2chm  1.60  2006  IC50=5.5nM    // 2chm.pdf (3P4)
2aq7  2.30  2006  IC50=500uM    // 2aq7.pdf (TL5)
2aqb  2.19  2006  IC50=500uM    // 2aqb.pdf (TL6)
2hd1  2.23  2006  IC50=500uM    // 2hd1.pdf (IBM)
2a0c  1.95  2006  IC50=50nM     // 2a0c.pdf (CK9) ligand is olomoucine II
2fwz  2.10  2006  IC50=50nM     // 2fwz.pdf (H71)
2g0g  2.54  2006  IC50=512nM    // 2g0g.pdf (SP0)
2igx  1.70  2006  IC50=54nM     // 2igx.pdf (A1T) ligand is compound 22, ligand structure has some mistakes. IC50(PM-1)=711nM, IC50(PM-6)=3214nM
2gnl  2.60  2006  IC50=58nM     // 2gnl.pdf (H52)
2cnh  1.80  2006  IC50=59nM     // 2cnh.pdf (IZB)
2gv2  1.80  2006  IC50=5nM      // 2gv2.pdf (9-mer) MW>1000
2c5o  2.10  2006  IC50=6.50uM   // 2c5o.pdf (CK2)
2iiv  2.15  2006  IC50=6.6nM    // 2iiv.pdf (565)
2bv4  1.00  2006  IC50=600uM    // 2bv4.pdf (MMA)
2fv9  2.02  2006  IC50=60nM     // 2ddf.pdf (002) TACE V353G complexed with JMV 390, IC50=60+/-5nM, mutation(S266A, V353G, Q452N), WT IC50=65+/-4nM
2j83  2.00  2006  IC50=61uM     // 2j83.pdf (BAT)
2azb  2.03  2006  IC50=64nM     // 2azb.pdf (3TL) incomplete structure
2cmb  1.70  2006  IC50=65nM     // 2cmb.pdf (F17)
2j4z  2.00  2006  IC50=65nM     // 2j4z.pdf (626)
2a8h  2.30  2006  IC50=67nM     // 2a8h.pdf (4NH)
2az8  2.00  2006  IC50=6nM      // 2az8.pdf (3TL) incomplete structure
2gnf  2.28  2006  IC50=6uM      // 2gnf.pdf (Y27)
2gnj  2.28  2006  IC50=6uM      // 2gnj.pdf (Y27)
2d1x  1.90  2006  IC50=7.9uM    // 2d1x.pdf (15-mer) IC50=7.9+/-3.12uM; incomplete ligand
2alv  1.90  2006  IC50=70uM     // 2alv.pdf (CY6) covalent complex
2f1a  1.45  2006  IC50=720uM    // 2f18.pdf (GB2) ligand is compound 9
2gmx  3.50  2006  IC50=77nM     // 2gmx.pdf (877)
2b1z  1.78  2006  IC50=79nM     // 2b1z.pdf (17M) PBA(relative binding affinity)=8.1nM; EC50=5.3nM
2ayp  2.90  2006  IC50=7nM      // 2ayp.pdf (43A)
2bkz  2.60  2006  IC50=7nM      // 2bkz.pdf (SBC)
2go4  2.70  2006  IC50=7uM      // 2go4.pdf (TUX) X-ray(source=A.aeolicus); Ki=650nM(source=E.coli)
2i7c  1.71  2006  IC50=8.5uM    // 2i7c.pdf (AAT) IC50=8.5+/-0.3uM
2iw9  2.00  2006  IC50=8.9nM    // 2iw9.pdf (4SP)
2f18  1.30  2006  IC50=80uM     // 2f18.pdf (GB1) ligand is compound 8
2auc  2.60  2006  IC50=84uM     // 2auc.pdf (15-mer) incomplete ligand
2aei  2.52  2006  IC50=86nM     // 2aei.pdf (03R)
2hiw  2.20  2006  IC50=8nM      // 2hiw.pdf (7MP) IC50(dephosphorylated)=8nM, IC50(phosphorylated)=11nM
2am2  2.80  2006  IC50=8uM      // 2am2.pdf (2LG)
2cct  2.30  2006  IC50=9.5uM    // 2cct.pdf (2E1)
2i1r  2.20  2006  IC50=9.7uM    // 2i1r.pdf (VXR)
2bub  2.66  2006  IC50=90nM     // 2bub.pdf (FPB)
2i0h  2.00  2006  IC50=9nM      // 2i0h.pdf (222)
2fv5  2.10  2006  Kd<2pM        // 2fv5.pdf (541) X-ray(source=human); Ki=0.56nM(source=pig)
2f34  1.74  2006  Kd=0.13uM     // 2f34.pdf (UBA)
2c94  1.90  2006  Kd=0.15uM     // 2c94.pdf (TSF)
2fb8  2.90  2006  Kd=0.16nM     // 2fb8.pdf (215) ligand is compound SB-590885
2ceo  2.80  2006  Kd=0.1nM      // 2ceo.pdf (T44)
2gh7  1.00  2006  Kd=0.1pM      // 2gh7.pdf (BTN)
2iwx  1.50  2006  Kd=0.21uM     // 2cgf.pdf (M1S) Kd measured by ITC, compound 15h
2ews  2.05  2006  Kd=0.24uM     // 2ews.pdf (ANP)
2euk  1.85  2006  Kd=0.25uM     // 2euk.pdf (3-mer)
2fgh  2.80  2006  Kd=0.28uM     // 2fgh.pdf (ATP)
2h21  2.45  2006  Kd=0.29uM     // 2h21.pdf (SAM)
2eum  2.30  2006  Kd=0.2uM      // 2eum.pdf (3-mer)
2evl  2.20  2006  Kd=0.2uM      // 2evl.pdf (3-mer)
2cgf  2.20  2006  Kd=0.39uM     // 2cgf.pdf (P2N) Kd measured by ITC, compound 15a
2iws  2.70  2006  Kd=0.44uM     // 2cgf.pdf (NP4) ITC, compound 15f cis, ligand:cis
2c9d  2.80  2006  Kd=0.48uM     // 2c9d.pdf (PHR)
2izx  1.30  2006  Kd=0.4nM      // 2izx.pdf (DTD) Kd(AKAP-IS)=0.4nM
2hdx  2.35  2006  Kd=0.55uM     // 2hdx.pdf (11-mer) Kd=0.55+/-0.010uM; incomplete ligand
2f14  1.71  2006  Kd=0.64nM     // 2f14.pdf (FL1)
2fgu  2.00  2006  Kd=0.66nM     // 2fgu.pdf (5-mer)
1zc9  2.00  2006  Kd=0.6mM      // 1zc9.pdf (PMP)
2c97  2.00  2006  Kd=0.72uM     // 2c97.pdf (JCL)
2cvd  1.45  2006  Kd=0.8uM      // 2cvd.pdf (HQL)
2ivz  2.00  2006  Kd=0.92uM     // 2ivz.pdf (16-mer) Kd=0.92+/-0.03uM; incomplete ligand
2ce9  2.12  2006  Kd=0.93uM     // 2ce8.pdf (5-mer)
2df6  1.30  2006  Kd=1.05uM     // 2df6.pdf (18-mer) Kd=1.05+/-0.035uM; EC50=0.9+/-0.05uM
2j79  1.94  2006  Kd=1.1uM      // 2j79.pdf (GTL)
2fkf  2.00  2006  Kd=1.2mM      // 2fkf.pdf (G16)
2fw6  1.85  2006  Kd=1.2mM      // 2fw6.pdf (CIT)
2fwp  1.85  2006  Kd=1.2mM      // 2fwp.pdf (CIT) redundant to 2fw6
2iwu  2.80  2006  Kd=1.2uM      // 2cgf.pdf (NP5) ITC, compound 15f trans, ligand:trans
2g83  2.80  2006  Kd=1.2uM      // 2g83.pdf (GDP) Kd for GDP with AlF4-
2g6q  2.00  2006  Kd=1.5uM      // 2g6q.pdf (12-mer) Kd=1.5+/-1uM; incomplete ligand
2boj  1.80  2006  Kd=1.7uM      // 2boj.pdf (ARW)
2fl5  3.00  2006  Kd=1.8nM      // 2fl5.pdf (RBF)
2gfa  2.10  2006  Kd=10.4uM     // 2gfa.pdf (10-mer) incomplete ligand
2h2h  2.20  2006  Kd=10.5uM     // 2h2d.pdf (11-mer) Kd=10.5+/-1.4uM; incomplete ligand
2j7g  1.91  2006  Kd=100nM      // 2j7g.pdf (GI4)
2buv  1.80  2006  Kd=100uM      // 2bum.pdf (DHB)
2flh  1.20  2006  Kd=106uM      // 2flh.pdf (ZEA) Kd(ITC)=106+/-12uM, Kd(ADA)=148+/-14uM
2bmv  2.11  2006  Kd=10mM       // 2bmv.pdf (BEN) FMN calculated Kd=10mM, for holoflavodoxin and benzamidine
2ewa  2.10  2006  Kd=11.5nM     // 2ewa.pdf (SB2)
2a5b  2.49  2006  Kd=117uM      // 2a5b.pdf (8HG)
2cbz  1.50  2006  Kd=118uM      // 2cbz.pdf (ATP)
2j77  2.10  2006  Kd=12.9uM     // 2j77.pdf (NOJ)
2foy  1.55  2006  Kd=120nM      // 2foy.pdf (B30) Cu-containing
2haw  1.75  2006  Kd=12uM       // 2haw.pdf (2PN)
2clv  1.90  2006  Kd=13.2nM     // 2clv.pdf (8-mer) MW>1000
2g2r  2.75  2006  Kd=13nM       // 2g2r.pdf (TNS)
2g97  2.90  2006  Kd=152nM      // 2g97.pdf (DGB)
2hu6  1.32  2006  Kd=154uM      // 2hu6.pdf (37A)
2o4n  2.00  2006  Kd=15nM       // 2o4k.pdf (TPV)
2gl0  2.25  2006  Kd=15uM       // 2gl0.pdf (ADN)
2gzl  2.50  2006  Kd=15uM       // 2gzl.pdf (2AA) IC50=3mM
2ccc  1.70  2006  Kd=17.57nM    // 2ccc.pdf (LFN)
2fx9  2.10  2006  Kd=17nM       // 2fx7.pdf (14-mer) human fab 4e10 complex with a thioether-linked peptide on gp41, Kd=17nM
2b4l  2.00  2006  Kd=17uM       // 2b4l.pdf (BET)
2o4p  1.80  2006  Kd=19pM       // 2o4k.pdf (TPV) redundant to 6dif
2ha4  2.56  2006  Kd=2.0mM      // 2h9y.pdf (ACH) Kd=2.0+/-0.2mM, Kd(ambenonium kinetics)=2.0+/-0.2mM, Kd(direct titration)=1.7+/-0.7mM
2fr3  1.48  2006  Kd=2.0nM      // 2fr3.pdf (REA) wt Kd=2.0+/-1.2nM, Kd(F15W)=40+/-4nM
2c92  1.60  2006  Kd=2.11uM     // 2c92.pdf (TP6)
2cbu  1.85  2006  Kd=2.1uM      // 2cbu.pdf (CTS) Ki=2uM
2azm  2.41  2006  Kd=2.2uM      // 2azm.pdf (10-mer) incomplete ligand
2bmk  2.30  2006  Kd=2.4uM      // 2bmk.pdf (PDD)
2fuu   NMR  2006  Kd=2.7uM      // 2f6j.pdf (15-mer) NMR structure; Kd1=2.7uM (ITC); Kd2=1.6+/-1.0uM (FP)
2c9b  2.75  2006  Kd=2.88uM     // 2c9b.pdf (PUG)
2idk  2.55  2006  Kd=2.9uM      // 2idk.pdf (C2F)
2a8g  1.99  2006  Kd=205uM      // 2a8g.pdf (GNG)
2flu  1.50  2006  Kd=20nM       // 2flu.pdf (16-mer)
2fx7  1.76  2006  Kd=20nM       // 2fx7.pdf (16-mer) human fab 4e10 complex with a 16-residue peptide on gp41, Kd=20nM
2hmv  2.20  2006  Kd=20nM       // 2hmu.pdf (ADP) Kd=20~70nM
2hmw  3.00  2006  Kd=20nM       // 2hmu.pdf (ATP) 20-70, Kd is apparent dissociation constant
2hmu  2.25  2006  Kd=20nM       // 2hmu.pdf (ATP) Kd=20~70nM
2cex  2.20  2006  Kd=20uM       // 2cex.pdf (DAN)
2h23  2.45  2006  Kd=21.2uM     // 2h23.pdf (SAH) X-ray(pLSMT); Kd(aLSMT)
2fqw  1.71  2006  Kd=210nM      // 2fqw.pdf (NOS)
2aoj  1.60  2006  Kd=22.1uM     // 2aof.pdf (10-mer) Kd=22.1+/-2.8uM
2j75  1.85  2006  Kd=225nM      // 2j75.pdf (NOY)
2ca8  2.49  2006  Kd=22uM       // 2ca8.pdf (GSH)
2ha2  2.05  2006  Kd=22uM       // 2h9y.pdf (SCK) Kd=22+/-1uM, Ki=21+/-2uM, Kd(decidium kinetics)=22+/-1uM
2j7b  1.87  2006  Kd=240nM      // 2j7b.pdf (NTZ)
2a5c  2.50  2006  Kd=24uM       // 2a5c.pdf (8DA)
2fsv  2.30  2006  Kd=25uM       // 2fr8.pdf (NAD)
2fqy  1.90  2006  Kd=270nM      // 2fqy.pdf (ADN)
2aof  1.32  2006  Kd=28.2uM     // 2aof.pdf (11-mer) Kd=28.2+/-4.2uM
2fov  1.15  2006  Kd=28nM       // 2fov.pdf (B30) Cu-containing
2b4m  2.80  2006  Kd=295uM      // 2b4m.pdf (PBE)
2frd  3.20  2006  Kd=29uM       // 2fr8.pdf (NAD) Kd(dI.S138A.)2(dIII)1-NADH)=29uM
2h3e  2.30  2006  Kd=2uM        // 2h3e.pdf (6PR)
2g5u  1.80  2006  Kd=3.2nM      // 2g5u.pdf (PCQ)
2cbv  1.95  2006  Kd=3.3uM      // 2cbv.pdf (CGB) Ki=4uM
2hf8  2.10  2006  Kd=3.4uM      // 2hf8.pdf (GSP)
2f35  1.87  2006  Kd=3.94uM     // 2f35.pdf (UBC)
2fx8  2.20  2006  Kd=302nM      // 2fx7.pdf (12-mer) human fab 4e10 complex with an aib-induced peptide on gp41, Kd=302nM
2o4s  1.54  2006  Kd=31pM       // 2o4k.pdf (AB1) redundant to 6dj1
2nm1  2.15  2006  Kd=34nM       // 2nm1.pdf (17-mer) Kd=34nM(ITC titration at pH 5.7); binding affinity between HCB and the isolated Syt-II is independent of pH.
2ccb  1.65  2006  Kd=35.76nM    // 2ccb.pdf (RBF)
2iko  1.90  2006  Kd=3571nM     // 2iko.pdf (7IG) IC50=6560nM
2o4k  1.60  2006  Kd=35pM       // 2o4k.pdf (DR7)
2h9m  1.90  2006  Kd=35uM       // 2h9m.pdf (11-mer) Kd=35+/-8uM; incomplete ligand
2aoh  1.42  2006  Kd=36.3uM     // 2aof.pdf (10-mer) Kd=36.3+/-5.4uM
2amt  2.30  2006  Kd=36uM       // 2amt.pdf (1AA)
2cia  1.45  2006  Kd=370nM      // 2ci9.pdf (11-mer) incomplete ligand
2ha0  2.20  2006  Kd=37uM       // 2h9y.pdf (NWA) Kd=37+/-13uM, Ki=23+/-6uM, Kd(ambenonium kinetics)=37+/-13uM, Kd(decidium kinetics)=33+/-2uM. ligand structure, two hydroxyl groups, different from reference.
2j78  1.65  2006  Kd=384nM      // 2j78.pdf (GOX)
2ez5   NMR  2006  Kd=3uM        // 2ez5.pdf (11-mer)
2h6b  2.20  2006  Kd=4.1uM      // 2h6b.pdf (3C4)
2h2j  2.45  2006  Kd=4.2uM      // 2h2j.pdf (SFG) X-ray(pLSMT); Kd(aLSMT)
2h2d  1.70  2006  Kd=4.3uM      // 2h2d.pdf (18-mer) Kd=4.3+/-0.5uM; incomplete ligand
2fxv  2.05  2006  Kd=4.5uM      // 2fxv.pdf (5GP)
2h13  1.58  2006  Kd=4.5uM      // 2h13.pdf (10-mer) Kd=4.5+/-0.2uM; incomplete ligand
2c80  2.30  2006  Kd=4.7uM      // 2c80.pdf (GTX)
2ez7  2.00  2006  Kd=43.5uM     // 2ez7.pdf (DHI)
2ha7  2.66  2006  Kd=440uM      // 2h9y.pdf (BCH) Kd(ambenonium kinetics)=440+/-50uM, Kd(decidium kinetics)=760+/-320uM
2j7f  2.28  2006  Kd=445nM      // 2j7f.pdf (GI3)
2fys  2.50  2006  Kd=44uM       // 2fys.pdf (17-mer) incomplete ligand
2ha5  2.15  2006  Kd=46uM       // 2h9y.pdf (AT3) Kd(ambenonium kinetics)=46+/-23uM; Kd(decidium kinetics)=160+/-100uM
2j7e  2.19  2006  Kd=48nM       // 2j7e.pdf (GI2)
2ha6  2.25  2006  Kd=48uM       // 2h9y.pdf (SCK) Kd(ambenonium kinetics)=48+/-4uM
2c1p  2.00  2006  Kd=4uM        // 2c1p.pdf (FNZ) Kd=4~6uM
2a4w  1.50  2006  Kd=5.1nM      // 2a4w.pdf (BLM) Kd1=5.1nM; Kd2>1000nM; MW>1000
2g96  2.90  2006  Kd=52.8uM     // 2g96.pdf (NMN)
2ces  2.15  2006  Kd=56nM       // 2ces.pdf (GIM) Ki=138nM at pH=5.8
2gph  1.90  2006  Kd=5uM        // 2gph.pdf (16-mer) covalent complex
2gz2  2.10  2006  Kd=6.0uM      // 2gz2.pdf (A2P) Kd=6.0+/-1.0uM
2f5t  1.45  2006  Kd=6.8uM      // 2f5t.pdf (MAL)
2o4l  1.33  2006  Kd=608pM      // 2o4k.pdf (TPV)
2ci9  1.50  2006  Kd=60nM       // 2ci9.pdf (12-mer) incomplete ligand
2fo4  2.70  2006  Kd=60nM       // 2fo4.pdf (8-mer) Kd=160nM(4oC); Kd=60nM(23oC); Kd=300nM(37oC)
1yon  1.95  2006  Kd=61uM       // 1yon.pdf (A2R) 2P-ADP-ribose, Kd=61+/-8uM at pH=7.7, Kd=250+/-65uM at pH=4.5
2j7h  1.95  2006  Kd=65nM       // 2j7h.pdf (AZF)
2doo  2.43  2006  Kd=67nM       // 2doo.pdf (C4H) Kd=67+/-14nM; Ki=140+/-10nM; IC50=0.7+/-0.1uM
1zea  1.78  2006  Kd=6uM        // 1zea.pdf (9-mer)
2h6q  1.87  2006  Kd=7.8uM      // 2h6q.pdf (9-mer) incomplete ligand
2fr8  2.60  2006  Kd=700uM      // 2fr8.pdf (NAD) Kd(dI.R127A.-NADH)=700uM
2bba  1.65  2006  Kd=70nM       // 2bba.pdf (15-mer) IC50=15nM; incomplete ligand
2fci   NMR  2006  Kd=70nM       // 2fci.pdf (14-mer)
2hmh  2.00  2006  Kd=70nM       // 2hmh.pdf (11-mer)
2fqx  1.70  2006  Kd=71nM       // 2fqx.pdf (GMP)
2j7d  2.24  2006  Kd=74nM       // 2j7d.pdf (GI1)
2fgv  1.50  2006  Kd=760nM      // 2fgv.pdf (5-mer)
2o9k  1.90  2006  Kd=77uM       // 2h9m.pdf (11-mer) Kd=77+/-16uM; incomplete ligand
2iku  2.60  2006  Kd=79nM       // 2iku.pdf (LIY) IC50=58nM
2il2  2.24  2006  Kd=79nM       // 2il2.pdf (LIX) IC50=27nM
2fxu  1.35  2006  Kd=7nM        // 2fxu.pdf (BID)
2gtv   NMR  2006  Kd=7uM        // 2gtv.pdf (TSA) Kd(overall)=7uM
2h6k  1.89  2006  Kd=8.7uM      // 2h6k.pdf (8-mer) MW>1000
2fou  0.99  2006  Kd=80nM       // 2fou.pdf (B22) Cu-containing
2hnx  1.50  2006  Kd=83nM       // 2hnx.pdf (PLM) Kd=0.083uM for ALB2
1zsh  2.90  2006  Kd=85nM       // 1zsh.pdf (IHP)
2ate  1.80  2006  Kd=86nM       // 2ate.pdf (NIA) wt PurE with NO2-AIR; Kd=86+/-31nM
2h5a  1.72  2006  Kd=8uM        // 2h5a.pdf (X1P)
2d0k  1.90  2006  Kd=9.51uM     // 2d0k.pdf (FOL)
2cet  1.97  2006  Kd=9.6nM      // 2cet.pdf (PGI) Ki=7.5nM at pH=5.8
2cc7  1.80  2006  Kd=9.88nM     // 2cc7.pdf (LUM)
2fts  2.41  2006  Kd=90nM       // 2fts.pdf (13-mer) Kd=90-120nM
2ha3  2.25  2006  Kd=930uM      // 2h9y.pdf (CHT) Kd=930+/-120uM, Kd(ambenonium kinetics)=930+/-120uM, Ki=1.4+/-0.2mM
2aoi  1.40  2006  Kd=96.7uM     // 2aof.pdf (11-mer) Kd=96.7+/-12.3uM
2exg   NMR  2006  Kd~50uM       // 2exg.pdf (STF)
2cer  2.29  2006  Ki<=0.6nM     // 2cer.pdf (PGI)
2cf8  1.30  2006  Ki=0.008uM    // 2cf8.pdf (ESH)
2cf9  1.79  2006  Ki=0.015uM    // 2cf9.pdf (348)
2f0z  2.80  2006  Ki=0.017mM    // 2f0z.pdf (ZMR) ligand is Zanamivir (compound 1)
2aoe  1.54  2006  Ki=0.024uM    // 2aoe.pdf (0Q4)
2d1o  2.02  2006  Ki=0.02uM     // 2d1o.pdf (FA4)
2hh5  1.80  2006  Ki=0.032uM    // 2hh5.pdf (GNQ) redundant to 2hhn
2f7o  1.43  2006  Ki=0.036uM    // 2f7o.pdf (MSN)
2f81  1.25  2006  Ki=0.03nM     // 2f81.pdf (017)
2fzz  2.20  2006  Ki=0.03nM     // 2fzz.pdf (5QC)
2f9u  2.60  2006  Ki=0.041uM    // 2f9u.pdf (5NH) covalent complex
2i3h  1.62  2006  Ki=0.04uM     // 2i3h.pdf (4-mer)
2i3i  2.30  2006  Ki=0.05uM     // 2i3i.pdf (618)
2a4g  2.50  2006  Ki=0.066uM    // 2a4g.pdf (UNH) covalent complex
2a4q  2.45  2006  Ki=0.066uM    // 2a4q.pdf (FNH) covalent complex
2bq6  3.00  2006  Ki=0.07nM     // 2bq6.pdf (IIB)
2bz6  1.60  2006  Ki=0.081uM    // 2bz6.pdf (346)
1zsf  1.98  2006  Ki=0.12nM     // 1zsf.pdf (0ZS)
2d3u  2.00  2006  Ki=0.12uM     // 2d3u.pdf (CCT)
1zsr  2.06  2006  Ki=0.15nM     // 1zsr.pdf (0ZT) redundant to 1zsf
2b1i  2.02  2006  Ki=0.15uM     // 2b1g.pdf (93A) ligand is compound 3, include AICAR transformylase and IMP cyclohydrolase
2d41  2.10  2006  Ki=0.15uM     // 2d41.pdf (SNH)
2g00  2.10  2006  Ki=0.18nM     // 2g00.pdf (4QC)
1z6e  1.80  2006  Ki=0.19nM     // 1z6e.pdf (IK8)
2i0g  2.50  2006  Ki=0.19nM     // 2i0g.pdf (I0G)
2b1g  2.10  2006  Ki=0.23uM     // 2b1g.pdf (13A) ligand is compound 2, include AICAR transformylase and IMP cyclohydrolase
2d3z  1.80  2006  Ki=0.23uM     // 2d3z.pdf (FIH)
2f7p  1.28  2006  Ki=0.249uM    // 2f7p.pdf (2SK)
2hwg  2.70  2006  Ki=0.28mM     // 2hwg.pdf (OXL)
2jbj  2.19  2006  Ki=0.2nM      // 2jbj.pdf (G88)
2f10  2.90  2006  Ki=0.33mM     // 2f10.pdf (BCZ) ligand is compound 3, Peramivir
2bzz  0.98  2006  Ki=0.37uM     // 2bzz.pdf (AP5)
2fqo  1.87  2006  Ki=0.37uM     // 2fqo.pdf (HYI)
2g94  1.86  2006  Ki=0.3nM      // 2g94.pdf (ZPQ)
2gvj  2.10  2006  Ki=0.3nM      // 2gvj.pdf (DGB)
2hoc  2.10  2006  Ki=0.3nM      // 2hoc.pdf (1CN) ligand is compound 16
2f9b  2.54  2006  Ki=0.3uM      // 2f9b.pdf (N1H)
2h4g  2.50  2006  Ki=0.3uM      // 2h4g.pdf (694)
2aqu  2.00  2006  Ki=0.48nM     // 2aqu.pdf (DR7)
2jbk  2.99  2006  Ki=0.4uM      // 2jbj.pdf (QUS)
2aog  1.10  2006  Ki=0.53uM     // 2aog.pdf (2NC)
2avv  1.50  2006  Ki=0.55nM     // 2avv.pdf (MK1) redundant to 1sdt
1w6h  2.24  2006  Ki=0.5nM      // 1w6h.pdf (TIT) ligand is compound 5, TIT1330
1zvx  1.87  2006  Ki=0.6nM      // 1zvx.pdf (FIN)
2fqt  1.79  2006  Ki=0.72uM     // 2fqt.pdf (H1D)
2g5t  2.30  2006  Ki=0.82nM     // 2g5t.pdf (ACF) covalent complex
2i0d  1.95  2006  Ki=0.8pM      // 2i0d.pdf (MUT)
2ewb  1.85  2006  Ki=0.8uM      // 2ewb.pdf (ZED)
2i03  2.40  2006  Ki=1.0nM      // 2i03.pdf (AXD) covalent complex
2ien  1.30  2006  Ki=1.0nM      // 2ien.pdf (017) redundant to 3tkw; binding data so different from 3tkw
2fhy  2.95  2006  Ki=1.1uM      // 2fhy.pdf (A37) IC50=6.6uM
2h5i  1.69  2006  Ki=1.3nM      // 2h5i.pdf (5-mer) covalent complex
2idw  1.10  2006  Ki=1.3nM      // 2idw.pdf (017)
2avo  1.10  2006  Ki=1.40nM     // 2avo.pdf (MK1)
1yz3  2.40  2006  Ki=1.55nM     // 1yz3.pdf (SKA)
2b1v  1.80  2006  Ki=1.8uM      // 2b1v.pdf (458)
2flb  1.95  2006  Ki=1.8uM      // 2flb.pdf (6NH)
2d2v  2.50  2006  Ki=100mM      // 2b1q.pdf (MAL) maltose
2gvd  2.90  2006  Ki=100nM      // 2gvd.pdf (128) Ki=100+/-30nM, Ki=81+/-27nM in presence of G alpha s
2b1r  2.20  2006  Ki=101mM      // 2b1q.pdf (CBI) cellobiose
2g8r  1.70  2006  Ki=103uM      // 2g8r.pdf (N3E)
2hds  1.16  2006  Ki=10mM       // 2hds.pdf (4MB)
1ypg  1.80  2006  Ki=10nM       // 1ypg.pdf (UIR)
2anl  3.30  2006  Ki=110nM      // 2anl.pdf (JE2)
2fpz  2.00  2006  Ki=110uM      // 2fpz.pdf (270)
2e1w  2.50  2006  Ki=11nM       // 2e1w.pdf (FR6)
2h5j  2.00  2006  Ki=12.4nM     // 2h5j.pdf (5-mer) covalent complex
2gvv  1.73  2006  Ki=125uM      // 2gvv.pdf (DI9)
1zfk  1.56  2006  Ki=12nM       // 1zfk.pdf (NR2) ligand is compound 3
2gbf  3.10  2006  Ki=12nM       // 2gbf.pdf (AIA) covalent complex
2aoc  1.30  2006  Ki=13.0uM     // 2aoc.pdf (2NC)
2clx  1.80  2006  Ki=13.3uM     // 2clx.pdf (F18) IC50=3.5uM
2gvz  3.27  2006  Ki=130nM      // 2gvd.pdf (ONA) Ki=130+/-11nM, Ki=14+/-3.7nM in presence of G alpha s
2c6n  3.00  2006  Ki=131.5nM    // 2c6n.pdf (LPR) ligand is lisinopril
2gv7  2.20  2006  Ki=14nM       // 2gv7.pdf (672)
2a4r  2.40  2006  Ki=15nM       // 2a4r.pdf (BNH) covalent complex
2j34  2.01  2006  Ki=15nM       // 2j34.pdf (GS6)
2hb1  2.00  2006  Ki=160uM      // 2hb1.pdf (512)
2hd6  1.80  2006  Ki=16nM       // 2hd6.pdf (BOS)
2i19  2.28  2006  Ki=16nM       // 2i19.pdf (1BY)
2ajd  2.56  2006  Ki=16pM       // 2ajd.pdf (BPR) covalent complex; X-ray(porcine DPIV); Ki(human DPIV); B-containing
2dua  2.00  2006  Ki=17uM       // 2dua.pdf (OXL)
2bmg  2.70  2006  Ki=18nM       // 2bmg.pdf (I1H)
2am4  1.70  2006  Ki=190uM      // 2am4.pdf (U2F)
2f94  1.94  2006  Ki=195nM      // 2f94.pdf (BFQ) ligand is compound 6(ibandronate); time-Dependent IC50 initial 1052nM to final 25.4nM
2fzc  2.10  2006  Ki=1990uM     // 2fzc.pdf (EOP) IC50=200uM; Ki=2160uM (for substrate CP); Ki=1990uM (for substrate Asp)
2hdr  2.20  2006  Ki=19mM       // 2hdr.pdf (4A3)
2j4i  1.80  2006  Ki=1nM        // 2j4i.pdf (GSJ)
2f8g  1.22  2006  Ki=2.0nM      // 2f8g.pdf (017)
2avm  1.10  2006  Ki=2.0uM      // 2avm.pdf (2NC)
2nw4  3.00  2006  Ki=2.11nM     // 2nw4.pdf (8NH) Ki=2.11+/-0.16nM, EC50(C2C12)=0.44+/-0.03nM, EC50(PEC)=8.66+/-0.22nM
2aod  1.40  2006  Ki=2.17uM     // 2aod.pdf (2NC)
2an5  2.50  2006  Ki=2.1uM      // 2an5.pdf (TTL)
2c4v  2.50  2006  Ki=2.5mM      // 2c4v.pdf (CIT)
2i0j  2.90  2006  Ki=2.68nM     // 2i0j.pdf (I0G)
2iuz  1.95  2006  Ki=2.8uM      // 2iuz.pdf (D1H)
2bvr  1.25  2006  Ki=200uM      // 2bvr.pdf (4CP)
2fx6  1.57  2006  Ki=200uM      // 2fx6.pdf (270)
2c4w  1.55  2006  Ki=20uM       // 2c4w.pdf (GAJ)
2dw7  2.50  2006  Ki=20uM       // 2dw7.pdf (SRT)
2cn0  1.30  2006  Ki=22nM       // 2cn0.pdf (F25) Ki for racemic ligand
2fzk  2.50  2006  Ki=250uM      // 2fzk.pdf (EOZ) IC50=79uM; Ki=250uM (for substrate CP); Ki=310uM (for substrate Asp)
2fs8  2.50  2006  Ki=25nM       // 2fs8.pdf (C3A) covalent complex
2fxr  2.50  2006  Ki=25nM       // 2fxr.pdf (C3A) covalent complex
2gsu  2.00  2006  Ki=260uM      // 2gsu.pdf (AMP)
2b1q  2.20  2006  Ki=26mM       // 2b1q.pdf (TRE) trehalose
2fdp  2.50  2006  Ki=26nM       // 2fdp.pdf (FRP)
2avs  1.10  2006  Ki=27.0nM     // 2avs.pdf (MK1)
2i3v  2.40  2006  Ki=282nM      // 2i3v.pdf (GLU) redundant to 2xxr
2f1g  1.90  2006  Ki=29nM       // 2f1g.pdf (GNF)
2b7d  2.24  2006  Ki=2nM        // 2b7d.pdf (C1B)
2bvx  3.20  2006  Ki=2nM        // 2bvx.pdf (5CB) Structure of ligand is different from reference
2i0e  2.60  2006  Ki=2nM        // 2i0e.pdf (PDS) IC50=17nM
2i3z  2.90  2006  Ki=2nM        // 2i3z.pdf (LIR) Ki=2nM (0% plasma); Ki=600nM (18% plasma)
2f2h  1.95  2006  Ki=2uM        // 2f2h.pdf (XTG)
2ajb  2.75  2006  Ki=3.14uM     // 2ajb.pdf (0QG) covalent complex
2ieo  1.53  2006  Ki=3.2nM      // 2ieo.pdf (017) redundant to 2hs1
2ihq  2.00  2006  Ki=3.2nM      // 2ihq.pdf (LG7)
2h4k  2.30  2006  Ki=3.2uM      // 2h4k.pdf (509)
2ioa  2.80  2006  Ki=3.2uM      // 2ioa.pdf (GGA) Ki*=7.8nM
2hs1  0.84  2006  Ki=3.3nM      // 2hs1.pdf (017)
2aez  3.05  2006  Ki=3.5mM      // 2ade.pdf (DQR) for native 1-FEH IIa, Ki=5.9mM. for mutant Ki=3.5mM, data not shown
2g5p  2.40  2006  Ki=3.8nM      // 2g5p.pdf (ADF) covalent complex
2j47  1.98  2006  Ki=3.9uM      // 2j47.pdf (GDV)
1zfq  1.55  2006  Ki=30nM       // 1zfq.pdf (ZEC) ligand is compound 21
2f89  2.60  2006  Ki=331nM      // 2f89.pdf (210) ligand is compound 2, pamidronate. Time-Dependent Inhibition IC50 initial 1932nM to final 353nM
2c57  3.10  2006  Ki=370uM      // 2c57.pdf (FA1)
2ivu  2.50  2006  Ki=375nM      // 2ivu.pdf (ZD6)
2isw  1.75  2006  Ki=37nM       // 2isv.pdf (PGH) Ki=37+/-2nM
2isv  2.30  2006  Ki=37nM       // 2isv.pdf (PGH) Ki=37+/-2nM; redundant to 2isw
2cmo  2.65  2006  Ki=394nM      // 2cmo.pdf (M1L) X-ray(S-NS1209); Ki(RS-NS1209)
2boh  2.20  2006  Ki=3nM        // 2boh.pdf (IIA)
2bqw  2.95  2006  Ki=3nM        // 2bqw.pdf (IIE)
2bxt  1.83  2006  Ki=3nM        // 2bxt.pdf (C2D) ligand structure is different in reference
2fs9  2.30  2006  Ki=3nM        // 2fs9.pdf (C4A) covalent complex
2fvd  1.85  2006  Ki=3nM        // 2fvd.pdf (LIA)
2gbi  3.30  2006  Ki=3nM        // 2gbi.pdf (XIH)
2hb3  1.35  2006  Ki=4.5pM      // 2hb3.pdf (GRL)
2hs2  1.22  2006  Ki=4.9nM      // 2hs2.pdf (017) redundant to 2hs1
2hdq  2.10  2006  Ki=40mM       // 2hdq.pdf (C21)
1y3g  2.10  2006  Ki=40nM       // 1y3g.pdf (3-mer)
2j9h  2.40  2006  Ki=410uM      // 2j9h.pdf (GTX) Ki=410+/-26uM , Midpoint concentration 0.06+/-0.01M
2hzy  1.35  2006  Ki=41nM       // 2hzy.pdf (DHJ) ligand is compound 1; Ki=41+/-0.4nM
2avq  1.30  2006  Ki=41uM       // 2avq.pdf (2NC)
2fzg  2.25  2006  Ki=420uM      // 2fzg.pdf (EOB) IC50=86uM; Ki=420uM (for substrate CP); Ki=420uM (for substrate Asp)
2aw1  1.46  2006  Ki=43nM       // 2aw1.pdf (COX)
2gv6  2.10  2006  Ki=46nM       // 2gv6.pdf (730)
2j2u  1.90  2006  Ki=47nM       // 2j2u.pdf (GSQ)
2i0a  1.80  2006  Ki=4pM        // 2i0a.pdf (MUI)
2i80  2.19  2006  Ki=4uM        // 2i80.pdf (G1L)
2cbj  2.35  2006  Ki=5.4nM      // 2cbi.pdf (OAN) Ki(hOGA-OAN)=70nM for a homologue
1zge  1.65  2006  Ki=50nM       // 1zge.pdf (SDA) ligand is compound 9
2aq9  1.80  2006  Ki=50nM       // 2aq9.pdf (15-mer) IC50=60+/-9nM(1uM acyl-ACP); IC50=730+/-107nM(100uM acyl-ACP); incomplete ligand
2ceq  2.14  2006  Ki=53nM       // 2ceq.pdf (GIM)
1zky  2.25  2006  Ki=560nM      // 1zky.pdf (689)
2gbg  3.00  2006  Ki=56nM       // 2gbg.pdf (1AD) covalent complex
2fai  2.10  2006  Ki=570nM      // 2fai.pdf (459)
2gmk  1.65  2006  Ki=590uM      // 2gmk.pdf (AMP) Ki=590+/-20uM; IC50=2.5uM
2hdu  1.49  2006  Ki=5mM        // 2hdu.pdf (F12)
2ff1  2.07  2006  Ki=6.2nM      // 2ff1.pdf (IMH)
2ff2  2.20  2006  Ki=6.2nM      // 2ff2.pdf (IMH) redundant to 2ff1
2h5d  0.90  2006  Ki=6.4nM      // 2h5d.pdf (5-mer) B-containing
2h65  2.30  2006  Ki=6.5nM      // 2h65.pdf (6-mer) covalent complex
2f80  1.45  2006  Ki=6.6nM      // 2f80.pdf (017)
2g63  2.00  2006  Ki=6.7nM      // 2g63.pdf (AAF) covalent complex
2hnc  1.55  2006  Ki=60nM       // 2hnc.pdf (1SA) ligand is compound 13
2aj8  2.11  2006  Ki=638nM      // 2aj8.pdf (SC3)
2g8n  2.15  2006  Ki=63nM       // 2g8n.pdf (F83)
1z9y  1.66  2006  Ki=65nM       // 1z9y.pdf (FUN) ligand is compound 7
2cji  2.10  2006  Ki=6nM        // 2cji.pdf (GSK)
2hxm  1.30  2006  Ki=6uM        // 2hxm.pdf (302)
1zs0  1.56  2006  Ki=700nM      // 1zs0.pdf (EIN)
2bxu  2.80  2006  Ki=70nM       // 2bxu.pdf (C1D) in PDB database, not aromatic cycle
1yp9  2.10  2006  Ki=7700nM     // 1yp9.pdf (UIZ)
2d1n  2.37  2006  Ki=7nM        // 2d1n.pdf (FA4)
2fm2  2.70  2006  Ki=7nM        // 2fm2.pdf (3BC) covalent complex
2bvs  1.40  2006  Ki=80uM       // 2bvs.pdf (2CE)
2f9k  2.06  2006  Ki=85.9nM     // 2f9k.pdf (ZOL) ligand is compound 7(zoledronate); time-Dependent inhibition; Ki or IC50 increase 100 folds
2bq7  2.20  2006  Ki=89nM       // 2bq7.pdf (IID)
1ype  1.81  2006  Ki=8nM        // 1ype.pdf (UIP)
1w7g  1.65  2006  Ki=8uM        // 1w7g.pdf (MIU) Ki=8~18uM
2c02  2.00  2006  Ki=92uM       // 2c02.pdf (ADP) redundant to 1hi5
1ypj  1.78  2006  Ki=95nM       // 1ypj.pdf (UIB)
2in6  1.90  2007  IC50=0.023uM  // 2in6.pdf (839) ligand is compound 59
2j4a  2.20  2007  IC50=0.025nM  // 2j4a.pdf (OEF) ligand is compound 5, -logIC50=10.6
2io6  2.20  2007  IC50=0.030uM  // 2in6.pdf (330) ligand is compound 18
2uzn  2.30  2007  IC50=0.03uM   // 2uzb.pdf (C96)
2obj  2.50  2007  IC50=0.05uM   // 2obj.pdf (VRV)
2hwp  2.48  2007  IC50=0.073uM  // 2hwo.pdf (DJK) ligand is compound 2, S345C
2duv  2.20  2007  IC50=0.087uM  // 2duv.pdf (371) ligand is compound 15a
2hwo  2.50  2007  IC50=0.126uM  // 2hwo.pdf (RBS) ligand is compound 4, S345C
2p3g  3.80  2007  IC50=0.126uM  // 2p3g.pdf (F10)
2uzb  2.70  2007  IC50=0.12uM   // 2uzb.pdf (C75)
2r9s  2.40  2007  IC50=0.15uM   // 2r9s.pdf (255) ligand is compound 16a; IC50=0.15+/-0.02uM
2jdt  2.15  2007  IC50=0.17uM   // 2jdt.pdf (I5S) PKA-PKB-1, IC50 for PKB- beta -I5S complex is 0.23uM
2uzd  2.72  2007  IC50=0.18uM   // 2uzb.pdf (C85)
2rjp  2.80  2007  IC50=0.1uM    // 2rjp.pdf (886)
2va7  2.20  2007  IC50=0.20uM   // 2va5.pdf (C27) measured by FRET
2of2  2.00  2007  IC50=0.21uM   // 2of2.pdf (547)
2jdo  1.80  2007  IC50=0.23uM   // 2jdo.pdf (I5S) polymer2:GLYCOGEN SYNTHASE KINASE-3 BETA   EC.No.2.7.11.26
2pgj  1.71  2007  IC50=0.26mM   // 2pgj.pdf (N1C)
2pgl  1.76  2007  IC50=0.26mM   // 2pgj.pdf (N1C) incorrect data [protein in crystal is E226Q mutant]
2uw6  2.23  2007  IC50=0.28uM   // 2uw3.pdf (GVO) (S)-enantiomer IC50=0.28+/-0.03uM
3b8z  1.40  2007  IC50=0.29uM   // 3b8z.pdf (294)
1vsn  2.00  2007  IC50=0.2nM    // 1vsn.pdf (NFT) ligand is compound 23, ligand difference: CN -> CH2NH2
2ofv  2.00  2007  IC50=0.2nM    // 2ofv.pdf (242)
2gdo  3.00  2007  IC50=0.32nM   // 2gdo.pdf (12C) ligand is compound 11
2o64  2.44  2007  IC50=0.34uM   // 2o3p.pdf (MYU)
2ohv  2.50  2007  IC50=0.35uM   // 2ohv.pdf (NHL) IC50=0.1ug/mL, MW=287.31
2fw3  2.50  2007  IC50=0.38uM   // 2fw3.pdf (BUI) ligand is compound ST1326
2oj9  2.00  2007  IC50=0.39uM   // 2oj9.pdf (BMI)
2hog  1.90  2007  IC50=0.3nM    // 2hog.pdf (710) ligand is compound 21, IC50(Cdk7)=56nM, EC50(CEA)=690nM
2pvw  1.71  2007  IC50=0.3nM    // 2or4.pdf (G88)
2q6b  2.00  2007  IC50=0.3nM    // 2q6b.pdf (HR2)
2off  2.20  2007  IC50=0.3uM    // 2off.pdf (OFF)
2owb  2.10  2007  IC50=0.44uM   // 2ou7.pdf (626)
2qpj  2.05  2007  IC50=0.45uM   // 2qpj.pdf (I20)
2uyi  2.10  2007  IC50=0.48uM   // 2pg2.pdf (K02) ligand is in the KSP allosteric binding site
2v10  3.10  2007  IC50=0.4nM    // 2v0z.pdf (C61)
2e98  1.90  2007  IC50=0.59uM   // 2e8t.pdf (B29)
2og8  2.30  2007  IC50=0.5nM    // 2ofv.pdf (1N8)
2uzl  2.40  2007  IC50=0.61uM   // 2uzb.pdf (C94)
2gmv  2.30  2007  IC50=0.63uM   // 2gmv.pdf (UN8) ligand is compound 16, IC50=0.63+/-0.14uM
2p98  1.70  2007  IC50=0.64uM   // 2p98.pdf (YE7) IC50=0.64uM at 5uM Mn; IC50=4.31uM at 100uM Mn
2hy0  1.70  2007  IC50=0.65nM   // 2hxl.pdf (306) ligand is compound 22, IC50 is tested at 0.1mM ATP. EC50(cell)=97nM
2o65  2.85  2007  IC50=0.65uM   // 2o3p.pdf (MYF)
2ozr  2.30  2007  IC50=0.67nM   // 2ow9.pdf (GG1)
2va6  2.50  2007  IC50=0.67uM   // 2va5.pdf (H24) IC50=0.67uM in SPR assay; IC50=0.38uM in FRET assay; IC50=0.28uM in IGEN assay
2e99  2.00  2007  IC50=0.69uM   // 2e8t.pdf (B08)
2v0z  2.20  2007  IC50=0.6nM    // 2v0z.pdf (C41)
3b2w  2.30  2007  IC50=0.6nM    // 3b2w.pdf (9NH)
2uue  2.06  2007  IC50=0.74uM   // 2uue.pdf (MTZ) superseded by 2uue
2o63  2.00  2007  IC50=0.78uM   // 2o3p.pdf (MYC)
2g9r  2.07  2007  IC50=0.84uM   // 2g9q.pdf (G27) IC50(rabbit muscle)=0.84+/-0.13uM
2g9u  2.15  2007  IC50=0.84uM   // 2g9u.pdf (G27) ligand is compound 8
2q1j  1.90  2007  IC50=0.8nM    // 2q1j.pdf (FXI)
2pzi  2.40  2007  IC50=0.8uM    // 2pzi.pdf (AXX)
2e9a  2.10  2007  IC50=0.91uM   // 2e8t.pdf (B28)
2o48  2.59  2007  IC50=0.97uM   // 2o48.pdf (AC6)
2i6a  2.20  2007  IC50=0.9nM    // 2i6a.pdf (5I5) ligand is compound 1, IC50=0.9+/-0.1nM
2v12  3.20  2007  IC50=0.9nM    // 2v0z.pdf (C39)
2r0u  1.90  2007  IC50=1.0nM    // 2r0u.pdf (M54)
2p99  1.80  2007  IC50=1.16uM   // 2p98.pdf (YE6)
2e9c  2.05  2007  IC50=1.1uM    // 2e8t.pdf (B75)
2o3p  2.24  2007  IC50=1.1uM    // 2o3p.pdf (QUE)
2o7v  2.30  2007  IC50=1.1uM    // 2o7r.pdf (DEP) Ligand structure has missing atoms (covalent inhibition)
2g9v  2.15  2007  IC50=1.21uM   // 2g9q.pdf (IFM) IC50(rabbit muscle)=1.21+/-0.18uM, phosphated of sites
2uzv  2.50  2007  IC50=1.36uM   // 2uzv.pdf (SS5) ligand is compound 13au, IC50=1360nM
2e9d  2.50  2007  IC50=1.3uM    // 2e8t.pdf (B76)
2jbl  2.40  2007  IC50=1.3uM    // 2jbl.pdf (SMA)
2ooh  1.85  2007  IC50=1.3uM    // 2ooh.pdf (OX3)
2ork  1.89  2007  IC50=1.4mM    // 2orj.pdf (IPD)
2ghg  3.50  2007  IC50=1.5nM    // 2ghg.pdf (A53) Z:E>98:1, MTT(F5.12-Akt)IC50=0.2nM. ligand: C=C->C-C
2r9m  1.97  2007  IC50=1.5nM    // 2r9m.pdf (Y11) ligand is compound 1
2qe5  2.60  2007  IC50=1.64uM   // 2qe2.pdf (617)
2q2y  2.50  2007  IC50=1.6nM    // 2q2y.pdf (MKR)
2q7m  4.25  2007  IC50=1.6nM    // 2q7m.pdf (2CS) ligand is compound MK-0591
2p3o  2.76  2007  IC50=1.7mM    // 2p3l.pdf (GTA) IC50=1.7mM for 7MeGpppAC4; IC50=2.52mM for 7MeGpppAC5
2pg2  1.85  2007  IC50=1.7uM    // 2pg2.pdf (K01) ligand is in the KSP allosteric binding site
2veu  2.40  2007  IC50=100nM    // 2veu.pdf (IZ1) pNPP enzyme activity assay. compound 4A
2ohr  2.25  2007  IC50=100uM    // 2ohp.pdf (8IP)
2qcg  1.75  2007  IC50=100uM    // 2qcd.pdf (5BU)
2p4i  2.50  2007  IC50=10nM     // 2p2h.pdf (MR9) Protein synonym: tyrosine-protein kinase receptor tie-2
2qcn  1.85  2007  IC50=10uM     // 2qcd.pdf (U5P)
2gh6  2.20  2007  IC50=11.19uM  // 2gh6.pdf (CF3) IC50=11.19+/-2.50uM
2ieh  2.70  2007  IC50=110nM    // 2ieh.pdf (MOY)
2ojf  2.10  2007  IC50=110nM    // 2oh0.pdf (4PY)
2hiz  2.50  2007  IC50=112nM    // 2hiz.pdf (LIJ) ligand is compound 32, IC50(Cat-D)=67nM
2e2b  2.20  2007  IC50=11nM     // 2e2b.pdf (406) ligand is compound 8 INNO-406
2oah  1.80  2007  IC50=11nM     // 2oah.pdf (QIN)
2p83  2.50  2007  IC50=11nM     // 2p83.pdf (MR0)
2qk8  2.40  2007  IC50=12.2nM   // 2qk8.pdf (MTX)
2q1l  2.05  2007  IC50=12.4nM   // 2q1l.pdf (882) there is a mistake in ref. (confusing compound 2 and 3)
2hxl  1.80  2007  IC50=12nM     // 2hxl.pdf (422)
2qd9  1.70  2007  IC50=13nM     // 2qd9.pdf (LGF)
2hxq  2.00  2007  IC50=144nM    // 2hxl.pdf (373)
2gfj  1.80  2007  IC50=150uM    // 2fu7.pdf (_VI)
2ou7  2.40  2007  IC50=155uM    // 2ou7.pdf (ANP)
2o5k  3.20  2007  IC50=15nM     // 2o5k.pdf (HBM)
2o7n  1.75  2007  IC50=15nM     // 2o7n.pdf (2O7) in vitro assay at cellular level; binding data confirmed
3bi6  2.20  2007  IC50=15nM     // 3bi6.pdf (396) ligand is compound 24
2hb9  1.75  2007  IC50=15uM     // 2fu7.pdf (L13)
2ilp  1.90  2007  IC50=15uM     // 2ilp.pdf (GB5) 4-chlorocinnamic hydroxamate
2q6c  2.00  2007  IC50=16.7nM   // 2q6b.pdf (HR1)
2oph  2.40  2007  IC50=16nM     // 2oph.pdf (277) IC50=16nM (DPP-4, 0% HS); IC50=40nM (DPP-4, 50% HS)
2hyy  2.40  2007  IC50=170nM    // 2hyy.pdf (STI) IC50(WT-Abl)=170+/-23nM, IC50(Bcr-Abl)=231+/-43nM
2osc  2.80  2007  IC50=17nM     // 2oo8.pdf (MUH)
2qe2  2.90  2007  IC50=17nM     // 2qe2.pdf (452)
2vex  2.20  2007  IC50=180nM    // 2veu.pdf (IZ4) pNPP enzyme activity assay. compound 4H
2oh0  2.20  2007  IC50=18nM     // 2oh0.pdf (2PY)
2uw7  2.10  2007  IC50=18nM     // 2uw3.pdf (GVP) IC50=18+/-7nM
2pjl  2.30  2007  IC50=190nM    // 2pjl.pdf (047) ligand is compound 1a
2iok  2.40  2007  IC50=1nM      // 2iog.pdf (IOK) ligand is compound 1d, IC50(ER beta )=94nM
2ofu  2.00  2007  IC50=1nM      // 2ofu.pdf (1N9)
2oo8  2.20  2007  IC50=1nM      // 2oo8.pdf (RAJ)
2ow1  2.20  2007  IC50=1nM      // 2ovx.pdf (7MR) incorrect data [protein in crystal is E402Q mutant]
2r6n  1.95  2007  IC50=1nM      // 2r6n.pdf (CKE) covalent inhibition
2rgu  2.60  2007  IC50=1nM      // 2rgu.pdf (356)
2q72  1.70  2007  IC50=2.09mM   // 2q6h.pdf (IXX)
2q2z  3.00  2007  IC50=2.0nM    // 2q2y.pdf (MKK)
2v0c  1.85  2007  IC50=2.1uM    // 2v0c.pdf (ANZ) incorrect data [ligand in crystal is AMP-AN2690 adduct; IC50=2.1uM is for AN2690]
2r3c  1.73  2007  IC50=2.2uM    // 2r3c.pdf (17-mer) incomplete ligand
2qt9  2.10  2007  IC50=2.3nM    // 2qt9.pdf (524)
2gu8  2.20  2007  IC50=2.6nM    // 2gu8.pdf (796) ligand is compound 2aa, IC50(AKT1)=6nM, IC50(AKT2)=23nM
2j2i  1.90  2007  IC50=200nM    // 2j2i.pdf (LY4) ligand is LY333531
2ow0  2.00  2007  IC50=201nM    // 2ovx.pdf (6MR) incorrect data [protein in crystal is E402Q mutant]
2qoh  1.95  2007  IC50=20nM     // 2qoh.pdf (P3Y)
2uw0  2.00  2007  IC50=20nM     // 2uw0.pdf (GVK)
2h9t  2.40  2007  IC50=20uM     // 2h9t.pdf (SVR) Inhibition of alpha Thrombin-induced fibrinogen clotting by SVR, IC50=20uM
2jc0  2.20  2007  IC50=20uM     // 2jc0.pdf (699) filtermat assay using full length 1b enzyme
2rcu  1.78  2007  IC50=210nM    // 2rcu.pdf (BUJ)
2p8s  2.20  2007  IC50=21nM     // 2p8s.pdf (417)
2vcj  2.50  2007  IC50=21nM     // 2vci.pdf (2EQ)
2vci  2.00  2007  IC50=21nM     // 2vci.pdf (2GJ)
2oq6  2.00  2007  IC50=250uM    // 2oq6.pdf (OGA) ligand is compound 19
2q6h  1.85  2007  IC50=250uM    // 2q6h.pdf (CXX)
2qch  1.95  2007  IC50=250uM    // 2qcd.pdf (5IU)
2qoe  2.30  2007  IC50=25nM     // 2qoe.pdf (448)
2jaj  2.00  2007  IC50=25uM     // 2jaj.pdf (D20) NG-DIMETHYLARGININE DIMETHYLAMINOHYDROLASE 1 WITH L-257, IC50<25uM
2ohq  2.10  2007  IC50=25uM     // 2ohp.pdf (7IP)
2ph6  2.00  2007  IC50=27nM     // 2ph6.pdf (712)
2uzo  2.30  2007  IC50=27uM     // 2uzb.pdf (C62)
2hvx  2.60  2007  IC50=29nM     // 2hvx.pdf (DRX) ligand is compound 5f, IC50=29+/-9nM
2hm1  2.20  2007  IC50=2nM      // 2hm1.pdf (LIQ) ligand is compound 13, IC50(Cat-D)=474nM, IC50(HEKcell)=1nM
2ovx  2.00  2007  IC50=2nM      // 2ovx.pdf (4MR) incorrect data [protein in crystal is E402Q mutant]
2uym  2.11  2007  IC50=3.1uM    // 2pg2.pdf (K03) ligand is in the KSP allosteric binding site
2nww  3.20  2007  IC50=3.3uM    // 2nwl.pdf (TB1) IC50=3.3+/-1.5uM, mutations:D37H, K40H, K125H, K132H, K223H, K264H, K368H
2ds1  2.00  2007  IC50=3.4nM    // 2ds1.pdf (1CD) IC50(CDK1)=1.0nM, IC50(CDK4)=6.4nM, IC50(CDK6)=12nM
2oh4  2.05  2007  IC50=3.5nM    // 2oh4.pdf (GIG)
2vev  1.80  2007  IC50=300nM    // 2veu.pdf (IZ2) pNPP enzyme activity assay. compound 4B
2ow9  1.74  2007  IC50=30nM     // 2ow9.pdf (SP6)
2gfk  1.90  2007  IC50=30uM     // 2fu7.pdf (VII)
2h1h  2.40  2007  IC50=30uM     // 2h1f.pdf (AFH) ADP-2F-heptose inhibited WaaC with IC50 around 30uM
2ohm  2.70  2007  IC50=310uM    // 2of0.pdf (8AP)
2gj4  1.60  2007  IC50=319nM    // 2gj4.pdf (2TH) ligand is compound 17, both (+/-) conformations. IC50(cell)=3.6uM
2uw5  2.14  2007  IC50=31nM     // 2uw3.pdf (GVN) (R)-enantiomer IC50=34+/-11nM, (S)-enantiomer IC50=0.28+/-0.03uM
2qcf  1.22  2007  IC50=320uM    // 2qcd.pdf (5FU)
2fvc  2.00  2007  IC50=32nM     // 2fvc.pdf (888) analogue compound 2
2hz0  2.10  2007  IC50=330nM    // 2hyy.pdf (GIN) IC50(WT-Abl)=330+/-113nM, IC50(Bcr-Abl)=565+/-60nM
2nqg  2.04  2007  IC50=333nM    // 2nqg.pdf (NQG) IC50=333+/-95nM
2hz4  2.80  2007  IC50=3425nM   // 2hyy.pdf (4ST) IC50(WT-Abl)=3425+/-1075nM
2pzy  2.90  2007  IC50=34nM     // 2pzy.pdf (B18)
2p2i  2.40  2007  IC50=38nM     // 2p2h.pdf (608)
2poq  2.59  2007  IC50=38uM     // 2poq.pdf (ISD) monkey dimeric DD
2gd8  1.46  2007  IC50=39nM     // 2gd8.pdf (PO1) ligand is compound 21, IC50(steroid sulfatase)=39nM
2v11  3.10  2007  IC50=3nM      // 2v0z.pdf (C80)
2vf6  2.10  2007  IC50=3nM      // 2vf6.pdf (M0N) ligand is compound 4, MINODRONATE
2ohu  2.35  2007  IC50=4.2uM    // 2ohp.pdf (IP7)
2vd7  2.25  2007  IC50=4.2uM    // 2vd7.pdf (PD2) ligand is compound 1
2gqn  1.80  2007  IC50=4.5uM    // 2fq6.pdf (BLP) ligand is compound 1, IC50=4.5+/-0.6uM, ligand is the product.
2qtb  2.25  2007  IC50=4.8nM    // 2qt9.pdf (474)
2jbu  3.00  2007  IC50=400uM    // 2jbu.pdf (12-mer) IC50=400+/-100uM; incomplete ligand
2q8i  2.60  2007  IC50=400uM    // 2q8g.pdf (RDC)
2qcd  2.03  2007  IC50=400uM    // 2qcd.pdf (U5P)
2o9i  2.80  2007  IC50=40nM     // 2o9i.pdf (444) ligand is Compound 1, T0901317, pIC50=7.4
2ohs  2.45  2007  IC50=40uM     // 2ohp.pdf (9IP)
2gm9  2.30  2007  IC50=41nM     // 2gj4.pdf (3TH) ligand is compound 15, both (+/-) conformations. IC50(cell)=0.69uM
2hzn  2.70  2007  IC50=41nM     // 2hyy.pdf (KIN) IC50(WT-Abl)=41nM, IC50(Bcr-Abl)>700nM
2q9n  2.20  2007  IC50=430nM    // 2q9m.pdf (LK5) covalent inhibition
2pvv  2.11  2007  IC50=438uM    // 2or4.pdf (OSE)
2vey  2.20  2007  IC50=43nM     // 2veu.pdf (IZ5) pNPP enzyme activity assay. compound 4I
2qcm  1.67  2007  IC50=450uM    // 2qcd.pdf (JW5)
2uze  2.40  2007  IC50=47uM     // 2uzb.pdf (C95)
2oic  2.40  2007  IC50=4nM      // 2oic.pdf (STU)
2pe2  2.13  2007  IC50=4nM      // 2pe2.pdf (464) PDK1 mediated AKT2 activation assay (cAKT2)
2uw4  2.00  2007  IC50=5.2uM    // 2uw3.pdf (L15) complex PKA-PKB-3, IC50=5.2+/-3.3uM
2os9  1.70  2007  IC50=5.7mM    // 2orj.pdf (INS)
2gde  2.00  2007  IC50=5.7nM    // 2gde.pdf (SN3)
2pix  2.40  2007  IC50=50uM     // 2pio.pdf (FLF) FP screening detects IC50~50uM for FLF
2p33  2.40  2007  IC50=57nM     // 2p33.pdf (J07)
2r8q  1.50  2007  IC50=580uM    // 2r8q.pdf (IBM)
3biz  2.20  2007  IC50=58nM     // 3bi6.pdf (61E) ligand is compound 14
2iqg  1.70  2007  IC50=5nM      // 2iqg.pdf (F2I) ligand is compound 6b
2nv7  2.10  2007  IC50=5nM      // 2nv7.pdf (555) IC50=5+/-2nM, polymer 2: Nuclear receptor coactivator 1, EC. No. 2.3.1.48
2pe1  2.14  2007  IC50=5nM      // 2pe0.pdf (517) PDK1 mediated AKT2 activation assay (cAKT2)
2rfn  2.50  2007  IC50=5nM      // 2rfn.pdf (AM7) IC50=17nM(phosphorylated c-Met); X-ray:unphosphorylated c-Met
2p9a  1.60  2007  IC50=6.56uM   // 2p98.pdf (YE6)
2imb  2.41  2007  IC50=60uM     // 2ilp.pdf (AHL) L-arginine hydroxamate
2q9m  2.05  2007  IC50=62nM     // 2q9m.pdf (LK7) covalent inhibition
2vew  2.00  2007  IC50=64nM     // 2veu.pdf (IZ3) pNPP enzyme activity assay. compound 3I
2p2h  1.95  2007  IC50=68nM     // 2p2h.pdf (994)
2ow2  2.90  2007  IC50=6nM      // 2ovx.pdf (8MR) incorrect data [protein in crystal is E402Q mutant]
2i5f  1.35  2007  IC50=7.5uM    // 2i5c.pdf (5IP) bound ligand to be Ins(1, 2, 3, 5, 6)P5, not IP6
2hzi  1.70  2007  IC50=70nM     // 2hyy.pdf (JIN) IC50(WT-Abl)=70+/-32nM, IC50(Bcr-Abl)=22+/-2nM
2p8h  1.80  2007  IC50=71nM     // 2p8h.pdf (MY9)
3bcn  2.85  2007  IC50=76.25nM  // 2pre.pdf (E64)
2uw8  2.00  2007  IC50=77uM     // 2uw3.pdf (GVQ) IC50=77+/-39.6uM
2nqi  2.04  2007  IC50=784nM    // 2nqg.pdf (NQI) IC50=784+/-130nM
2ywp  2.90  2007  IC50=7nM      // 2ywp.pdf (A42)
2o5d  2.20  2007  IC50=7uM      // 2o5d.pdf (VR1)
2ooz  1.80  2007  IC50=7uM      // 2ooz.pdf (OX5) ligand is compound OXIM6
2jbo  3.10  2007  IC50=8.5nM    // 2jbo.pdf (P4O) form-1, PH4.5
2jbp  3.31  2007  IC50=8.5nM    // 2jbo.pdf (P4O) form-2, PH7.5
2pe0  2.35  2007  IC50=80nM     // 2pe0.pdf (39Z) PDK1 mediated AKT2 activation assay (cAKT2)
2qju  2.90  2007  IC50=80uM     // 2qju.pdf (DSM)
2uw3  2.19  2007  IC50=80uM     // 2uw3.pdf (GVG) complex PKA-PKB-1, IC50=80+/-38uM
2of4  2.70  2007  IC50=81nM     // 2of2.pdf (979)
2ogz  2.10  2007  IC50=84nM     // 2ogz.pdf (U1N)
2va5  2.75  2007  IC50=86uM     // 2va5.pdf (C8C) IC50=86uM in SPR assay; IC50=130uM in FRET assay
2q8g  1.90  2007  IC50=87nM     // 2q8g.pdf (AZX)
2iog  1.60  2007  IC50=8nM      // 2iog.pdf (IOG) ligand is compound 11f, IC50(ER beta )=1231nM, IC50(MCF-7)=42.7nM
2oht  2.30  2007  IC50=9.1uM    // 2ohp.pdf (IP6)
2or4  1.62  2007  IC50=9.5uM    // 2or4.pdf (QUS)
2pcu  1.60  2007  IC50=910uM    // 2pcu.pdf (5-mer)
2ohp  2.25  2007  IC50=94uM     // 2ohp.pdf (6IP)
2no3  3.20  2007  IC50=9nM      // 2no3.pdf (859) JNK1 inhibitor 2b, T183E, Y183E
2z60  1.95  2007  IC50=9nM      // 2qoh.pdf (P3Y)
2v7a  2.50  2007  Kd=0.005uM    // 2v7a.pdf (627) IC50=25nM
2e7l  2.50  2007  Kd=0.029uM    // 2e7l.pdf (9-mer)
2gek  2.40  2007  Kd=0.03uM     // 2gej.pdf (GDP)
2nnv  1.10  2007  Kd=0.03uM     // 2nmx.pdf (M29) Kd=0.03+/-0.001uM, Ki=0.06+/-0.01uM
2uxi  2.50  2007  Kd=0.05uM     // 2uxh.pdf (G50) Kd=0.05+/-0.01uM; two independent binding sites
2pl0  2.80  2007  Kd=0.062uM    // 2pl0.pdf (STI) binding data found in ref. 8
2r5d  1.66  2007  Kd=0.07nM     // 2r3c.pdf (17-mer) IC50=0.25nM
2v8w  2.30  2007  Kd=0.15uM     // 2v8w.pdf (MGO)
2jdu  1.50  2007  Kd=0.19uM     // 2jdu.pdf (MFU) G24N/Me-alpha-Fuc; Kd=0.19+/-0.03uM
2c1q  2.10  2007  Kd=0.1pM      // 2c1q.pdf (BTN)
2p0d  1.81  2007  Kd=0.1uM      // 2p0d.pdf (I3P)
2v00  1.55  2007  Kd=0.22mM     // 2v00.pdf (V15)
2gej  2.60  2007  Kd=0.23uM     // 2gej.pdf (GDD) ligand is GDP-Man; Kd=0.23uM
2oi3   NMR  2007  Kd=0.23uM     // 2oi3.pdf (14-mer) Kd=0.23+/-0.03uM
2jdp  1.30  2007  Kd=0.25uM     // 2jdp.pdf (MFU) S23A/Me-alpha-Fuc; Kd=0.25+/-0.01uM
2jbv  1.86  2007  Kd=0.29mM     // 2jbv.pdf (FAO) covalent complex; Kd=0.29+/-0.01mM
2jdk  1.10  2007  Kd=0.29uM     // 2jdh.pdf (3-mer) ligand 14, Kd(FUC-NAG-T45)=0.29uM
2py4  1.49  2007  Kd=0.2uM      // 2py4.pdf (DUP) Kd=1.6uM for human dUTPase with DUP
2jdh  1.10  2007  Kd=0.31uM     // 2jdh.pdf (3-mer) ligand 11, Kd(FUC)=2.9uM, Kd(FUC-NAG-TA5)=0.31uM
2qki  2.40  2007  Kd=0.39uM     // 2qki.pdf (13-mer)
2nn7  1.85  2007  Kd=0.3uM      // 2nmx.pdf (M29) Kd=0.3+/-0.01uM, Ki=0.1+/-0.02uM
2pfy  1.95  2007  Kd=0.3uM      // 2pfy.pdf (PCA)
2qqs  2.82  2007  Kd=0.40uM     // 2qqs.pdf (10-mer) Kd=0.40+/-0.03uM; incomplete ligand
2hkf  2.01  2007  Kd=0.42uM     // 2hkf.pdf (9-mer)
2qpq  1.92  2007  Kd=0.43uM     // 2qpq.pdf (CIT) Kd=0.43+/-0.07uM
2e27  1.70  2007  Kd=0.45nM     // 2e27.pdf (AB0) ligand is ciguatoxin 3C; Ka=2.22x10+9M-1
2nno  1.01  2007  Kd=0.4uM      // 2nmx.pdf (M28) Kd=0.4+/-0.01uM, Ki=0.8+/-0.06uM
2gfd  2.30  2007  Kd=0.52uM     // 2fxs.pdf (RDA) GRP94 in complex with radamined; Kd=0.52+/-0.13uM
2nxl  2.00  2007  Kd=0.54uM     // 2nxd.pdf (10-mer) Kd=0.54+/-0.20uM; incomplete ligand
2jnw   NMR  2007  Kd=0.78uM     // 2jnw.pdf (14-mer) incomplete ligand
2qx0  1.80  2007  Kd=0.78uM     // 2qx0.pdf (PH2)
2e7f  2.20  2007  Kd=0.79uM     // 2e7f.pdf (C2F) wide type; equilibrium dialysis: Kd=10uM (pH=4.85-8.5); Tryptophan fluorescence quenching: Kd=0.6uM, Kd=2.1uM (pH=7.6); Isothermal calorimetry: Kd=0.79uM (pH=7.6), Kd=0.29uM (pH=5.1)
2p8n  1.94  2007  Kd=0.7mM      // 2p8n.pdf (ADE)
2j3q  2.80  2007  Kd=0.7uM      // 2j3q.pdf (TFL) AChE (E) complexes with ThT (L) at P site, Fluorescence Determinations Kd=0.7+/-0.2uM
2pze  1.70  2007  Kd=0.84uM     // 2pze.pdf (ATP)
2fxs  2.00  2007  Kd=0.87uM     // 2fxs.pdf (RDA) HSP82 in complex with radamined; Kd=0.87+/-0.14uM
2nnd  1.60  2007  Kd=0.87uM     // 2nnd.pdf (PRZ) Kd=0.3uM for wt MUP with IBMP
2nns  1.03  2007  Kd=0.9uM      // 2nmx.pdf (M25) Kd=0.9+/-0.02uM, Ki=0.9+/-0.03uM
2r7g  1.67  2007  Kd=0.9uM      // 2r7g.pdf (10-mer) Kd=0.9+/-0.3uM
2hug   NMR  2007  Kd=1.06uM     // 2hug.pdf (14-mer) Chromo-2 Domain of cpSRP43 complexed with 14-mer cpSRP54 peptide
2z5o  3.20  2007  Kd=1.0uM      // 2z5o.pdf (10-mer) incomplete ligand structure
2joa   NMR  2007  Kd=1.1uM      // 2joa.pdf (7-mer) ligand: ASP-SER-ARG-ILE-TRP-TRP-VAL
2peh  2.11  2007  Kd=1.1uM      // 2peh.pdf (10-mer) Kd=1.1+/-0.01uM
2pv2  1.30  2007  Kd=1.23uM     // 2pv2.pdf (12-mer) Kd=1.23+/-0.15uM
2oqs   NMR  2007  Kd=1.3uM      // 2oqs.pdf (6-mer) peptide ligand is C-terminal HPV-18 E6 peptide (Chain B) [ARG-ARG-GLU-THR-GLN-VAL]
2ph9  2.88  2007  Kd=1.3uM      // 2pgz.pdf (GNT)
2qm7  1.85  2007  Kd=1.3uM      // 2qm7.pdf (GDP) Kd1=1.3+/-0.1uM; Kd2=10+/-3uM
2e5y  1.92  2007  Kd=1.4uM      // 2e5y.pdf (ATP) Kd=1.4uM at 36C; Kd=0.67mM at 65C; protein source: Thermophilic bacterium ps-3; Kd(EF1 epsilon)=22+/-1mM at 25C (protein source: E. coli).
2nn1  1.65  2007  Kd=1.5uM      // 2nmx.pdf (M28) Kd=1.5+/-0.1uM, Ki=2.3+/-0.1uM
2qta  1.85  2007  Kd=1.75uM     // 2qta.pdf (TDP) E401K mutant
2itt  2.73  2007  Kd=1.7nM      // 2itn.pdf (AEE) Kd=1.7+/-0.4nM
2pgz  1.76  2007  Kd=1.8uM      // 2pgz.pdf (COC)
2v25  1.49  2007  Kd=1.9uM      // 2v25.pdf (ASP)
2j6m  3.10  2007  Kd=10.9nM     // 2itn.pdf (AEE) Kd=10.9+/-3.3nM
2q8y  2.00  2007  Kd=102uM      // 2q8y.pdf (9-mer)
2odd   NMR  2007  Kd=109.4uM    // 2odd.pdf (17-mer) Kd=109.4+/-0.4uM; incomplete ligand
2r58  2.00  2007  Kd=10mM       // 2r58.pdf (MLY)
2oiq  2.07  2007  Kd=10uM       // 2oiq.pdf (STI)
2itp  2.74  2007  Kd=11.3nM     // 2itn.pdf (AEE) Kd=11.3+/-1.5nM
2g78  1.70  2007  Kd=120nM      // 2g78.pdf (REA) Kd=120+/-5nM, binding data for retinal; ligand in structure is retinoic acid
2g79  1.69  2007  Kd=120nM      // 2g78.pdf (RET) Kd=120+/-5nM; ligand in structure is retinal
2ito  3.25  2007  Kd=123.6nM    // 2itn.pdf (IRE) Kd=123.6+/-5.9nM
2oei  1.35  2007  Kd=124uM      // 2oei.pdf (9-mer)
2vhj  1.80  2007  Kd=125uM      // 2vhj.pdf (ADP) NTPase P4 PROTEIN S252A MUTANT, Kd=koff/kon=125uM
2pk6  1.45  2007  Kd=13pM       // 2pk5.pdf (O33)
2vhq  2.15  2007  Kd=140uM      // 2vhq.pdf (ATP) Kd=140+/-30uM, NTPase S252A MUTANT IN COMPLEX WITH ATP AND MG2+
2j4k  2.20  2007  Kd=14uM       // 2j4k.pdf (U5P) Kd=14+/-3uM, Ki=17+/-5uM, Kd=70uM in presence of 100uM UTP
2o9a  1.80  2007  Kd=156.2uM    // 2o9a.pdf (PYR) covalent complex;
2jup   NMR  2007  Kd=156uM      // 2jup.pdf (9-mer) incorrect data [ligand in crystal is GLY-PRO-PRO-LEU-ILE-PRO-PRO-PRO-PRO; Kd=156uM is for PPLIPPPP peptide]
2jg0  1.50  2007  Kd=15nM       // 2jf4.pdf (TTZ) ligand is compound 4; Kd=15nM, Ki=9nM
2hr6  1.84  2007  Kd=15uM       // 2hr6.pdf (DUD)
2nsj  2.31  2007  Kd=16.3uM     // 2nsh.pdf (C2R) H45Q mutant; Kd=16.3+/-2.6uM
2clk  1.50  2007  Kd=164uM      // 2cle.pdf (G3H)
2jsd   NMR  2007  Kd=17nM       // 2jsd.pdf (NGH)
2qm9  2.31  2007  Kd=17nM       // 2q9s.pdf (TDZ) Kd value derived from EC50
2dwx  2.55  2007  Kd=180uM      // 2dwx.pdf (13-mer) incomplete ligand
2ov4  2.50  2007  Kd=18uM       // 2ov4.pdf (AQP) Kd1=18uM; Kd2=40uM
2uxu  2.30  2007  Kd=18uM       // 2uxh.pdf (NAR) Kd=18+/-0.3uM
2i4z  2.25  2007  Kd=1978nM     // 2i4j.pdf (DRH) Kd=1978+/-523.5nM
2i4p  2.10  2007  Kd=1978nM     // 2i4j.pdf (DRH) Kd=1978+/-523.5nM, from apo-form soaked for 30 days
2q8h  2.00  2007  Kd=1mM        // 2q8g.pdf (TF4)
2v3u  1.74  2007  Kd=1mM        // 2v3u.pdf (DSN)
2gh9  1.95  2007  Kd=1uM        // 2gh9.pdf (MLR)
2uyq  1.80  2007  Kd=2.1uM      // 2uyq.pdf (SAM)
2z5s  2.30  2007  Kd=2.20uM     // 2z5s.pdf (15-mer) Kd=2.20+/-0.30uM; incomplete ligand
2nxd  2.00  2007  Kd=2.2uM      // 2nxd.pdf (10-mer) Kd=2.2+/-0.3uM; incomplete ligand
2z5t  2.30  2007  Kd=2.40uM     // 2z5s.pdf (15-mer) Kd=2.40+/-0.40uM; incomplete ligand
2r5a  2.30  2007  Kd=2.5mM      // 2r58.pdf (MLZ)
2r5b  2.00  2007  Kd=2.5nM      // 2r3c.pdf (17-mer) IC50=1.9nM; incomplete ligand
2itz  2.72  2007  Kd=2.6nM      // 2itn.pdf (IRE) Kd=2.6+/-0.2nM
2jdn  1.30  2007  Kd=2.78uM     // 2jdn.pdf (MMA) S22A/Me-alpha-Man; Kd=2.78+/-0.14uM
2nmx  1.55  2007  Kd=2.7uM      // 2nmx.pdf (M25) Kd=2.7+/-0.1uM, Ki=2.0+/-0.1uM
2nsl  2.00  2007  Kd=20.9uM     // 2nsh.pdf (C2R) H45N mutant; Kd=20.9+/-1.9uM
2pk5  1.90  2007  Kd=20pM       // 2pk5.pdf (075)
2j9n  1.50  2007  Kd=20uM       // 2j9n.pdf (BEN)
2v5x  2.25  2007  Kd=220nM      // 2v5w.pdf (V5X)
2pem  2.95  2007  Kd=230uM      // 2pem.pdf (7-mer)
2v87  1.80  2007  Kd=25.1uM     // 2v85.pdf (13-mer) Kd=25.1+/-3.5uM; incomplete ligand
2vba  1.36  2007  Kd=25uM       // 2vb8.pdf (P4T)
2vb8  1.52  2007  Kd=25uM       // 2vb8.pdf (TLM)
2nn8  1.35  2007  Kd=260uM      // 2nn8.pdf (LAT)
2hzl  1.40  2007  Kd=270nM      // 2hzl.pdf (PYR) Kd=270+/-20nM
2rly   NMR  2007  Kd=270uM      // 2jup.pdf (8-mer) peptide ligand is PTPPPLPP peptide [PRO-THR-PRO-PRO-PRO-LEU-PRO-PRO]
2hrm  1.70  2007  Kd=278.5uM    // 2hr6.pdf (UC5) measured in the presence of Mg2+
2cle  1.50  2007  Kd=280uM      // 2cle.pdf (F6F)
2clm  1.51  2007  Kd=280uM      // 2cle.pdf (F6F) X-ray(tryptophan synthase in external aldimine state); Kd(internal aldimine state)
2clf  1.70  2007  Kd=280uM      // 2cle.pdf (F6F) redundant to 2cle but in lower resulution
2o9v  1.63  2007  Kd=288uM      // 2o9v.pdf (10-mer) Kd=288+/-21uM
3b50  1.40  2007  Kd=28nM       // 3b50.pdf (SLB) Kd=28+/-1nM
2uyn  1.60  2007  Kd=2mM        // 2uyn.pdf (2KT)
2nwl  2.96  2007  Kd=2nM        // 2nwl.pdf (ASP) Kd=0.002+/-0.002uM, mutations:D37H, K40H, K125H, K132H, K223H, K264H, E368H
2oi9  2.35  2007  Kd=2uM        // 2e7l.pdf (9-mer)
2o3z  2.25  2007  Kd=2uM        // 2o3z.pdf (AI7)
2r0z  2.10  2007  Kd=3.4uM      // 2ipu.pdf (6-mer)
2isc  2.70  2007  Kd=3.8nM      // 2i4t.pdf (223) ligand is compound 3, Ki=3.8+/-0.3pM
2jdm  1.70  2007  Kd=3.96uM     // 2jdm.pdf (MFU) S22A/Me-alpha-Fuc; Kd=3.96+/-0.91uM
2ntf  3.18  2007  Kd=300nM      // 2ntf.pdf (OHM)
2opy  2.80  2007  Kd=30uM       // 2opy.pdf (CO9)
2puy  1.43  2007  Kd=30uM       // 2puy.pdf (10-mer)
2ra6  1.50  2007  Kd=30uM       // 2ra6.pdf (ETY) Kd=14uM for 2-naphthol; Kd=30uM for 4-ethylphenol
2ogy  2.30  2007  Kd=33.2uM     // 2e7f.pdf (C2F) N199A mutant; equilibrium dialysis: Kd=26.5uM (pH=6.1); Tryptophan fluorescence quenching: Kd=21.3uM (pH=7.6); isothermal calorimetry: Kd=33.2uM (pH=5.1)
2jq9   NMR  2007  Kd=33.4uM     // 2jq9.pdf (17-mer) Kd1=33.4+/-0.2uM(20mM Tris-HCl pH 8.0, 100mM NaCl; circles; Kd2=4.61+/-0.02uM (20mM phosphate pH5.5(NMR conditions)); incomplete ligand
2v83  2.40  2007  Kd=33.8uM     // 2v83.pdf (9-mer)
2v86  2.05  2007  Kd=34.6uM     // 2v83.pdf (9-mer)
2v85  2.00  2007  Kd=34.6uM     // 2v85.pdf (12-mer) Kd=34.6+/-5.0uM
2j4q  2.60  2007  Kd=35uM       // 2j4h.pdf (TTP) Kd=35+/-3uM, mutation:E138A
2hj4  1.80  2007  Kd=4.29uM     // 2hj4.pdf (PNZ) Kd=4.29+/-0.2uM
2qhd  1.95  2007  Kd=4.2uM      // 2qhd.pdf (DAO)
2nng  1.20  2007  Kd=4.4uM      // 2nmx.pdf (ZYX) Kd=4.4+/-0.2uM, Ki=8.2+/-0.3uM
2uwd  1.90  2007  Kd=4.5nM      // 2uwd.pdf (2GG) Kd=4.5+/-2.2nM; IC50=21+/-4nM; GI50=78+/-15nM
2gj5  2.40  2007  Kd=4.74nM     // 2gj5.pdf (VD3) Kd=4.74+/-0.37nM (milk beta-lactoglobulin with VD3); Kd=45.67+/-3.12nM (heated beta-lactoglobulin with VD3 )
2hjb  1.85  2007  Kd=40.3uM     // 2hj4.pdf (PZM) Kd=40.3+/-1.7uM
2jqk   NMR  2007  Kd=402uM      // 2jq9.pdf (19-mer) Kd1=402+/-2uM(20mM Tris-HCl pH 8.0, 100mM NaCl; circles; Kd2=273+/-0.2uM(20mM phosphate pH5.5(NMR conditions)); incomplete ligand
2jdy  1.70  2007  Kd=42.9uM     // 2jdy.pdf (MMA) G24N/Me-alpha-Man; Kd=42.9+/-3.12uM
2p09  1.65  2007  Kd=450nM      // 2p05.pdf (ATP)
2iv9  1.90  2007  Kd=46uM       // 2iv9.pdf (12-mer) Kd=46+/-5uM; incomplete ligand
2p0x   NMR  2007  Kd=494nM      // 2p0x.pdf (ATP) C58A
2igw  1.78  2007  Kd=49mM       // 2igv.pdf (2-mer) ligand is GLY-PRO, Kd=49+/-12mM
2v95  1.93  2007  Kd=5.0nM      // 2v95.pdf (HCY)
2pv3  3.39  2007  Kd=5.57uM     // 2pv2.pdf (12-mer) Kd=5.57+/-0.64uM; incomplete ligand
2e2r  1.60  2007  Kd=5.5nM      // 2e2r.pdf (2OH)
2h5e  2.80  2007  Kd=5.6nM      // 2h5e.pdf (GDP)
2igv  1.67  2007  Kd=5.9mM      // 2igv.pdf (2-mer)
2oi2  2.50  2007  Kd=500nM      // 2oi2.pdf (DP6)
2p15  1.94  2007  Kd=50pM       // 2p15.pdf (EZT)
2cli  1.70  2007  Kd=50uM       // 2cle.pdf (F9F)
2cll  1.60  2007  Kd=50uM       // 2cle.pdf (F9F) X-ray(tryptophan synthase in external aldimine state); Kd(internal aldimine state)
2jo9   NMR  2007  Kd=52.1uM     // 2jo9.pdf (9-mer) Kd=52.1+/-2.14uM
2ity  3.42  2007  Kd=53.5nM     // 2itn.pdf (IRE) Kd=53.5+/-1.8nM
2pql  2.20  2007  Kd=53nM       // 2pql.pdf (TSS)
2imd  1.60  2007  Kd=5nM        // 2imd.pdf (GSH) Selenomethione crystal. Ki(TOH,GSH)=130+/-100uM, GSH is substrate. Kd1(GSH)=5nM; Kd2=2-11uM for second GSH; ternary complex
2pll  1.90  2007  Kd=5nM        // 2pll.pdf (ABH)
2q7q  1.60  2007  Kd=5uM        // 2hj4.pdf (C2B)
2o1v  2.45  2007  Kd=5uM        // 2o1u.pdf (ADP)
2nxm  2.25  2007  Kd=6.4uM      // 2nxd.pdf (10-mer) Kd=6.4+/-1.3uM; incomplete ligand
2i4j  2.10  2007  Kd=684.8nM    // 2i4j.pdf (DRJ) Kd=684.8+/-106.8nM
2i6b  2.30  2007  Kd=68nM       // 2i6a.pdf (89I)
2qbx  2.30  2007  Kd=6uM        // 2qbx.pdf (12-mer) Ephrin type-B receptor 2 complex with antagonistic peptide, IC50~15uM; incomplete ligand
2hqu  2.20  2007  Kd=7.2uM      // 2hqu.pdf (DUP) measured by ITC
2ovq  2.60  2007  Kd=70nM       // 2ovp.pdf (12-mer) CycEdegC doubly phosphorylated at Thr380 and Ser384, Kd=70nM
2pv1  1.30  2007  Kd=73nM       // 2pv1.pdf (7-mer)
2jf4  2.20  2007  Kd=7nM        // 2jf4.pdf (VDM) ligand is compound 2; Kd=7nM, Ki=10nM
2r05  2.55  2007  Kd=7uM        // 2r02.pdf (11-mer) Kd=7+/-1uM
2r03  2.59  2007  Kd=7uM        // 2r02.pdf (8-mer) Kd=7+/-7uM
2ipo  2.60  2007  Kd=8.8uM      // 2ipo.pdf (1IP)
2v88  2.00  2007  Kd=82.1uM     // 2v83.pdf (8-mer)
2clh  1.70  2007  Kd=87.6uM     // 2cle.pdf (F19)
2clo  1.50  2007  Kd=87.6uM     // 2cle.pdf (F19) X-ray(tryptophan synthase in external aldimine state); Kd(internal aldimine state)
2r02  2.60  2007  Kd=8uM        // 2r02.pdf (11-mer) Kd=8+/-2uM
2jmj   NMR  2007  Kd=9.1uM      // 2jmj.pdf (10-mer) Kd=9.1+/-1.6uM, ligand: ALA-ARG-THR-M3L-GLN-THR-ALA-ARG-LYS-N-trimethyllysine
2ohl  2.65  2007  Kd=900uM      // 2ohl.pdf (2AQ) ligand is compound 1
2rm0   NMR  2007  Kd=94uM       // 2jup.pdf (9-mer) peptide ligand is PPPLIPPPP peptide [PRO-PRO-PRO-LEU-ILE-PRO-PRO-PRO-PRO]
2ja3  3.05  2007  Kd~100uM      // 2j9l.pdf (ADP)
2j9l  2.30  2007  Kd~100uM      // 2j9l.pdf (ATP)
2e94  2.18  2007  Ki=0.01uM     // 2e8t.pdf (364) IC50=0.03uM
2i2c  1.85  2007  Ki=0.02mM     // 2i2b.pdf (DTA)
2ftd  2.55  2007  Ki=0.041nM    // 2ftd.pdf (ILI) IC50=22nM
2o4j  1.74  2007  Ki=0.08nM     // 2o4j.pdf (VD4)
2p16  2.30  2007  Ki=0.08nM     // 2p16.pdf (GG2)
2e95  2.20  2007  Ki=0.08uM     // 2e8t.pdf (B75) IC50=0.20uM
2uvm  1.94  2007  Ki=0.08uM     // 2uvm.pdf (GVF) Bz(1, 2, 3, 4)P4 binds to the PKB-alpha PH domain, PIC50=6.35, Ki=0.08uM
3bgp  2.80  2007  Ki=0.091uM    // 3bgp.pdf (VX1) ligand is compound 2
2e93  2.12  2007  Ki=0.11uM     // 2e8t.pdf (B29) IC50=0.28uM
2e92  2.31  2007  Ki=0.13uM     // 2e8t.pdf (M0N) IC50=0.34uM
2iu0  2.53  2007  Ki=0.13uM     // 2iu0.pdf (203)
2oxd  2.30  2007  Ki=0.15uM     // 2oxd.pdf (K32)
2ot1  2.05  2007  Ki=0.1mM      // 2ot1.pdf (N3P)
2oxx  2.30  2007  Ki=0.20uM     // 2oxd.pdf (K22)
2j4g  2.25  2007  Ki=0.25uM     // 2j4g.pdf (NB1)
2e91  2.14  2007  Ki=0.26uM     // 2e8t.pdf (ZOL) IC50=0.66uM
2jj3  2.28  2007  Ki=0.28nM     // 2jj3.pdf (JJ3)
2pog  1.84  2007  Ki=0.29nM     // 2pog.pdf (WST)
2nt7  2.10  2007  Ki=0.30uM     // 2nt7.pdf (902) ligand is compound 49g
2oxy  1.81  2007  Ki=0.30uM     // 2oxd.pdf (K17)
2oz5  2.00  2007  Ki=0.33uM     // 2oz5.pdf (7XY) Kd(OMTS1)=73nM, Kd(OMTS2)=1200nM; Ki=0.33+/-0.04uM; IC50=440+/-50nM.
2j27  1.15  2007  Ki=0.3mM      // 2j27.pdf (PGA) Ki=0.3+/-0.1mM
2v3e  2.00  2007  Ki=0.3uM      // 2v3d.pdf (NND)
2p95  2.20  2007  Ki=0.43nM     // 2p93.pdf (ME5)
2z4b  2.34  2007  Ki=0.44nM     // 2q70.pdf (DC8)
2op3  1.60  2007  Ki=0.49uM     // 2op3.pdf (TF5) covalent binding
2o4r  1.98  2007  Ki=0.4nM      // 2o4j.pdf (VD5)
2g9q  2.50  2007  Ki=0.4uM      // 2g9q.pdf (1AB) ligand is different in reference. IC50=1uM in liver cell glycogenolysis. IC50(rabbit muscle)=0.39+/-0.10uM
2o2u  2.45  2007  Ki=0.4uM      // 2o0u.pdf (738)
2qtu  2.53  2007  Ki=0.53nM     // 2qtu.pdf (3AS)
2ok1  2.40  2007  Ki=0.55uM     // 2ojg.pdf (33A)
3bgz  2.40  2007  Ki=0.55uM     // 3bgp.pdf (VX3) ligand is compound 3
2yxj  2.20  2007  Ki=0.5nM      // 2yxj.pdf (N3C) Bcl-xl in complex with ABT-737
2oyl  1.80  2007  Ki=0.5uM      // 2oyk.pdf (IDC)
2v0n  2.71  2007  Ki=0.5uM      // 2v0n.pdf (C2E) IC50=7+/-2uM.
2p94  1.80  2007  Ki=0.67nM     // 2p93.pdf (ME4)
2o7e  1.75  2007  Ki=0.6uM      // 2o78.pdf (PMI) Ki=0.6uM when substrate is L-Phe
2p2a  2.26  2007  Ki=0.75uM     // 2p2a.pdf (MP9)
2z9g  1.86  2007  Ki=0.7uM      // 2z94.pdf (BNZ) incomplete ligand structure, Hg-containing
2flr  2.35  2007  Ki=0.8uM      // 2flr.pdf (7NH) Ki(fXa)=125uM, Ki(fIIa)=71.5uM, Ki(Trypsin)=46.5uM
2ql9  2.14  2007  Ki=0.94nM     // 2ql5.pdf (5-mer) covalent complex; ligand is peptide analogue, AC-DQMD-CHO (chain E)
2q54  1.85  2007  Ki=0.98nM     // 2q54.pdf (MU1)
2hw2  1.45  2007  Ki=1.07mM     // 2hw2.pdf (RFP) Ki=1.07+/-0.35mM
2on3  3.00  2007  Ki=1.0nM      // 2on3.pdf (XAP)
2p4j  2.50  2007  Ki=1.1nM      // 2p4j.pdf (23I)
2onz  2.80  2007  Ki=1.3nM      // 2g70.pdf (TMJ) K57A
2eg7  2.00  2007  Ki=1.3uM      // 2eg7.pdf (OTD) Ki=1.3+/-0.2uM for HDDP
2qlb  2.25  2007  Ki=1.3uM      // 2ql5.pdf (5-mer) covalent complex; ligand is peptide analogue, AC-ESMD-CHO (chain E)
2obf  2.30  2007  Ki=1.4nM      // 2g70.pdf (F83)
2qlf  2.80  2007  Ki=1.4nM      // 2ql5.pdf (5-mer) covalent inhibition; ligand is peptide analogue, AC-DNLD-CHO (chain E) [ACE-ASP-ASN-LEU-ASA]
2oc7  2.70  2007  Ki=1.4uM      // 2obo.pdf (HU4) covalent inhibition; Ki is Ki*
2pu1  1.80  2007  Ki=1.4uM      // 2pty.pdf (FSG) R28K mutant
2z94  1.78  2007  Ki=1.4uM      // 2z94.pdf (TLD)
2hvc  2.10  2007  Ki=1.5nM      // 2hvc.pdf (LGD) ligand is compound 4m (LGD2226), Ki for hAR whole-cell binding
2p93  1.90  2007  Ki=1.5nM      // 2p93.pdf (ME1)
3b7i  1.75  2007  Ki=1.5uM      // 3b3c.pdf (PLU) Ki=1.5+/-0.2uM
2uz6  2.40  2007  Ki=1.7nM      // 2uz6.pdf (17-mer) SOLUBLE ACETYLCHOLINE RECEPTOR complex with ALPHA-CONOTOXIN TXIA(A10L)
2psx  2.30  2007  Ki=1.7uM      // 2psx.pdf (4-mer) covalent complex; ligand is LEUPEPTIN (chain B) [ACE-LEU-LEU-ARG]
2opb  2.80  2007  Ki=1.8nM      // 2g70.pdf (F21) K57A
2uz9  2.30  2007  Ki=1.96uM     // 2uz9.pdf (XAN) ligand is Xanthinec
2i4x  1.55  2007  Ki=1.9pM      // 2i4d.pdf (KGQ) Ki=1.9+/-0.8pM, EC50(MT-2)=0.4+/-0.1nM
2hob  1.95  2007  Ki=1.9uM      // 2hob.pdf (6-mer) covalent complex; Ki=1.9+/-0.1uM, SARS-CoV main protease
2qrl  1.60  2007  Ki=100uM      // 2qrk.pdf (OGA)
3b3c  1.46  2007  Ki=105uM      // 3b3c.pdf (PLU) Ki=105+/-11uM
2hah  1.70  2007  Ki=10nM       // 2hah.pdf (3TL) mutations(I37V, N55M, M56I, I57G, V59I, G62F, K63I, L97T, I98P, Q99V, P100N, L101I); Ki(wt FIV)=41nM
3b92  2.00  2007  Ki=10nM       // 3b92.pdf (440)
2oym  1.86  2007  Ki=10uM       // 2oyk.pdf (MNI)
2qe4  2.40  2007  Ki=11.0nM     // 2jj3.pdf (JJ3)
2v3d  1.96  2007  Ki=116uM      // 2v3d.pdf (NBV)
2oc9  2.59  2007  Ki=11nM       // 2oc4.pdf (IMH)
2p3a  1.75  2007  Ki=11nM       // 2p3a.pdf (3TL)
2q15  2.40  2007  Ki=11nM       // 2q11.pdf (3MR)
3bgq  2.00  2007  Ki=11nM       // 3bgp.pdf (VX2) ligand is compound 1
2o9j  2.65  2007  Ki=120nM      // 2o9j.pdf (CZA)
2oa0  3.40  2007  Ki=120nM      // 2o9j.pdf (CZA)
2cem  1.80  2007  Ki=12nM       // 2cej.pdf (2AH) EC50=0.70uM
2ovv  2.00  2007  Ki=12nM       // 2o8h.pdf (PFH)
2jnp   NMR  2007  Ki=130nM      // 2jnp.pdf (NGH)
2ovz  2.00  2007  Ki=13nM       // 2ovx.pdf (5MR) X-ray(E402Q) while Ki(wild type)
2fle  1.90  2007  Ki=14nM       // 2fle.pdf (AI) ligand is compound PC(9); Ki=14+/-3nM
2oz7  1.80  2007  Ki=14nM       // 2oz7.pdf (CA4) ligand is compound 1, affinity for hAR in Transiently-Transfected COS-1 Cells
2p8o  1.50  2007  Ki=14uM       // 2p8o.pdf (BVA) Ki=16uM?; covalent binding
2uwp  1.75  2007  Ki=154nM      // 2uwp.pdf (894)
2f9v  2.60  2007  Ki=15nM       // 2f9v.pdf (BN6) Ki=0.015uM, ligand difference: C=O -> C-OH
2oc0  2.30  2007  Ki=15nM       // 2obo.pdf (HU1) covalent complex; Ki value is Ki*
2ptz  1.65  2007  Ki=15nM       // 2pty.pdf (PAH) R28K mutant
2pu0  1.90  2007  Ki=15nM       // 2pty.pdf (PAH) R28K mutant; redundant to 2ptz
2jal  1.90  2007  Ki=15uM       // 2jal.pdf (YLL) open ring product
2pwg  2.20  2007  Ki=15uM       // 2pwd.pdf (CTS)
2nta  2.10  2007  Ki=16uM       // 2nt7.pdf (521) ligand is compound 26c
2on6  2.50  2007  Ki=172nM      // 2oc4.pdf (IMH)
2iyf  1.70  2007  Ki=177.3uM    // 2iya.pdf (ERY) fixed UDP-Glc=1mM, oleandomycin inhibition Ki=177.3uM
2g70  2.40  2007  Ki=17nM       // 2g70.pdf (HNT)
2jh6  2.21  2007  Ki=17nM       // 2jh6.pdf (894)
1vso  1.85  2007  Ki=18.98uM    // 1vso.pdf (AT1) Ki=18.98+/-1.31uM for R/S racemic; ligand binding to iGluR5 core
2p3d  2.80  2007  Ki=180nM      // 2p3a.pdf (3TL)
2e2p  2.00  2007  Ki=18uM       // 2e2p.pdf (ADP)
2o1c  1.80  2007  Ki=19uM       // 2o1c.pdf (PPV)
2i4t  2.74  2007  Ki=1nM        // 2i4t.pdf (UA2) ligand is compound 2, Ki=1000pM
2rcx  2.00  2007  Ki=1nM        // 2rcx.pdf (SM4) covalent inhibition
2q55  1.90  2007  Ki=2.04nM     // 2q54.pdf (MU0)
2i4d  1.50  2007  Ki=2.1pM      // 2i4d.pdf (QFI) Ki=2.1+/-0.2pM
2oax  2.29  2007  Ki=2.232nM    // 2oax.pdf (SNL) ligand is spironolactone
2op9  1.80  2007  Ki=2.2uM      // 2op9.pdf (WR1)
2ojg  2.00  2007  Ki=2.3uM      // 2ojg.pdf (19A)
2cej  2.50  2007  Ki=2.4nM      // 2cej.pdf (1AH) EC50=1.1uM
2i4w  1.55  2007  Ki=2.6pM      // 2i4d.pdf (KGQ) Ki=2.6+/-1.5pM, EC50(PBMC)=2.8+/-0.5nM, EC50(MT-2)=3.5+/-1.5nM, EC50(PM-1)=2.2+/-1.4nM
2r5q  2.30  2007  Ki=2.7nM      // 2r5p.pdf (1UN) Ki=2.7+/-0.3nM
2i4u  1.50  2007  Ki=2.7pM      // 2i4d.pdf (DJR) Ki=2.7+/-1.6pM, EC50(PBMC)=1.1+/-0.5nM, EC50(MT-2)=0.6+/-0.4nM, EC50(PM-1)=3.5+/-1.1nM
2np9  2.45  2007  Ki=2.7uM      // 2np9.pdf (YE1) Crotonase superfamily
2onb  2.70  2007  Ki=2.7uM      // 2onb.pdf (7PA) Ki=2.7uM (noncompetitive inhibition at higher PDPA concentrations); Ki=0.26uM (uncompetitive inhibition at low concentrations of PDPA)
2itk  1.45  2007  Ki=20.4nM     // 2itk.pdf (6-mer) Ki=20.4+/-4.3nM
2jew  1.40  2007  Ki=206nM      // 2jew.pdf (720) ligand is compound 21
2psj  1.80  2007  Ki=20nM       // 2psj.pdf (CEI)
2fu8  1.80  2007  Ki=20uM       // 2fu7.pdf (MCO) Ki measured at neutral pH
2ony  2.60  2007  Ki=210nM      // 2g70.pdf (TMJ)
2za3  2.65  2007  Ki=210uM      // 2za3.pdf (U5P) ligand is compound 1, UMP
2h15  1.90  2007  Ki=2135nM     // 2h15.pdf (B19) hCA II in complex with compound 8
2o9r  2.30  2007  Ki=21mM       // 2jie.pdf (TCB)
2uy4  1.75  2007  Ki=21uM       // 2uy3.pdf (AZM) ligand is acetazolamide; Ki=21+/-2uM
2hl4  1.55  2007  Ki=23nM       // 2hl4.pdf (BO1) ligand is compound 1
2z3h  1.50  2007  Ki=23uM       // 1wn6.pdf (BLO) deaminohydroxy blasticidin S
2it4  2.00  2007  Ki=24.1mM     // 2it4.pdf (PPF) Isoform hCA I
2vfz  2.40  2007  Ki=245uM      // 2vfz.pdf (UPF) X-ray(R365K) while Ki(wild type)
2p3c  2.10  2007  Ki=24nM       // 2p3a.pdf (3TL)
2psu  1.93  2007  Ki=24nM       // 2psu.pdf (MUU)
2ihj  2.00  2007  Ki=25.7uM     // 2ihj.pdf (CSF)
3b3x  2.50  2007  Ki=250uM      // 3b3x.pdf (A33) ligand is compound 4
2gvf  2.50  2007  Ki=25nM       // 2gvf.pdf (NHN) ligand is compound 38
2o8h  1.80  2007  Ki=25nM       // 2o8h.pdf (227)
2q80  2.70  2007  Ki=25uM       // 2q80.pdf (GRG)
2jiw  1.95  2007  Ki=26uM       // 2jiw.pdf (BEU)
2r9b  2.80  2007  Ki=271nM      // 2r9b.pdf (8-mer) ligand is peptide-based inhibitor(compound 1); Ki=271+/-26nM
3b3s  1.18  2007  Ki=2800uM     // 3b3s.pdf (LEU)
2oi0  2.00  2007  Ki=28nM       // 2oi0.pdf (283)
2v96  2.40  2007  Ki=29uM       // 2v96.pdf (CFQ)
2jh0  1.70  2007  Ki=2nM        // 2jh0.pdf (701)
2nnq  1.80  2007  Ki=2nM        // 2nnq.pdf (T4B)
2oaz  1.90  2007  Ki=2nM        // 2oaz.pdf (I96) ligand is compound 102, Co2+ hMetAP2b, Ki=2nM, Mn2+ hMetAP2b, Ki=1500nM
2ojj  2.40  2007  Ki=2nM        // 2ojg.pdf (82A)
2uwo  1.75  2007  Ki=2nM        // 2uwo.pdf (701)
2oqi  2.80  2007  Ki=3.2nM      // 2oqi.pdf (GGO)
2o0u  2.10  2007  Ki=3.2uM      // 2o0u.pdf (C0M)
2uy5  1.60  2007  Ki=3.2uM      // 2uy3.pdf (H35) ligand is kinetin; Ki=3.2+/-0.3uM
2p3b  2.10  2007  Ki=3.3nM      // 2p3a.pdf (3TL)
2r5p  2.30  2007  Ki=3.3nM      // 2r5p.pdf (MK1) Ki=3.3+/-0.3nM
2oag  2.30  2007  Ki=3.4nM      // 2oae.pdf (DLI)
2i2b  2.10  2007  Ki=3.6mM      // 2i2b.pdf (CC5) incomplete ligand
2ima  1.94  2007  Ki=300nM      // 2ilp.pdf (GB4) Ki=300+/-12nM
2o4h  2.70  2007  Ki=300nM      // 2o4h.pdf (AS9) Ki  300nM
2eg8  2.20  2007  Ki=31.8uM     // 2eg7.pdf (FOT) Ki=31.8+/-1.6uM for FOA
2g72  2.00  2007  Ki=315nM      // 2g70.pdf (F21)
2cfd  1.60  2007  Ki=32nM       // 2cfd.pdf (R4A) Ki=32+/-1nM
2hhn  1.55  2007  Ki=32nM       // 2hhn.pdf (GNQ) ligand is sulfone analog 37
2r2w  2.01  2007  Ki=34uM       // 2r2w.pdf (4PG)
2g71  2.20  2007  Ki=35nM       // 2g70.pdf (FTS)
2p53  2.10  2007  Ki=35nM       // 2p53.pdf (NNG)
2jh5  2.50  2007  Ki=367nM      // 2jh5.pdf (895)
2cfg  1.55  2007  Ki=36nM       // 2cfg.pdf (R4A) AGAO IN COMPLEX WITH WC4D3, Ki=36+/-2nM
2oxn  1.70  2007  Ki=36nM       // 2oxn.pdf (OAN)
2i72  2.20  2007  Ki=37nM       // 2i72.pdf (VA1) ligand is compound 8, MIC.app=92uM
2pou  1.60  2007  Ki=38nM       // 2pou.pdf (I7A)
2oc2  2.25  2007  Ki=3nM        // 2oc2.pdf (RX3)
2qu6  2.10  2007  Ki=3nM        // 2qu5.pdf (857)
2nnk  1.25  2007  Ki=4.3nM      // 2nmw.pdf (ROC) Ki=4.3+/-0.4nM, mutations(Q506K, L532I, L562I, C566A, I583V, C594A), P21212, redundant to 2nnp
2nnp  1.20  2007  Ki=4.3nM      // 2nmw.pdf (ROC) Ki=4.3+/-0.4nM, mutations(Q506K,L532I,L562I,C566A,I583V,C594A); redundant to 2nmz
2nmy  1.10  2007  Ki=4.3nM      // 2nmw.pdf (ROC) Ki=4.3+/-0.7nM, mutations(Q506K, L532I, L562I, C566A, V581A, C594A), P21212, redundant to 2nmz
2nmz  0.97  2007  Ki=4.3nM      // 2nmw.pdf (ROC) Ki=4.3+/-0.7nM, mutations(Q506K,L532I,L562I,C566A,V581A,C594A), P212121
2glm  2.60  2007  Ki=4.3uM      // 2gll.pdf (SCB) ligand is compound 2, IC50=47.6+/-0.29uM
2oc1  2.70  2007  Ki=4.3uM      // 2obo.pdf (HU2) covalent complex; Ki is Ki*
2qlj  2.60  2007  Ki=4.4uM      // 2ql5.pdf (5-mer) covalent inhibition; ligand is peptide analogue, AC-WEHD-CHO (chain E) [ACE-TRP-GLU-HIS-ASA]
2gkl  1.86  2007  Ki=4.5uM      // 2gkl.pdf (PD2) wild type protein; Ki=4.5+/-0.5uM for 4-PDCA(inhibitor 2)
2j62  2.26  2007  Ki=4.6pM      // 2j62.pdf (GSZ)
2pwd  1.80  2007  Ki=40uM       // 2pwd.pdf (NOJ)
2j95  2.01  2007  Ki=4nM        // 2j94.pdf (GSX) ligand is compound 1b
2ovy  1.80  2007  Ki=4nM        // 2o8h.pdf (PFJ)
2oqv  2.80  2007  Ki=4nM        // 2oqi.pdf (MA9)
2uwl  1.90  2007  Ki=4nM        // 2uwl.pdf (895) ligand is compound 1
2pbw  2.50  2007  Ki=5.56nM     // 1vso.pdf (DOQ) Ki=5.56+/-0.88nM; ligand binding to iGluR5 core
2qft  1.55  2007  Ki=5.5uM      // 2qfq.pdf (GPJ) P101S mutant
2jfz  1.86  2007  Ki=5.8uM      // 2jfn.pdf (003) Ki=5.8+/-0.03uM
2nwn  2.15  2007  Ki=500nM      // 2nwn.pdf (12-mer)
2uxx  2.74  2007  Ki=500uM      // 2uxx.pdf (FAJ) incorrect data [ligand in crystal is FAD-PCNA adduct; Ki(inact)=500uM is for PCNA]
2j94  2.10  2007  Ki=534nM      // 2j94.pdf (G15) ligand is compound 1x
2ql7  2.40  2007  Ki=550nM      // 2ql5.pdf (5-mer) covalent complex; ligand is peptide analogue, AC-IEPD-CHO (chain E)
2qzr  1.95  2007  Ki=55nM       // 2qzr.pdf (S79)
2qrk  1.75  2007  Ki=55uM       // 2qrk.pdf (AMP)
2o4z  2.10  2007  Ki=566nM      // 2o4z.pdf (HSW) ligand is compound 2
2obo  2.60  2007  Ki=57nM       // 2obo.pdf (HUD) covalent inhibition; Ki is Ki*
2psv  1.75  2007  Ki=58nM       // 2psu.pdf (MUV)
2q38  1.95  2007  Ki=5950nM     // 2q38.pdf (LSA) ligand is saccharin
2cen  1.70  2007  Ki=5nM        // 2cej.pdf (4AH) EC50=0.18uM
2q5k  1.95  2007  Ki=5pM        // 2q54.pdf (AB1)
2oyk  1.50  2007  Ki=5uM        // 2oyk.pdf (9MR)
2jds  2.00  2007  Ki=6.3nM      // 2jds.pdf (L20) Ki=160pM for PKB-alpha-L20 complex
2jdv  2.08  2007  Ki=6.3nM      // 2jdv.pdf (L20) PKA-PKB-2, Ki=160pM for PKB-alpha-L20 complex
2i4v  1.50  2007  Ki=6.3pM      // 2i4d.pdf (DJR) Ki=6.3+/-1.3pM, EC50(MT-2)=12.3+/-3.5nM
2qdt  2.00  2007  Ki=6.5uM      // 2qds.pdf (I38) Ki=6.5+/-2uM for compound 5a
2uy3  1.90  2007  Ki=600uM      // 2uy3.pdf (H33) ligand is compound 8-chlorotheophylline; Ki=600+/-64uM
2h6t  1.90  2007  Ki=60nM       // 2h6t.pdf (6-mer) Ki for pepA binding to SP3
2q3z  2.00  2007  Ki=60nM       // 2q3z.pdf (7-mer)
2pow  1.75  2007  Ki=63nM       // 2pou.pdf (I7C)
3b3w  1.75  2007  Ki=65uM       // 3b3s.pdf (LEU)
2qfu  1.60  2007  Ki=66uM       // 2qfq.pdf (GPJ) P101L mutant
2o22   NMR  2007  Ki=67nM       // 2o1y.pdf (LIU)
2v2q  2.30  2007  Ki=71.2uM     // 2v2q.pdf (NVG) ligand is compound 3, Ki=71.2+/-6.2uM, IC50=1.67mM
2pov  1.60  2007  Ki=75nM       // 2pou.pdf (I7B)
2q1q  1.90  2007  Ki=7nM        // 2q1q.pdf (OSP)
2q70  1.95  2007  Ki=8.3nM      // 2q70.pdf (DC8)
2qu5  2.95  2007  Ki=8.7nM      // 2qu5.pdf (276)
2z1w  1.63  2007  Ki=83uM       // 2z1w.pdf (BDI) ligand is compound 6
2v2v  2.40  2007  Ki=85.8uM     // 2v2q.pdf (V12) ligand is compound 1, Ki=85.8+/-9.4uM, IC50=1.99mM
2oc4  2.59  2007  Ki=86nM       // 2oc4.pdf (IMH)
2oji  2.60  2007  Ki=86nM       // 2ojg.pdf (33A)
2jfh  1.97  2007  Ki=870uM      // 2jfh.pdf (LK1) ligand is compound 2; Ki=870uM; IC50=710uM; ligand is L-Glu
2ql5  2.34  2007  Ki=8nM        // 2ql5.pdf (5-mer) covalent complex; ligand is peptide analogue, AC-DMQD-CHO (chain E)
2glp  2.42  2007  Ki=9.7uM      // 2gll.pdf (BDE) ligand is compound 1; IC50=39.8+/-0.35uM
2q11  2.40  2007  Ki=900nM      // 2q11.pdf (XX4)
2q8m  2.05  2007  Ki=94uM       // 2q8m.pdf (AMP) Ki=94uM (with Mg2+); Ki=13uM (without Mg2+)
2jld  2.35  2008  IC50<0.04nM   // 2jld.pdf (AG1) Ru containing; IC50<=0.04nM;
3bea  2.02  2008  IC50=0.007uM  // 3bea.pdf (IXH) ligand is compound 20, Auto-Pi IC50=0.007uM; BMDM IC50=0.003uM
2ow7  1.77  2008  IC50=0.014mM  // 2ow6.pdf (NK2)
3bel  2.30  2008  IC50=0.014uM  // 3bel.pdf (POX) ligand is compound 37
2vv9  1.90  2008  IC50=0.017uM  // 2vv9.pdf (IM9) ligand is compound 2e
2vcx  2.10  2008  IC50=0.021uM  // 2vcq.pdf (D26) ligand is compound 13
3ctj  2.50  2008  IC50=0.035uM  // 3cth.pdf (320)
3cst  3.20  2008  IC50=0.039uM  // 3csf.pdf (E52)
3d4q  2.80  2008  IC50=0.03nM   // 3d4q.pdf (SM5) ligand is compound 18
2r64  2.30  2008  IC50=0.03uM   // 2r64.pdf (740)
2rgp  2.00  2008  IC50=0.03uM   // 2rgp.pdf (HYZ) ligand is compound 17
2w3l  2.10  2008  IC50=0.03uM   // 2w3l.pdf (DRO) ligand is compound 31
3bmy  1.60  2008  IC50=0.03uM   // 3bm9.pdf (CXZ) ligand is compound 13
3c1x  2.17  2008  IC50=0.045uM  // 3c1x.pdf (CKK) ligand is compound 10j
3cp9  2.50  2008  IC50=0.048uM  // 3cp9.pdf (C19) ligand is compound 1
2rc9  1.96  2008  IC50=0.04uM   // 2rc9.pdf (1AC) ligand is compound 1, ACC
2vwx  1.65  2008  IC50=0.04uM   // 2vwx.pdf (7X4) ligand is compound 1, IC50=0.04+/-0.02uM
3dog  2.70  2008  IC50=0.04uM   // 3dog.pdf (NNN)
3br9  2.30  2008  IC50=0.062uM  // 3br9.pdf (DEY) ligand is compound 8e
3d7h  1.55  2008  IC50=0.06nM   // 3d7d.pdf (YC2) ligand is compound 4
2r7b  2.70  2008  IC50=0.06uM   // 2r7b.pdf (253) ligand is compound 1
3ddp  2.70  2008  IC50=0.072uM  // 3ddp.pdf (RC8) phosphorylated Thr160 CDK2, pCDK2
2vwy  1.65  2008  IC50=0.09uM   // 2vwx.pdf (7X5) ligand is compound 2, IC50=0.09+/-0.05uM
2z7i  2.10  2008  IC50=0.10uM   // 2z4v.pdf (742) ligand is compound 9
3dct  2.50  2008  IC50=0.112uM  // 3dct.pdf (064) ligand is compound GW4064
3bjc  2.00  2008  IC50=0.11uM   // 3bjc.pdf (WAN) ligand is compound 12
3cth  2.30  2008  IC50=0.11uM   // 3cth.pdf (319)
3bi1  1.50  2008  IC50=0.12nM   // 3bhx.pdf (3BI) IC50=0.12+/-0.03nM
3cwe  1.60  2008  IC50=0.12uM   // 3cwe.pdf (825)
3ej1  3.22  2008  IC50=0.12uM   // 3eid.pdf (5BP) ligand is compound 1
2vd1  2.25  2008  IC50=0.138uM  // 2vcq.pdf (D28) ligand is compound 12
3f5p  2.90  2008  IC50=0.140uM  // 3f5p.pdf (741) IC50=0.140+/-0.088uM
2vgp  1.70  2008  IC50=0.14uM   // 2vgp.pdf (AD6)
3e7b  1.70  2008  IC50=0.16nM   // 3e7a.pdf (E7B) IC50=0.16-22nM, see supplement data
2q8s  2.30  2008  IC50=0.185uM  // 2q8s.pdf (L92) ligand is compound 53A, alpha IC50(R)=0.912uM, gama IC50(S)=0.185uM
3bm9  1.60  2008  IC50=0.19uM   // 3bm9.pdf (BXZ) ligand is compound 6
3e7a  1.63  2008  IC50=0.1nM    // 3e7a.pdf (5-mer) IC50=0.1-3nM, see supplement data
2qc6  1.85  2008  IC50=0.1uM    // 2qc6.pdf (G12)
3di6  2.65  2008  IC50=0.1uM    // 3di6.pdf (PDZ) ligand is compound 4c, EC 2.7.7.49/ 2.7.7.7/ 3.1.26.4
3c45  2.05  2008  IC50=0.21nM   // 3c43.pdf (317)
3ddq  1.80  2008  IC50=0.21uM   // 3ddp.pdf (RRC) phosphorylated Thr160 CDK2, pCDK2
2vx1  1.65  2008  IC50=0.220uM  // 2vwx.pdf (7X8) ligand is compound 5, IC50=0.220+/-0.014uM
3eoc  3.20  2008  IC50=0.23uM   // 3eoc.pdf (T2A) ligand is compound 12i
2vww  1.90  2008  IC50=0.24uM   // 2vwu.pdf (7X2) IC50=0.24+/-0.16uM
3drp  2.60  2008  IC50=0.2nM    // 3drp.pdf (R8E) IC50=0.2+/-0.1nM, EC 2.7.7.49/ 2.7.7.7/ 3.1.26.4
2vwu  2.00  2008  IC50=0.35uM   // 2vwu.pdf (7X1) IC50=0.35+/-0.13uM
2jdl  2.20  2008  IC50=0.37nM   // 2jdl.pdf (11-mer) incomplete ligand
2q94  1.63  2008  IC50=0.37uM   // 2q92.pdf (A04) ligand is compound 6
2z7r  2.00  2008  IC50=0.3nM    // 2z7q.pdf (STU) IC50=0.3-1nM
2rc8  1.45  2008  IC50=0.3uM    // 2rc8.pdf (DSN) ligand is D-serine
3c10  2.00  2008  IC50=0.3uM    // 3c0z.pdf (TSN) IC50=0.3+/-0.1uM
3bv2  2.40  2008  IC50=0.44nM   // 3bv2.pdf (P38) ligand is compound 30, TNFa IC50=43nM
3eid  3.15  2008  IC50=0.45uM   // 3eid.pdf (PO5) ligand is compound 41
3bv3  2.59  2008  IC50=0.46nM   // 3bv2.pdf (P39) ligand is compound 28, TNFa IC50=29nM
3el7  2.80  2008  IC50=0.48uM   // 3el7.pdf (PD3) IC50=0.480+/-0.117uM
3e2m  2.00  2008  IC50=0.4nM    // 3bqn.pdf (E2M) ligand is compound 21a, IC50=0.4nM
3drr  2.89  2008  IC50=0.4nM    // 3drp.pdf (R8E) IC50=0.4+/-0.2nM, EC 2.7.7.49/ 2.7.7.7/ 3.1.26.4
2q93  1.60  2008  IC50=0.56uM   // 2q92.pdf (B21) ligand is compound 5
2qyn  1.57  2008  IC50=0.57uM   // 2qyk.pdf (NPV) IC50=0.57+/-0.04uM
2qu3  2.00  2008  IC50=0.59uM   // 2qu2.pdf (462)
3b8q  2.75  2008  IC50=0.5nM    // 3b8q.pdf (900)
3bys  2.20  2008  IC50=0.5nM    // 3bys.pdf (AM5)
3d7f  1.54  2008  IC50=0.5nM    // 3d7d.pdf (YBY) ligand is compound 2
3drs  3.15  2008  IC50=0.5nM    // 3drp.pdf (R8D) IC50=0.5+/-0.2nM, EC 2.7.7.49/ 2.7.7.7/ 3.1.26.4
2w4i  1.87  2008  IC50=0.5uM    // 2w4i.pdf (VGA) Glutamate racemase (MurI) COMPLEX WITH D-GLUTAMATE AND AN INHIBITOR 7
2qyl  1.95  2008  IC50=0.65uM   // 2qyk.pdf (NPV) IC50=0.65+/-0.01uM
3dwb  2.38  2008  IC50=0.65uM   // 3dwb.pdf (RDF)
3b8r  2.70  2008  IC50=0.6nM    // 3b8r.pdf (887)
2ze1  2.20  2008  IC50=0.6uM    // 2zdz.pdf (411)
2z4y  2.10  2008  IC50=0.71uM   // 2z4v.pdf (252) ligand is compound 4; Space Group:  P 21 21 21
3db6  2.85  2008  IC50=0.73uM   // 3db6.pdf (FRS)
2z78  2.10  2008  IC50=0.76uM   // 2z4v.pdf (H86) ligand is compound 13
2vwz  1.65  2008  IC50=0.794uM  // 2vwx.pdf (7X6) ligand is compound 3, IC50=0.794+/-0.226uM
3bhx  1.60  2008  IC50=0.7nM    // 3bhx.pdf (BHX) IC50=0.7+/-0.26nM
2zdz  2.00  2008  IC50=0.7uM    // 2zdz.pdf (310)
3byu  2.30  2008  IC50=0.8nM    // 3bys.pdf (AM6)
3ds6  2.90  2008  IC50=0.8nM    // 3ds6.pdf (A17) IC50=0.8+/-0.6nM
2vcq  1.95  2008  IC50=0.92uM   // 2vcq.pdf (D25) ligand is compound 14
2z4w  2.45  2008  IC50=0.98uM   // 2z4v.pdf (749) ligand is compound 5
2qa8  1.85  2008  IC50=0.99uM   // 2qa8.pdf (GEN) ligand is compound 5, Genistein
3f66  1.40  2008  IC50=0.9uM    // 3f66.pdf (IHX) ligand is compound 28
2q92  1.90  2008  IC50=1.1uM    // 2q92.pdf (B23) ligand is compound 4
2q96  1.60  2008  IC50=1.2uM    // 2q92.pdf (A18) ligand is compound 8
3c6u  2.70  2008  IC50=1.35nM   // 3c6t.pdf (M22) ligand is compound 22
2viq  2.00  2008  IC50=1.3uM    // 2vin.pdf (D55)
2rib  1.80  2008  IC50=1.5mM    // 2ria.pdf (GMH) IC50=1.5+/-0.13mM
2r4f  1.70  2008  IC50=1.5nM    // 2r4f.pdf (RIE) ligand is compound 50, IC50=1.5+/-0.2nM
3bz3  2.20  2008  IC50=1.5nM    // 3bz3.pdf (YAM)
2vtr  1.90  2008  IC50=1.5uM    // 2vta.pdf (LZB) ligand is compound 11
3bet  1.85  2008  IC50=1.5uM    // 3bet.pdf (CTF) ligand is compound 15
3dpd  2.85  2008  IC50=1.66uM   // 3dpd.pdf (41A)
2vcg  1.90  2008  IC50=1.69uM   // 2vcg.pdf (S17) IC50=1.69+/-0.91uM
2q95  1.70  2008  IC50=1.6uM    // 2q92.pdf (A05) ligand is compound 7
3e63  1.90  2008  IC50=1.6uM    // 3e62.pdf (5B2)
3cs8  2.30  2008  IC50=1.7uM    // 3cs8.pdf (12-mer) IC50=1.7+/-0.2uM for PGC-1a ID1, IC50=87+/-20uM for PGC-1a ID2
2z4z  2.09  2008  IC50=1.86uM   // 2z4v.pdf (SC0) ligand is compound 12
3ce3  2.40  2008  IC50=1.8nM    // 3ce3.pdf (1FN) IC50=1.8+/-0.7nM
2viy  1.82  2008  IC50=1.8uM    // 2viy.pdf (VG3) ligand is compound 14
2pjc  1.74  2008  IC50=1.9nM    // 2piy.pdf (343)
2vtj  2.20  2008  IC50=1.9uM    // 2vta.pdf (LZ4) ligand is compound 10
3c4f  2.07  2008  IC50=1.9uM    // 3c4c.pdf (C4F)
2r3k  1.70  2008  IC50=100nM    // 2r3f.pdf (SCQ) ligand is compound 7
2r3l  1.65  2008  IC50=100nM    // 2r3f.pdf (SCW) ligand is compound 8
3c4e  1.98  2008  IC50=100uM    // 3c4c.pdf (C4E) IC50  100uM
2uup  1.88  2008  IC50=105uM    // 2uuo.pdf (LK4) ligand is compound 17l
2r3j  1.65  2008  IC50=10nM     // 2r3f.pdf (SCJ) ligand is compound 5
2r3m  1.70  2008  IC50=10nM     // 2r3f.pdf (SCX) ligand is compound 9
3dej  2.60  2008  IC50=10nM     // 3deh.pdf (RXC) IC50=10+/-1nM
3fc1  2.40  2008  IC50=10nM     // 3fc1.pdf (52P) ligand is compound VX745
2z50  2.01  2008  IC50=11.22uM  // 2z4v.pdf (028) ligand is compound 10
3bh8  1.65  2008  IC50=11.2nM   // 3bgm.pdf (10-mer)
3bpr  2.80  2008  IC50=11.3uM   // 2p0c.pdf (OLP) ligand is compound 52, IC50=11.3+/-2.1uM
2rjr  2.10  2008  IC50=11.6mM   // 2qve.pdf (295)
2vd0  2.20  2008  IC50=11.6uM   // 2vcq.pdf (D27)
3bh9  1.70  2008  IC50=116.9nM  // 3bgm.pdf (10-mer)
2zva  2.60  2008  IC50=11nM     // 2zv8.pdf (1N1)
2pks  2.50  2008  IC50=11uM     // 2pks.pdf (G44) ligand is compound 20c
3ccn  1.90  2008  IC50=120nM    // 3ccn.pdf (LKG) ligand is compound 3a, IC50=120+/-18nM
3e7o  2.14  2008  IC50=120nM    // 3e7o.pdf (35F)
2vth  1.90  2008  IC50=120uM    // 2vta.pdf (LZ2) ligand is compound 7
2vte  2.20  2008  IC50=122uM    // 2vtd.pdf (IK4) ligand is compound 17o
3dy6  2.90  2008  IC50=126nM    // 3dy6.pdf (DY6) ligand is compound GW9371, pIC50=6.9
2pj9  1.56  2008  IC50=12nM     // 2piy.pdf (281)
2pj2  1.95  2008  IC50=12nM     // 2piy.pdf (864)
3chd  2.00  2008  IC50=12uM     // 3ch9.pdf (WRG) IC50=12+/-1uM
2zas  2.00  2008  IC50=13.9nM   // 2zas.pdf (1OH) IC50=13.9+/-1.98nM
3dda  1.50  2008  IC50=133uM    // 3dda.pdf (7-mer)
2onc  2.55  2008  IC50=13nM     // 2onc.pdf (SY1) IC50=13+/-6nM
2pj4  2.00  2008  IC50=13nM     // 2piy.pdf (414)
2vj6  1.80  2008  IC50=13nM     // 2vie.pdf (VG5) ligand is compound 2, IC50=13+/-2nM
2vto  2.19  2008  IC50=140nM    // 2vta.pdf (LZ8) ligand is compound 22
2vtq  1.90  2008  IC50=140nM    // 2vta.pdf (LZA) ligand is compound 28
3deh  2.50  2008  IC50=149nM    // 3deh.pdf (RXA) IC50=149+/-15nM
3bi0  1.67  2008  IC50=14nM     // 3bhx.pdf (BIX) IC50=14+/-4.2nM
3cib  1.72  2008  IC50=14nM     // 3cib.pdf (314)
3d7d  1.69  2008  IC50=14nM     // 3d7d.pdf (FBD) ligand is compound 3
3ehw  1.80  2008  IC50=15.2uM   // 3ehw.pdf (DUP) ligand is compound 2
3cqu  2.20  2008  IC50=151nM    // 3cqu.pdf (CQU) ligand is compound 5d, IC50=151+/-32nM
3eqb  2.62  2008  IC50=15mM     // 3eqb.pdf (LUG)
2pj5  1.65  2008  IC50=15nM     // 2piy.pdf (11B)
3c4c  2.57  2008  IC50=160nM    // 3c4c.pdf (324)
2vo7  1.98  2008  IC50=168nM    // 2vnw.pdf (M05) IC50=168+/-36nM
2ea2  2.50  2008  IC50=16nM     // 2ea2.pdf (F77) ligand is compound 9c, enzyme IC50=0.016uM, enzyme IC50=0.016uM w/HSA
2vwv  1.90  2008  IC50=16uM     // 2vwu.pdf (7X3)
2jkm  2.31  2008  IC50=17.76nM  // 2jkk.pdf (BII) IC50=17.76+/-1.21nM
2piz  1.60  2008  IC50=170nM    // 2piy.pdf (606)
2uuo  2.50  2008  IC50=170uM    // 2uuo.pdf (LK3) ligand is compound 17d
2pj7  1.77  2008  IC50=17nM     // 2piy.pdf (235)
3chs  2.55  2008  IC50=17nM     // 3cho.pdf (4BU)
3d7g  1.75  2008  IC50=17nM     // 3d7d.pdf (MUD) ligand is compound 1
2qn1  2.40  2008  IC50=17uM     // 2qn1.pdf (0AS) X-ray structure(GPb); IC50(GPa)
2ph8  1.70  2008  IC50=1800nM   // 2ph8.pdf (35A)
2vj9  1.60  2008  IC50=180nM    // 2vie.pdf (VG7) ligand is compound 6
2vta  2.00  2008  IC50=185uM    // 2vta.pdf (LZ1) ligand is compound 6
2pj8  1.70  2008  IC50=18nM     // 2piy.pdf (17A)
2vd4  1.90  2008  IC50=18uM     // 2vd4.pdf (P21) inhibitor 1
2pjb  1.70  2008  IC50=19nM     // 2piy.pdf (983)
2zjf  2.40  2008  IC50=19nM     // 2zjf.pdf (BSU)
3c43  2.30  2008  IC50=19nM     // 3c43.pdf (315)
2vin  1.90  2008  IC50=1mM      // 2vin.pdf (505) IC50  1mM
2vtm  2.25  2008  IC50=1mM      // 2vta.pdf (LZM) ligand is compound 8, 54% inhibition IC54=1mM
2r2l  2.23  2008  IC50=1nM      // 2r2l.pdf (PB9)
2w05  1.90  2008  IC50=1nM      // 2w05.pdf (FRT) ligand is compound 5b, IC50=0.001uM
2qh6  2.70  2008  IC50=1uM      // 2b23.pdf (ODE)
2r3i  1.28  2008  IC50=1uM      // 2r3f.pdf (SCF) ligand is compound 4, IC50=1000nM
3f69  2.80  2008  IC50=1uM      // 3f61.pdf (XDR) IC50<1uM
2k31   NMR  2008  IC50=2.0nM    // 2k31.pdf (35G) IC50=2.0-3.8nM
3c6t  2.70  2008  IC50=2.11nM   // 3c6t.pdf (M14) ligand is compound 14
2pja  1.70  2008  IC50=2.2nM    // 2piy.pdf (33Z)
2rg6  1.72  2008  IC50=2.2nM    // 2rg5.pdf (287)
3cjo  2.28  2008  IC50=2.2nM    // 3cjo.pdf (K30) IC50=2.2+/-1.2nM
3dt1  2.80  2008  IC50=2.4nM    // 3ds6.pdf (P40) IC50=2.4+/-1.3nM
2qnx  2.70  2008  IC50=2.4uM    // 2qnx.pdf (UDT) inhibitor 2, IC50=2.4+/-0.8uM
3bqn  1.80  2008  IC50=2.5nM    // 3bqn.pdf (BQN)
3cbp  1.42  2008  IC50=2.5uM    // 3cbp.pdf (SFG) ligand is compound 4, Sinefungin
2z52  2.13  2008  IC50=2.69uM   // 2z4v.pdf (H23) ligand is compound 11
2zlg  2.52  2008  IC50=2.6uM    // 2zlf.pdf (MRT) IC50=2.6+/-0.1uM
2ria  1.80  2008  IC50=2.7mM    // 2ria.pdf (289)
2qo1  2.60  2008  IC50=2.7uM    // 2qnx.pdf (VZZ) inhibitor 3, IC50=2.7+/-0.2uM
3daj  2.00  2008  IC50=2.9uM    // 3daj.pdf (FXG) ligand is compound 6
3f07  3.30  2008  IC50=2.9uM    // 3ew8.pdf (AGE) IC50=2.9+/-0.6uM, data not shown
3bwf  2.35  2008  IC50=200pM    // 3bwf.pdf (DWC)
2e9o  2.10  2008  IC50=20nM     // 2e9n.pdf (A58)
2piy  1.43  2008  IC50=20nM     // 2piy.pdf (528)
3chq  2.09  2008  IC50=20nM     // 3cho.pdf (4BQ)
2r3h  1.50  2008  IC50=20uM     // 2r3f.pdf (SCE) ligand is compound 3, IC50=20000nM
3c7q  2.10  2008  IC50=21nM     // 3c7q.pdf (XIN) IC50=21+/-13nM, VEGFR-2 (mouse) IC50=13+/-4nM
3c72  2.30  2008  IC50=22.7uM   // 3c72.pdf (CX1) ligand is compound 2, IC50=22.7+/-1.8uM
2zm1  2.10  2008  IC50=220nM    // 2zm1.pdf (KSF) ligand is compound 3
3eio  2.00  2008  IC50=223nM    // 3eio.pdf (AJH)
2pre  2.70  2008  IC50=225nM    // 2pre.pdf (E64)
3d14  1.90  2008  IC50=22nM     // 3d14.pdf (AK1)
2qlq  2.33  2008  IC50=236nM    // 2qlq.pdf (SR2) ligand is compound 2, IC50=236nM
3eyl  3.00  2008  IC50=250nM    // 3eyl.pdf (SMK) ligand is compound 32a
2zp0  2.70  2008  IC50=25nM     // 2zp0.pdf (PI0) ligand compound 3 is PI0, benzylsulfonamide-D-ile-gln-P-aminobenzamidine
3el8  2.30  2008  IC50=25nM     // 3el8.pdf (PD5) IC50=25+/-2nM
2v13  2.80  2008  IC50=26nM     // 2v13.pdf (C40) inhibitor 7, Purified human renin IC50=0.022uM, Plasma human renin IC50=0.026uM
3cgf  3.00  2008  IC50=270nM    // 3cgf.pdf (JNF) RCSB is JNF, like analogue 8
3cm7  3.10  2008  IC50=270nM    // 3cm7.pdf (X22) ligand is compound 3a
2qzk  1.80  2008  IC50=27nM     // 2ph8.pdf (I21)
3dek  2.40  2008  IC50=27nM     // 3deh.pdf (RXD) IC50=27+/-2nM
3cho  1.80  2008  IC50=280nM    // 3cho.pdf (4BG)
2qn2  2.70  2008  IC50=28uM     // 2qn1.pdf (0MA) X-ray structure(GPb); IC50(GPa)
2ow6  1.19  2008  IC50=2mM      // 2ow6.pdf (NK1)
2vnn  1.87  2008  IC50=2nM      // 2vnm.pdf (CM7) ligand is compound 8a
2w17  2.15  2008  IC50=2nM      // 2w17.pdf (I19) (S)-8b, IC50=0.002uM
3be2  1.75  2008  IC50=2nM      // 3b8q.pdf (RAJ)
3cn0  1.52  2008  IC50=3.08uM   // 3cn0.pdf (LJ1) ligand is compound 9
2rg5  2.40  2008  IC50=3.1nM    // 2rg5.pdf (279)
2qyk  2.10  2008  IC50=3.3uM    // 2qyk.pdf (NPV) IC50=3.3+/-0.2uM
3bhb  2.20  2008  IC50=3.4nM    // 3bgm.pdf (10-mer)
3bx5  2.40  2008  IC50=3.5nM    // 3bx5.pdf (304)
2rf2  2.40  2008  IC50=3.6nM    // 2rf2.pdf (MRX) ligand is compound 7e
2qu2  2.60  2008  IC50=3.7uM    // 2qu2.pdf (251) ED50=8.9uM
2qnz  2.30  2008  IC50=3.8uM    // 2qnx.pdf (DFD) inhibitor 1, IC50=3.8+/-0.5uM
2vts  1.90  2008  IC50=30nM     // 2vta.pdf (LZC) ligand is compound 12
2zmj  2.35  2008  IC50=30nM     // 2zmh.pdf (MI4) IC50=3 x 10-8M
3e01  2.95  2008  IC50=30nM     // 3dya.pdf (PZ2) ligand is compound 10, EC 2.7.7.49/ 2.7.7.7/ 3.1.26.4
2vl8  2.31  2008  IC50=30uM     // 2vl8.pdf (UDP) CTS+UDP IC50~30uM; CTS IC50~100uM; UDP IC50~400uM
3ccb  2.49  2008  IC50=30uM     // 3ccb.pdf (B2Y) ligand is compound 1
2zlf  2.59  2008  IC50=31uM     // 2zlf.pdf (7-mer) IC50=31+/-1uM
3d4l  2.00  2008  IC50=32nM     // 3d4l.pdf (605)
2vie  1.90  2008  IC50=33nM     // 2vie.pdf (VG0) ligand is compound 12
3bsc  2.65  2008  IC50=33uM     // 3br9.pdf (2PD) ligand is compound 3
2pt9  2.20  2008  IC50=35uM     // 2i7c.pdf (S4M) X-ray(pfSPDS); IC501=35uM(pfSPDS); IC502=1.7uM(rat SPDS).
2vqj  2.10  2008  IC50=367nM    // 2vqj.pdf (TFG) IC50=367+/-8nM
3dm6  2.60  2008  IC50=37nM     // 3dm6.pdf (757)
3bgm  1.60  2008  IC50=38.5nM   // 3bgm.pdf (9-mer)
2ow3  2.80  2008  IC50=3nM      // 2ow3.pdf (BIM) PDB 2ow3 is for ligand compound 3, not compound 10a, IC50=0.003uM
2qmf  1.75  2008  IC50=3nM      // 2qk5.pdf (CS9) inhibitor 2f
2vaq  3.01  2008  IC50=3nM      // 2vaq.pdf (VAW) IC50=3+/-0.5nM
2vnm  1.79  2008  IC50=3nM      // 2vnm.pdf (CM8) ligand is compound 1
2vtp  2.15  2008  IC50=3nM      // 2vta.pdf (LZ9) ligand is compound 23
3cic  1.75  2008  IC50=3nM      // 3cib.pdf (316)
3dcv  2.70  2008  IC50=3nM      // 3dcv.pdf (55E)
3dya  2.30  2008  IC50=3nM      // 3dya.pdf (PZL) ligand is compound 6, EC 2.7.7.49/ 2.7.7.7/ 3.1.26.4
3cgo  3.00  2008  IC50=3uM      // 3cgf.pdf (JNO) RCSB is JNO, like analogue 2
2v22  2.60  2008  IC50=4.1uM    // 2v22.pdf (C35) IC50=4.1+/-1.4uM, C35 is ligand NCP09
3chf  1.95  2008  IC50=4.3uM    // 3ch9.pdf (5-mer) IC50=4.3+/-0.2uM
2qaf  1.95  2008  IC50=4.4uM    // 2q8z.pdf (U5P) IC50=4.4+/-1.3uM
3bgl  2.23  2008  IC50=4.5nM    // 3bgl.pdf (RID) ligand is compound 16a in vitro, Rat microsomal HMGCoA reductase inhibition.
2qve  2.00  2008  IC50=4.8mM    // 2qve.pdf (247)
3eql  2.70  2008  IC50=4.99uM   // 3eql.pdf (MXP) IC50=4.99+/-0.45uM, dMyx complexed with a Thermus thermophilus RNAP holoenzyme
3e62  1.92  2008  IC50=40.9uM   // 3e62.pdf (5B1)
2vj7  1.60  2008  IC50=40nM     // 2vie.pdf (VG6) ligand is compound 16
3ctq  1.95  2008  IC50=40nM     // 3ctq.pdf (337) IC50=40+/-35nM
3ddu  1.56  2008  IC50=40nM     // 3ddu.pdf (552) IC50=40+/-0.6nM
3dei  2.80  2008  IC50=40nM     // 3deh.pdf (RXB) IC50=40+/-3nM
2vio  1.80  2008  IC50=40uM     // 2vin.pdf (L1O)
2ei6  2.30  2008  IC50=41nM     // 2ei6.pdf (D92) D92(cis) IC50=41nM, (+)D92(cis) IC50=753nM, (-)D92(cis) IC50=16nM, D92(Trans) IC50=13nM
3cqw  2.00  2008  IC50=42nM     // 3cqu.pdf (CQW) ligand is compound 8b, IC50=42+/-30nM
3dbd  3.05  2008  IC50=42nM     // 3dbc.pdf (3FR)
2vtt  1.68  2008  IC50=44nM     // 2vta.pdf (LZD) ligand is compound 29
2vrx  1.86  2008  IC50=45nM     // 2vrx.pdf (447) ligand is compound ZM447439
2ea4  2.35  2008  IC50=46nM     // 2ea2.pdf (F79) ligand is compound 17a, enzyme IC50=0.046uM, enzyme IC50=0.12uM w/HSA
2vu3  1.85  2008  IC50=47nM     // 2vta.pdf (LZE) ligand is compound 33
2pj6  1.60  2008  IC50=49nM     // 2piy.pdf (059)
2rl5  2.65  2008  IC50=4nM      // 2rl5.pdf (2RL)
3bl7  2.31  2008  IC50=4nM      // 3bl7.pdf (DD1) IC50~4nM; human DcpS
3efw  2.29  2008  IC50=4nM      // 3efw.pdf (AK8)
3ekn  2.20  2008  IC50=4nM      // 3ekn.pdf (GS3) ligand is compound 2 with IGF-1R enzyme IC50 value, data not sure, IC50=4nM
3elj  1.80  2008  IC50=5.01uM   // 3ekn.pdf (GS7) ligand is compound 40 with JNK1, IC50=5010nM
2rku  1.95  2008  IC50=5.0nM    // 2rku.pdf (R78) ligand is compound 1b, IC50=5+/-2.4nM
3che  2.05  2008  IC50=5.1uM    // 3ch9.pdf (4-mer) IC50=5.1+/-0.2uM
2vip  1.72  2008  IC50=5.2uM    // 2vin.pdf (L1R)
2rjs  2.40  2008  IC50=5.3mM    // 2qve.pdf (296)
2qq7  2.38  2008  IC50=5.71uM   // 2qlq.pdf (SR2) ligand is compound 2, IC50=5710nM
2vvt  1.65  2008  IC50=5.8uM    // 2vvt.pdf (I24) ligand is compound 13
2r3f  1.50  2008  IC50=500nM    // 2r3f.pdf (SC8) ligand is compound 1
2vgo  1.70  2008  IC50=500nM    // 2vgo.pdf (AD5) IC50=15nM(Upstate assay conditions); IC50=400nM(Invitrogen assay conditions)
3ch9  2.20  2008  IC50=500uM    // 3ch9.pdf (XRG) IC50=500+/-20uM
2viv  1.72  2008  IC50=520nM    // 2vin.pdf (VG2)
3chp  2.10  2008  IC50=5400nM   // 3cho.pdf (4BO)
3d27  2.20  2008  IC50=55.7uM   // 3d27.pdf (W29) ligand is compound 22
3cj3  1.87  2008  IC50=57uM     // 3ciz.pdf (SX4) ligand is compound 7c, IC50=17uM
2qmd  1.65  2008  IC50=5nM      // 2qk5.pdf (CS7) inhibitor 2e
3bc5  2.27  2008  IC50=5nM      // 3bc5.pdf (ZAA)
3cid  1.80  2008  IC50=5nM      // 3cib.pdf (318)
2vj1  2.25  2008  IC50=5uM      // 2v6n.pdf (XP1) IC50<5uM
3b9s  1.80  2008  IC50=5uM      // 3b9s.pdf (RW1) covalent complex; IC50~5uM
2jkk  2.00  2008  IC50=6.24nM   // 2jkk.pdf (BI9) IC50=6.24+/-0.51nM
2e9n  2.50  2008  IC50=6.2nM    // 2e9n.pdf (76A)
2vvo  1.85  2008  IC50=6.3mM    // 2vvo.pdf (A6P) IC50=6.3+/-0.5mM
3cjf  2.15  2008  IC50=6.3nM    // 3cjf.pdf (SAV) indazolylpyrimidine 5a
3dcr  1.40  2008  IC50=6.3nM    // 3dck.pdf (KVS)
2pmn  2.80  2008  IC50=6.3uM    // 2pmn.pdf (K51) inhibitor K510
3c5u  2.80  2008  IC50=6.4nM    // 3c5u.pdf (P41) ligand is compound 6a
2pj3  1.64  2008  IC50=6.6nM    // 2piy.pdf (86A)
3eht  3.40  2008  IC50=6.8uM    // 3ehs.pdf (16-mer) Corticotropin-releasing factor, CRF(27-41); incomplete ligand
2r3o  1.80  2008  IC50=600nM    // 2r3f.pdf (2SC) ligand is compound 11
2viz  1.60  2008  IC50=605nM    // 2viy.pdf (VG4) ligand is compound 21
3cy2  2.01  2008  IC50=60nM     // 3cxw.pdf (MB9) multiple ligands; close to a 14-mer peptide
3chr  2.20  2008  IC50=61nM     // 3cho.pdf (4BS)
2zdx  2.54  2008  IC50=648uM    // 2zdx.pdf (P4A) Fragment: Residues 20-411; Mutation: prescission protease site 18, 19;
2rip  2.90  2008  IC50=65nM     // 2rip.pdf (34Q)
3ee2  1.91  2008  IC50=65uM     // 3ee2.pdf (NZO) IC50~65uM
2vti  2.00  2008  IC50=660nM    // 2vta.pdf (LZ3) ligand is compound 14
2r4b  2.40  2008  IC50=66nM     // 2r4b.pdf (GW7) ligand is compound6, different from GW7, a triple bond to a single bond
3bl9  1.80  2008  IC50=66nM     // 3bl7.pdf (DD2) IC50~66nM
3ecn  2.10  2008  IC50=698uM    // 3ecn.pdf (IBM) IC50=698+/-29uM
2qzx  2.50  2008  IC50=6nM      // 2qzx.pdf (6-mer) Sap5 complexed with pepstatin A, a 6-mer peptide
2v16  2.80  2008  IC50=6nM      // 2v13.pdf (C47) inhibitor 3, Purified human renin IC50=0.006uM, Plasma human renin IC50=0.0008uM
3bym  2.00  2008  IC50=6nM      // 3bym.pdf (AM0)
3bki  1.87  2008  IC50=7.6uM    // 3bki.pdf (FQX)
2jko  1.65  2008  IC50=7.7nM    // 2jkk.pdf (BIJ) IC50=7.7+/-1.36nM
2jkq  2.60  2008  IC50=7.7nM    // 2jkk.pdf (VG8) can not be reliably determined, but expected to mirror the potency of TAF089
2r3n  1.63  2008  IC50=70nM     // 2r3f.pdf (SCZ) ligand is compound 10
2viw  2.05  2008  IC50=72nM     // 2vin.pdf (D56)
3dbs  2.80  2008  IC50=75nM     // 3dbs.pdf (GD9) IC50=0.075uM
2zof  2.30  2008  IC50=7nM      // 2zof.pdf (BES) X \ray (mouse CN2); Mn2+ containing; IC50(human CN2)
3byo  2.00  2008  IC50=7nM      // 3bym.pdf (AM9)
2pj0  1.65  2008  IC50=8.1nM    // 2piy.pdf (922)
3ens  2.30  2008  IC50=8.9nM    // 3ens.pdf (ENS) ligand is compound 18
2r3g  1.55  2008  IC50=800nM    // 2r3f.pdf (SC9) ligand is compound 2
2vle  2.40  2008  IC50=80nM     // 2vle.pdf (DZN)
2qiq  1.90  2008  IC50=80uM     // 2qiq.pdf (CYV) ligand is compound 3
3chc  1.90  2008  IC50=81uM     // 3ch9.pdf (ZRG) IC50=81+/-4uM
2w06  2.04  2008  IC50=83nM     // 2w05.pdf (FRV) ligand is compound 5e, IC50=0.083uM
2vtn  2.20  2008  IC50=850nM    // 2vta.pdf (LZ7) ligand is compound 18
2vtd  1.94  2008  IC50=85uM     // 2vtd.pdf (LKM) ligand is compound 17n
2pjt  2.80  2008  IC50=860nM    // 2pjt.pdf (347) IC50=860+/-20nM
2vcw  1.95  2008  IC50=890uM    // 2vcq.pdf (ZZA) ligand is compound 1
2qk5  2.20  2008  IC50=8nM      // 2qk5.pdf (CS5) lead inhibitor 1
2qp8  1.50  2008  IC50=8nM      // 2qk5.pdf (SC7) inhibitor 2q
2qzl  1.80  2008  IC50=8nM      // 2qzl.pdf (IXS)
3ccc  2.71  2008  IC50=8nM      // 3ccb.pdf (7AC) ligand is compound 30, IC50=0.008uM
2zdt  2.00  2008  IC50=9.6nM    // 2zdt.pdf (46C) X-ray structure(JNK3/46C); IC50=9.6nM(JNK1/46C).
2pj1  1.64  2008  IC50=9.7nM    // 2piy.pdf (578)
2r3p  1.66  2008  IC50=900nM    // 2r3f.pdf (3SC) ligand is compound 12
3ddb  1.60  2008  IC50=95uM     // 3dda.pdf (7-mer)
2vqm  1.80  2008  IC50=978nM    // 2vqj.pdf (HA3) IC50=978+/-62nM
2vtl  2.00  2008  IC50=97uM     // 2vta.pdf (LZ5) ligand is compound 15
2qhn  1.70  2008  IC50=980nM    // 2qhm.pdf (582)
3db8  3.15  2008  IC50=99nM     // 3db8.pdf (1FR)
2jjk  2.00  2008  IC50=9nM      // 2jjk.pdf (R15) FBbase complex with compound 7a, IC50=0.009uM
2zv9  2.76  2008  IC50=9nM      // 2zv8.pdf (PP2)
3cd8  2.00  2008  IC50=9nM      // 3ccn.pdf (L5G) ligand is compound 4, IC50=9+/-2nM
2z8e  1.99  2008  Kd=0.01uM     // 2z8e.pdf (MES)
2q2a  1.79  2008  Kd=0.039uM    // 2pvu.pdf (ARG)
2rkn  1.60  2008  Kd=0.06uM     // 2rkn.pdf (LP3) Kd=0.06+/-0.02uM
3e64  1.80  2008  Kd=0.078uM    // 3e62.pdf (5B3)
2vt3  2.00  2008  Kd=0.07mM     // 2vt3.pdf (ATP)
3c49  2.80  2008  Kd=0.07uM     // 3c49.pdf (KU8) Kd=0.07+/-0.008uM
2zmd  2.88  2008  Kd=0.098uM    // 2zmd.pdf (537) ligand is compound SP600125
3exe  1.98  2008  Kd=0.11uM     // 3exe.pdf (TPP) cofactor ThDP binding to wt E1p in presence of Mn2+; Kd=0.11+/-0.01uM is for Mg2+
3cow  1.80  2008  Kd=0.125uM    // 3cow.pdf (52H) Kd=0.125+/-0.008uM; Ki=0.22+/-0.03uM
3bu8  2.15  2008  Kd=0.12uM     // 3bu8.pdf (19-mer) Kd=0.12+/-0.03uM; incomplete ligand
2vpn  1.55  2008  Kd=0.19uM     // 2vpn.pdf (4CS) Kd=0.19+/-0.02uM
3bxz  3.00  2008  Kd=0.19uM     // 3bxz.pdf (ADP)
3diw  2.10  2008  Kd=0.19uM     // 3diw.pdf (10-mer) Kd=0.19+/-0.05uM; incomplete ligand
2uyw  1.70  2008  Kd=0.1pM      // 2uyw.pdf (BTN)
3dab  1.90  2008  Kd=0.21uM     // 3dab.pdf (15-mer) Kd=0.21+/-0.05uM; incomplete ligand
2qky  3.10  2008  Kd=0.247nM    // 2qky.pdf (13Z) IC50=0.022uM
2jgs  1.90  2008  Kd=0.24uM     // 2jgs.pdf (BTN) Kd=0.24+/-0.04uM
2vwc  2.40  2008  Kd=0.24uM     // 2vwc.pdf (BC2) Kd=0.24uM, IC50=2uM
2qpu  1.70  2008  Kd=0.25mM     // 2qpu.pdf (QPU) Kd=0.25+/-0.03mM
3bb1  2.80  2008  Kd=0.25mM     // 3bb1.pdf (GNP) Kd=0.25+/-0.05mM
2p7z  2.50  2008  Kd=0.262uM    // 2p7a.pdf (OHT)
2p7g  2.10  2008  Kd=0.297uM    // 2p7a.pdf (2OH)
3d0b  1.74  2008  Kd=0.29uM     // 3d0b.pdf (SNX) ligand is compound 16, Kd=0.29uM, IC50=8.9uM
3exf  3.00  2008  Kd=0.29uM     // 3exe.pdf (TPP) Binding of Cofactor ThDP to S-E1p in the Presence of Mg2+ Ions, Kd=0.29+/-0.02uM
3c7n  3.12  2008  Kd=0.2uM      // 3c7n.pdf (ADP)
3bva  1.05  2008  Kd=0.30uM     // 3bva.pdf (2NC) Ka=(3.30+/-0.56)e+6M-1
2jkt  3.40  2008  Kd=0.31uM     // 2jkr.pdf (11-mer) incomplete ligand
3cj4  2.07  2008  Kd=0.31uM     // 3ciz.pdf (SX5) ligand is compound 8e, IC50=1.0uM
2phb  2.30  2008  Kd=0.32nM     // 2phb.pdf (230)
3bum  2.00  2008  Kd=0.32uM     // 3bum.pdf (13-mer) incomplete ligand
2p3i  1.75  2008  Kd=0.33mM     // 2p3i.pdf (MNA) ligand is Neu5Ac-alpha-2Me; Kd measured at 22C
2q2n  1.80  2008  Kd=0.33uM     // 2q2n.pdf (H01) mouse ferrochelatase
3cph  2.90  2008  Kd=0.33uM     // 3cph.pdf (GDP) Kd=0.33+/-0.02uM
3d2e  2.35  2008  Kd=0.38uM     // 3d2e.pdf (ATP) Kd=0.38+/-0.097uM(ATP and Sse1p-Hsp70); Kd=0.1uM(full-length proteins)
2jql   NMR  2008  Kd=0.3uM      // 2jqi.pdf (10-mer)
2w0p  1.90  2008  Kd=0.3uM      // 2w0p.pdf (15-mer) Kd=0.3+/-0.05uM, FILAMIN A REPEAT 21 COMPLEXED WITH THE MIGFILIN PEPTIDE; incomplete ligand
2q2c  2.35  2008  Kd=0.42uM     // 2pvu.pdf (HIS) protein mutant C1G ;  Kd=0.42+/-0.08uM;
3c2o  2.30  2008  Kd=0.45mM     // 3c2f.pdf (NTM) Kd(stQAPRTase)=21uM; Kd=0.45+/-0.03mM
3cj5  1.92  2008  Kd=0.46uM     // 3ciz.pdf (SX6) ligand is compound 8i, IC50=0.25uM
2zb1  2.50  2008  Kd=0.48uM     // 2zaz.pdf (GK4) IC50=3uM
2pvu  1.79  2008  Kd=0.49uM     // 2pvu.pdf (LYS)
2vx0  2.10  2008  Kd=0.58uM     // 2vx0.pdf (7X7) Fragment: KINASE DOMAIN, RESIDUES 598-899 Kd=0.58+/-0.12uM
2w0s  2.92  2008  Kd=0.5mM      // 2v54.pdf (BVP) BVdU Kd=0.5+/-0.1mM
2jg8  2.05  2008  Kd=0.5uM      // 2jg8.pdf (SEP) Kd=5x10-7M
2or9  2.70  2008  Kd=0.5uM      // 2or9.pdf (11-mer) synthetic epitope peptide of 9E10, Kd1=0.50uM 0.70uM 0.28uM in phosphate, TRISMOPS, buffer
2q89  2.30  2008  Kd=0.5uM      // 2q88.pdf (6CS) Kd=0.5+/-0.1uM
2vrj  1.90  2008  Kd=0.5uM      // 2vrj.pdf (NCW) ligand is compound 9, Ki=0.28uM
3ebl  1.90  2008  Kd=0.5uM      // 3ebl.pdf (GA4)
2zm3  2.50  2008  Kd=0.614uM    // 2zm3.pdf (575) IC50=2.42uM
3bun  2.00  2008  Kd=0.61uM     // 3bum.pdf (13-mer) incomplete ligand
2qbu  2.10  2008  Kd=0.645uM    // 2qbu.pdf (SAH) Kd=0.645+/-0.025uM
3dxj  3.00  2008  Kd=0.6uM      // 3dxj.pdf (NE6) IC50=20uM, Kd=0.6+/-0.3uM; ligand is antibiotic myxopyronin (Myx), correspond to code NE6
3bti  2.85  2008  Kd=0.72uM     // 3bt9.pdf (BER) Kd=0.72+/-0.08uM
2p7a  2.30  2008  Kd=0.788uM    // 2p7a.pdf (43M)
3c2r  2.40  2008  Kd=0.78mM     // 3c2f.pdf (PHT) Kd=0.78+/-0.08mM
3ce0  2.80  2008  Kd=0.7uM      // 3c49.pdf (P34) Kd=0.7+/-0.15uM
3dst  1.90  2008  Kd=0.83nM     // 3dss.pdf (GRG) RabGGTase-GGPP complex, co-titration Kd=0.83+/-0.22nM, displacement titration Kd=1.8+/-0.71nM
2jkr  2.98  2008  Kd=0.85uM     // 2jkr.pdf (11-mer) incomplete ligand
3buo  2.60  2008  Kd=0.88uM     // 3bum.pdf (13-mer) incomplete ligand
2z92  2.30  2008  Kd=0.8nM      // 2z91.pdf (ENE)
3cii  4.41  2008  Kd=0.8uM      // 3cii.pdf (9-mer) Kd=0.8+/-0.055uM
2vmd  1.90  2008  Kd=0.95mM     // 2vmc.pdf (MBG)
3coy  2.03  2008  Kd=0.96uM     // 3cow.pdf (53H) Kd=0.96+/-0.03uM; Ki=4+/-0.6uM
3cfv  2.60  2008  Kd=0.9uM      // 3cfs.pdf (18-mer) Kd1=0.9uM(intrinsic tryptophan fluorescence); Kd2=1uM(surface plasmon resonance, SPR)
3ckb  2.30  2008  Kd=1.04mM     // 3ck7.pdf (MLR) Kd=1.04+/-0.017mM
3btl  2.90  2008  Kd=1.09uM     // 3bt9.pdf (MGR) Kd=1.09+/-0.07uM, redundant to 3btk in reference
2rcn  2.25  2008  Kd=1.0uM      // 2rcn.pdf (GDP) Kd=1.0+/-0.3uM
2z97  1.80  2008  Kd=1.0uM      // 2z97.pdf (7HE) one-legged heme-reconstituted P450cam; Kd=1.0+/-0.15uM(putidaredoxin, Pdx)
2vmc  1.90  2008  Kd=1.15mM     // 2vmc.pdf (NGA) Kd for GalNAc, N-acetyl-D-galactosamine
3cfs  2.40  2008  Kd=1.1uM      // 3cfs.pdf (15-mer) Kd1=1.1uM(intrinsic tryptophan fluorescence); Kd2=1uM(surface plasmon resonance, SPR)
2pmk  1.60  2008  Kd=1.2uM      // 2pmk.pdf (128) Kd=1.2+/-0.1uM
3bim  2.60  2008  Kd=1.32uM     // 3bim.pdf (19-mer) BCL6 BTB domain dimer in complex with the BCOR BBD corepressor peptide, Kd=1.32+/-0.02uM; incomplete ligand
2k2r   NMR  2008  Kd=1.3mM      // 2k2r.pdf (10-mer)
3bu6  1.95  2008  Kd=1.3uM      // 3bu3.pdf (15-mer) incomplete ligand
3eeb  2.10  2008  Kd=1.3uM      // 3eeb.pdf (IHP) Kd=1.3+/-0.2uM
3buw  1.45  2008  Kd=1.49uM     // 3bum.pdf (13-mer) incomplete ligand
3e5u  1.83  2008  Kd=1.4uM      // 3e5u.pdf (3C4)
2zju  2.58  2008  Kd=1.557uM    // 2zju.pdf (IM4) Kd=1.57+/-0.21uM, n=3
3e1r  2.00  2008  Kd=1.5uM      // 3e1r.pdf (13-mer) Kd=1.5+/-0.2uM
2q88  1.90  2008  Kd=1.6uM      // 2q88.pdf (4CS) Kd=1.6+/-0.3uM
3btc  2.90  2008  Kd=1.77uM     // 3bt9.pdf (MGR) Kd=1.77+/-0.17uM
3d1e  1.90  2008  Kd=1.7uM      // 3d1e.pdf (10-mer) incomplete ligand
3eg6  1.72  2008  Kd=1.7uM      // 3eg6.pdf (13-mer) Kd=1.7+/-0.1uM, WDR5 bound to MLL1 peptide; incomplete ligand
2vyt  1.90  2008  Kd=1.84mM     // 2vyt.pdf (MLZ) Kd=1.84+/-0.19mM
3eml  2.60  2008  Kd=1.8nM      // 3eml.pdf (ZMA) in presence of 1 M NaCl  Kd=1+/-0.1nM, in absence of 1 M NaCl  Kd=1.8+/-0.2nM
3bzi  2.10  2008  Kd=1.8uM      // 2ojs.pdf (9-mer) incomplete ligand
2pqc  1.60  2008  Kd=1.8uM      // 2pq9.pdf (RC1) Kd=1800+/-600nM
3d1f  2.00  2008  Kd=1.8uM      // 3d1e.pdf (9-mer) DNA polymerase III subunit beta bounds to Nonapeptide from polymerase III C-terminal
2oz2  1.95  2008  Kd=1.93uM     // 2oz2.pdf (D1R) ligand is K11777, Ka=517, 000M-1, Kd=1.93uM
3bt9  2.75  2008  Kd=1.95uM     // 3bt9.pdf (DEQ) Kd=1.95+/-0.18uM
3c2f  2.35  2008  Kd=10.1mM     // 3c2f.pdf (PRP) Kd=10.1+/-3.3mM
3bxg  1.80  2008  Kd=10.98uM    // 2okg.pdf (BG6) protein from Bacillus subtilis; Kd=10.98+/-1.2uM
3bbb  1.30  2008  Kd=100nM      // 3bbb.pdf (2-mer) ligand is dinucleotide d(AG), Kd=100+/-20nM, Ki=280+/-30nM; binding data found in another reference
2rin  1.80  2008  Kd=100uM      // 2reg.pdf (ACH) Kd=100+/-12uM
3chg  2.80  2008  Kd=102uM      // 3chg.pdf (313) Kd=102+/-11uM
2rnw   NMR  2008  Kd=1051uM     // 2rnw.pdf (15-mer) Kd=1051+/-90uM
3c39  1.85  2008  Kd=109uM      // 3c39.pdf (3PG) ligand is compound 3-phosphoglycerate
2r6f  3.20  2008  Kd=10nM       // 2r6f.pdf (ADP) Kd  10nM
3c9e  1.80  2008  Kd=10nM       // 3c9e.pdf (E64) covalent complex
2jqi   NMR  2008  Kd=10uM       // 2jqi.pdf (10-mer) Kd=10~20uM
2vpe  1.70  2008  Kd=11.4uM     // 2vp7.pdf (9-mer) hPHD-HD1 and 9-MER H3K4ME2, Kd=11.4+/-1.1uM
2vo4  1.75  2008  Kd=11.6uM     // 2vo4.pdf (4NM) binding of p-nitrophenol to GmGSTU4-4 and Nb-GSH complex; Kd=11.6+/-0.1uM
2eh8  2.60  2008  Kd=11nM       // 2eh7.pdf (11-mer) HzKR127 Fab with preS1 peptide, Kd=11+/-1.66nM; incomplete ligand
2jb6  2.85  2008  Kd=11pM       // 2jb5.pdf (T5C) MOR03268:TSC 2:1 complex, Kd2~11pM, Kd1=3.1nM
3cd5  2.39  2008  Kd=12.7nM     // 3cct.pdf (7HI) IC50=5.1nM
2vuk  1.50  2008  Kd=125uM      // 2vuk.pdf (P83) Kd=125+/-10uM (ITC); Kd=167+/-12uM (NMR)
3exh  2.44  2008  Kd=13.1uM     // 3exe.pdf (TPP) cofactor ThDP binding to phospho-S1-E1p in presence of Mn2+; Kd=13.1+/-1.1uM is for Mg2+
2z6w  0.96  2008  Kd=13.4nM     // 2z6w.pdf (11-mer)
3ccw  2.10  2008  Kd=13.5nM     // 3cct.pdf (4HI) IC50=7.9nM
3cd7  2.05  2008  Kd=14.3nM     // 3cct.pdf (882) IC50=1.8nM
3ds0  1.60  2008  Kd=14.9uM     // 3ds0.pdf (12-mer) Kd=14.9+/-0.9uM, ligand is Peptide inhibitor of capsid assembly(CAI)
2vmf  2.10  2008  Kd=1400nM     // 2vjx.pdf (MVL) ligand is compound 1a
2k4i   NMR  2008  Kd=143uM      // 2k4h.pdf (PBU) Kd=143+/-16uM
3ck8  2.10  2008  Kd=146uM      // 3ck7.pdf (BCD) Kd=146+/-5uM
3e6v  1.72  2008  Kd=147nM      // 3e6k.pdf (ABH)
3c84  1.94  2008  Kd=14nM       // 3c79.pdf (TH4) dissociation kinetics Kd=14nM
3cj2  1.75  2008  Kd=14uM       // 3ciz.pdf (SX3) ligand is compound 7e, IC50=17uM
2jk9  1.79  2008  Kd=150nM      // 2jk9.pdf (15-mer) ligand is hPar-4, human prostate apoptosis(sequence is NELNNNLPGGAPAAP), Kd=150+/-12nM; incomplete ligand
2pym  1.90  2008  Kd=150nM      // 2pym.pdf (1UN) Kd=150+/-20nM; Ki=18+/-1nM.
3bl2  2.30  2008  Kd=1580nM     // 3bl2.pdf (19-mer) Kd=1580+/-98.3nM
3cyy  2.40  2008  Kd=16.8uM     // 3cyy.pdf (9-mer) Kd=16.8+/-1.1uM
2rcb  1.62  2008  Kd=163nM      // 2rc8.pdf (DSN) Kd=163+/-45nM
2r1x  1.60  2008  Kd=16uM       // 2r1w.pdf (2-mer) ligand is KDD-KDA; solution affinity
2zpk  1.80  2008  Kd=17.5nM     // 2zpk.pdf (8-mer)
3cpj  2.35  2008  Kd=18.9uM     // 3cph.pdf (GDP) Kd=18.9+/-2uM; Kd=5.8+/-0.5uM for Ypt31 delta2a
2w68  2.50  2008  Kd=18uM       // 2w68.pdf (3-mer) CBM40 from V. cholerae sialidase with different linkage sialosides, Kd=18uM for 3-SL
2r23  1.65  2008  Kd=190uM      // 2r1w.pdf (2-mer) ligand is KO1-KDA
2vfk  1.50  2008  Kd=194uM      // 2vfk.pdf (AMP) Kd=194+/-30uM
3d9k  2.20  2008  Kd=19uM       // 3d9k.pdf (14-mer) Kd=19+/-2uM, SCAF8 bound to RNA polymerase II CTD phosphorylated at Ser2, Ser5; incomplete ligand
3f9w  1.60  2008  Kd=19uM       // 3f9w.pdf (10-mer) Kd=19+/-2uM, SETD8(Y334F) with Histone H4(H4K20)
3bze  2.50  2008  Kd=1uM        // 3bze.pdf (9-mer)
3ds1  1.60  2008  Kd=2.0uM      // 3ds0.pdf (12-mer) Kd=2.0+/-0.1uM, ligand is Peptide inhibitor of capsid assembly(CAI); incomplete ligand
2k0x   NMR  2008  Kd=2.1uM      // 2k0x.pdf (PNS) Kd=2.1+/-0.1uM, 2k0x is not a complex, only act holo-ACP
3b5j  2.00  2008  Kd=2.1uM      // 2pmk.pdf (12D) Kd=2.1+/-0.6uM
3f17  1.10  2008  Kd=2.36nM     // 3f15.pdf (HS4)
3bux  1.35  2008  Kd=2.36uM     // 3bum.pdf (13-mer) incomplete ligand
2qry  2.25  2008  Kd=2.3nM      // 2qry.pdf (TPS) Kd=2.3+/-0.6nM
2reg  1.90  2008  Kd=2.3uM      // 2reg.pdf (CHT) Kd=2.3+/-1.0uM
3btj  2.98  2008  Kd=2.4uM      // 3bt9.pdf (DEQ) Kd=2.4+/-0.2uM
3c6w  1.75  2008  Kd=2.4uM      // 3c6w.pdf (12-mer) Kd=2.4+/-1.0uM; incomplete ligand
2jst   NMR  2008  Kd=2.6mM      // 2jst.pdf (HLT) Kd=2.6+/-1.7mM
3bex  1.51  2008  Kd=2.7uM      // 3bex.pdf (PAU) TmPanK-III dimer, Kd1=2.7+/-0.16uM; Kd2=6.4+/-0.24uM
3coz  2.00  2008  Kd=2.7uM      // 3cow.pdf (54H) Kd=2.7+/-0.1uM; Ki=18+/-3uM
3bxf  1.70  2008  Kd=2.87uM     // 2okg.pdf (FBP) protein from Bacillus subtilis; Kd=2.87+/-0.06uM
2rio  2.40  2008  Kd=20.4uM     // 2rio.pdf (ADP)
3bra  2.30  2008  Kd=2000uM     // 3bra.pdf (AEF)
2emt  2.80  2008  Kd=201nM      // 2emt.pdf (18-mer) incomplete ligand
3clp  2.00  2008  Kd=205.1uM    // 3cl1.pdf (CMP) R307A mutant Kd=205.1+/-10.4uM, R307E was even more severely reduced
3f3e  1.80  2008  Kd=20nM       // 3f3d.pdf (LEU)
2k62   NMR  2008  Kd=20uM       // 2k62.pdf (ITL) low Kd to 20uM
2qfo  1.68  2008  Kd=20uM       // 2qf6.pdf (A13) Kd(A13)=20+/-10uM, Ki(A13)=18+/-1uM; Kd(A51)=150+/-20uM
3ew2  2.30  2008  Kd=215nM      // 3ew2.pdf (BTN) X-ray(Rhizavidin-Biotin) while Kd(2-iminobiotin)
2rny   NMR  2008  Kd=218uM      // 2rnw.pdf (15-mer) Kd=213+/-13uM
2qv7  2.30  2008  Kd=219uM      // 2qv7.pdf (ADP) Kd=219+/-34uM
3f8c  2.20  2008  Kd=21nM       // 3f8c.pdf (HT1) Kd=21+/-8nM
3fat  1.90  2008  Kd=22.8nM     // 3fat.pdf (AMQ) Kd=22.8+/-1.5nM
3ery  1.95  2008  Kd=2200nM     // 3ery.pdf (9-mer) Kd=2200+/-260nM(ITC); Kd=1600+/-200nM(SPR equilibrium analysis); Kd=3400+/-500nM (SPR kinetic analysis)
3buh  2.30  2008  Kd=220uM      // 3bra.pdf (AED)
3cf1  4.40  2008  Kd=230nM      // 3cf1.pdf (ADP) Kd=230-630nM
3f8f  2.20  2008  Kd=236nM      // 3f8c.pdf (DM1) Kd=236+/-53nM
2z4r  3.05  2008  Kd=24nM       // 2z4r.pdf (ADP)
2k00   NMR  2008  Kd=24uM       // 2k00.pdf (15-mer) Kd1=15uM(pH=6.1; stopped-flow fluorescence); Kd2=24uM(pH=6.5; stopped-flow fluorescence); Kd3=23uM(ITC).
3cwk  1.60  2008  Kd=250nM      // 3cwk.pdf (REA) Kd=250+/-19nM
2pyy  2.10  2008  Kd=25uM       // 2pyy.pdf (GLU)
2r1w  1.70  2008  Kd=25uM       // 2r1w.pdf (KDB) solution affinity
3d7k  2.49  2008  Kd=25uM       // 3d7k.pdf (D7K)
3cda  2.07  2008  Kd=26.3nM     // 3cct.pdf (8HI) IC50=3.0nM
2k46   NMR  2008  Kd=26.3uM     // 2k46.pdf (NGR) Kd=26.3+/-0.7uM
3cd0  2.40  2008  Kd=26.9nM     // 3cct.pdf (6HI) IC50=2.9nM
2v7d  2.50  2008  Kd=260nM      // 2v7d.pdf (10-mer) incomplete ligand
3cct  2.12  2008  Kd=27.4nM     // 3cct.pdf (3HI)
2jiu  3.05  2008  Kd=27.6nM     // 2jiu.pdf (AEE) Kd=27.6+/-0.7nM
2pyn  1.85  2008  Kd=27nM       // 2pym.pdf (1UN) Kd=27+/-5nM; Ki=7.0+/-0.4nM.
3b2q  2.10  2008  Kd=28uM       // 3b2q.pdf (ATP) Kd=28+/-2uM
3d9p  2.10  2008  Kd=29uM       // 3d9k.pdf (14-mer) Kd=29+/-3uM, SCAF8(R112T) bound to RNA polymerase II CTD phosphorylated at Ser2, Ser5; incomplete ligand
3brn  2.00  2008  Kd=2nM        // 3brn.pdf (SRO) monotonin in complex with (5-HT)serotonin, Kd<=2nM
2zbk  3.56  2008  Kd=2uM        // 2zbk.pdf (RDC) Kd=2-2.3uM
3c4h  2.10  2008  Kd=2uM        // 3c49.pdf (DRL) Kd=2+/-0.2uM
3eks  1.80  2008  Kd=2uM        // 3eks.pdf (CY9) Kd=2~20uM
2q64  2.50  2008  Kd=3.0nM      // 2pym.pdf (1UN) Kd=3.0+/-0.5nM; Ki=1.4+/-0.2nM.
3c1n  2.72  2008  Kd=3.13uM     // 3c1n.pdf (THR) The Allosteric Binding Sites; for the primary binding site, Kd=3.13+/-0.16uM;  for the secondary binding site, Kd=30.5+/-0.03uM
2qtr  1.70  2008  Kd=3.2uM      // 2qtn.pdf (NXX) Kd=3.2+/-0.8uM, nicotinate adenine dinucleotide (NaAD)
3bvb  1.30  2008  Kd=3.2uM      // 3bva.pdf (017) Ka=(3.17+/-0.29)e+5M-1
3bxe  1.80  2008  Kd=3.34uM     // 2okg.pdf (13P) protein from Bacillus subtilis; Kd=3.34+/-0.15uM
2qic  2.10  2008  Kd=3.3uM      // 2qic.pdf (12-mer) Kd=3.3+/-1.6uM; incomplete ligand
2zkj  2.00  2008  Kd=3.3uM      // 2zkj.pdf (ADP) Kd=3.3+/-0.7uM(without AZD7545); Kd=5.9+/-0.9uM(with AZD7545)
3d2r  2.03  2008  Kd=3.3uM      // 2zkj.pdf (ADP) Kd=3.3+/-0.7uM(without AZD7545); Kd=5.9+/-0.9uM(with AZD7545); redundant to 2zkj
2vc9  2.36  2008  Kd=3.6nM      // 2vc9.pdf (NOK) Kd=3.6+/-0.3nM; Ki=21nM
2vpo  1.80  2008  Kd=3.8uM      // 2vpn.pdf (6CS) Kd=3.80+/-0.07uM
3bzf  2.50  2008  Kd=30uM       // 3bze.pdf (9-mer)
2r0h  1.90  2008  Kd=310uM      // 2r0h.pdf (CTO) Kd=310+/-4uM
2r1y  1.60  2008  Kd=31uM       // 2r1w.pdf (2-mer) ligand is KDO-KDR
3f9y  1.50  2008  Kd=32uM       // 3f9w.pdf (10-mer) Kd=32+/-1uM, SETD8(Y334F) with Histone H4(H4K20me1); incomplete ligand
3d9m  1.75  2008  Kd=330uM      // 3d9k.pdf (14-mer) Kd=330+/-50uM, SCAF8 bound to RNA polymerase II CTD phosphorylated at Ser5; incomplete ligand
3d32  1.30  2008  Kd=354nM      // 3d32.pdf (12-mer)
2zit  3.00  2008  Kd=35uM       // 2zit.pdf (NAD) eEF2-ExoA-NAD+ complex, Kd=35+/-3uM
3b82  2.35  2008  Kd=37uM       // 2zit.pdf (NAD) eEF2-ExoA(E546H mutant)-NAD+ complex, relative Kd=1.03 fold of 35+/-3uM
2qtn  2.40  2008  Kd=382uM      // 2qtn.pdf (NCN) Kd=382+/-38uM for nicotinate mononucleotide (NaMN)
2zdm  1.93  2008  Kd=386nM      // 2zdk.pdf (46U) ligand is compound 2b(closed form); Kd=386+/-49nM; Ki=208+/-92nM
3f18  1.13  2008  Kd=39.5nM     // 3f15.pdf (HS5)
3bf1  2.30  2008  Kd=3mM        // 3bex.pdf (ADP) TmPanK-III-Pan-ADP ternary complex; Kd=3+/-0.5mM
2vw5  1.90  2008  Kd=3nM        // 2vw5.pdf (BC6) ligand is compound 5
2vnf  1.76  2008  Kd=3uM        // 2vnf.pdf (10-mer) Kd=3+/-0.6uM, Calorimetric titrations H310K4me3 Kd=6.4+/-0.8uM; incomplete ligand
3b4p  1.70  2008  Kd=4.0uM      // 3b4p.pdf (3B4) Kd=4.0+/-0.6uM
3f6e  1.34  2008  Kd=4.14mM     // 3f6b.pdf (8PA)
2zdl  1.80  2008  Kd=402nM      // 2zdk.pdf (45U) ligand is compound 2a(closed form); Kd=402+/-78nM; Ki=285+/-74nM
2rnx   NMR  2008  Kd=402uM      // 2rnw.pdf (13-mer) Kd=402+/-93uM
2qhr  2.00  2008  Kd=41nM       // 2qhr.pdf (11-mer) IC50    .5uM
3c3r  2.02  2008  Kd=41uM       // 3c3o.pdf (13-mer) Kd=41+/-10uM
2pr9  2.51  2008  Kd=42.2nM     // 2pr9.pdf (10-mer)
2zdk  1.67  2008  Kd=428nM      // 2zdk.pdf (50U) ligand is compound 3b(closed form); Kd=428+/-38nM; Ki=226+/-119nM
3dp4  2.11  2008  Kd=43nM       // 3dp4.pdf (AMQ) Kd=43+/-5nM
2zif  2.40  2008  Kd=43uM       // 2zif.pdf (SAM)
3c3o  2.15  2008  Kd=44uM       // 3c3o.pdf (13-mer) Kd=44+/-6uM
3feg  1.30  2008  Kd=45uM       // 3feg.pdf (HC7) ligand is HC-3; Kd=45+/-5uM; Ki=116+/-15uM
3c3q  2.10  2008  Kd=48uM       // 3c3o.pdf (18-mer) Kd=48+/-6uM
3bbf  1.70  2008  Kd=5.2uM      // 3bbb.pdf (GDP) Kd=5.2+/-0.8uM
3coj  3.21  2008  Kd=5.2uM      // 3coj.pdf (13-mer) incomplete ligand
2oz6  2.80  2008  Kd=5.5uM      // 2oz6.pdf (CMP)
2vcb  2.20  2008  Kd=5.5uM      // 2vc9.pdf (OAN) Ki=6.2+/-0.1uM, Kd=5.5+/-0.3uM
2k3w   NMR  2008  Kd=5.8uM      // 2k3w.pdf (16-mer) Kd=5.8+/-0.8uM; incomplete ligand
3f16  1.16  2008  Kd=5.91nM     // 3f15.pdf (HS3) Kd=5.91nM(D); Kd=41.5nM(L)
2vvn  1.85  2008  Kd=50nM       // 2vvn.pdf (NHT)
2q7y  1.95  2008  Kd=50uM       // 2q7y.pdf (IGC)
3ccz  1.70  2008  Kd=51.7nM     // 3cct.pdf (5HI) IC50=1.1nM
3f48  1.90  2008  Kd=512nM      // 3f3d.pdf (ALA)
3cr4  2.15  2008  Kd=53uM       // 3cr4.pdf (PNT) ITC Pnt Kd=53+/-10uM, fluorescence Pnt Kd=39+/-3uM
2zdn  1.98  2008  Kd=562nM      // 2zdk.pdf (49U) ligand is compound 3a(closed form); Kd1=562+/-66nM; Kd2=584+/-107nM(Tricine); Kd3=506+/-34M(Hepes); Kd4=416+/-42nM(PPi); Ki=290+/-65nM
2qbw  1.80  2008  Kd=56nM       // 2qbw.pdf (8-mer) Kd=56+/-5nM; IC50=40nM
3bjm  2.35  2008  Kd=5nM        // 3bjm.pdf (BJM) covalent complex; Kd<=5nM(ITC); Ki=500pM
3btr  2.60  2008  Kd=5uM        // 3btr.pdf (15-mer) Kd=5+/-0.1uM
3ds3  2.70  2008  Kd=6.0uM      // 3ds0.pdf (12-mer) Kd=6.0+/-0.4uM, ligand is Peptide inhibitor of capsid assembly(CAI)
3b2t  1.80  2008  Kd=6.21uM     // 3b2t.pdf (M33) Kd=6.21+/-2.1uM
2pqj  2.80  2008  Kd=6.33nM     // 2pqj.pdf (ADE) Kd=6.33+/-0.73nM; IC50=0.37uM
3blr  2.80  2008  Kd=6.4nM      // 3blr.pdf (CPB) ligand is Flavopiridol
3ctr  2.10  2008  Kd=6.94uM     // 3ctr.pdf (MGP) Kd=6.94+/-2.08uM
2jb5  2.80  2008  Kd=600pM      // 2jb5.pdf (T5C) MOR03268:TSC 1:1 complex, Kd=600+/-300pM
3cyu  1.70  2008  Kd=60nM       // 3cyu.pdf (0CR) Kd=60+/-20nM
3f80  1.60  2008  Kd=60uM       // 3f80.pdf (6HN)
3f1a  1.25  2008  Kd=61.1nM     // 3f15.pdf (HS7)
3b8h  2.50  2008  Kd=63.7uM     // 2zit.pdf (NAD) eEF2-ExoA(E546A mutant)-NAD+ complex, relative Kd=1.77 fold of 35+/-3uM
2pqb  1.80  2008  Kd=63nM       // 2pq9.pdf (GG9) Kd=63+/-15nM
3c79  2.48  2008  Kd=63nM       // 3c79.pdf (IM4) dissociation kinetics Kd=63nM; association kinetics Kd=68+/-23nM
3eov  2.60  2008  Kd=63nM       // 3eov.pdf (11-mer) Kd=63nM (Fluorescence), 15.15nM(ITC)
2r2b  1.60  2008  Kd=63uM       // 2r1w.pdf (3-mer) ligand is KDA-KDO-KDO
3ds4  1.12  2008  Kd=64.5uM     // 3ds0.pdf (12-mer) Kd=64.5+/-21.8uM, ligand is Peptide inhibitor of capsid assembly(CAI)
2pmc  2.69  2008  Kd=64.7uM     // 2pl9.pdf (15-mer) X-ray structure:CheY-CheZC15; Kd1=64.7+/-3.1uM(CheY-CheZC15); Kd2=13.2+/-2.1uM(P-CheY-CheZC15); incomplete ligand
3cr5  1.85  2008  Kd=64uM       // 3cr5.pdf (PNT) Kd=64+/-15uM(low salt; ITC); Kd=35+/-12uM(high salt; ITC);
3f19  1.13  2008  Kd=65.1nM     // 3f15.pdf (HS6)
2qhm  2.00  2008  Kd=660nM      // 2qhm.pdf (7CS)
3bug  2.50  2008  Kd=660uM      // 3bra.pdf (AEH)
2q63  2.20  2008  Kd=66nM       // 2pym.pdf (1UN) Kd=66+/-8nM; Ki=9.9+/-0.7nM.
2pl9  2.60  2008  Kd=67.4uM     // 2pl9.pdf (19-mer) X-ray structure:CheY-CheZC19; Kd1=67.4+/-4.5uM(CheY-CheZC19); Kd2=2.2+/-0.2uM(P-CheY-CheZC19).
2vxj  1.90  2008  Kd=68uM       // 2vxj.pdf (3-mer) Kd by ITC
3d9l  2.20  2008  Kd=68uM       // 3d9k.pdf (14-mer) Kd=68+/-8uM, SCAF8 bound to RNA polymerase II CTD phosphorylated at Ser2; incomplete ligand
3f3d  2.30  2008  Kd=69nM       // 3f3d.pdf (MET)
2rfy  1.70  2008  Kd=6uM        // 2rfy.pdf (CBI)
3bu1  1.40  2008  Kd=7.1nM      // 3brn.pdf (HSM) Kd=7.1+/-1.0nM
2zjv  2.70  2008  Kd=7.26uM     // 2zju.pdf (CT4) Kd=7.26+/-1.13uM, n=3
2k2g   NMR  2008  Kd=7.5nM      // 2k2g.pdf (DSV)
3f15  1.70  2008  Kd=7.88nM     // 3f15.pdf (HS1)
2pnx  1.80  2008  Kd=7.9uM      // 2pnx.pdf (12-mer) PHD finger of ING4 complex with an H3K4Me3 histone peptide, Kd=7.9+/-2uM; incomplete ligand
2r75  1.40  2008  Kd=714nM      // 2r75.pdf (01G) Kd=714+/-51nM; IC50(Polymerization)=139uM; IC50(GTPase); =179+/-15uM.
3cgy  2.60  2008  Kd=715uM      // 3cgy.pdf (RDC) Kd=715+/-78uM
3d2t  1.85  2008  Kd=75nM       // 3d2t.pdf (1FL)
3e6k  2.10  2008  Kd=7uM        // 3e6k.pdf (ABH)
2zg1  2.70  2008  Kd=8.0mM      // 2zg1.pdf (SIA)
2zg3  3.00  2008  Kd=8.7mM      // 2zg1.pdf (SIA)
3d62  2.70  2008  Kd=800nM      // 3d62.pdf (959) Ki=400+/-71nM; incomplete ligand structure
3buf  2.30  2008  Kd=800uM      // 3bra.pdf (AEG)
3b78  2.50  2008  Kd=80uM       // 2zit.pdf (NAD) eEF2-ExoA(R551H mutant)-NAD+ complex, relative Kd=2.29 fold of 35+/-3uM
3ck7  2.10  2008  Kd=89uM       // 3ck7.pdf (ACX) Kd=89+/-4uM
3d9n  1.60  2008  Kd=90uM       // 3d9k.pdf (14-mer) Kd=90+/-4uM, SCAF8 bound to RNA polymerase II CTD phosphorylated at Ser7; incomplete ligand
3bxh  1.85  2008  Kd=94.34uM    // 2okg.pdf (F6P) protein from Bacillus subtilis; Kd=94.34+/-3.1uM
3dsu  1.90  2008  Kd=94nM       // 3dss.pdf (FPP) RabGGTase-FPP complex, co-titration Kd=94+/-14nM, displacement titration Kd=75+/-10nM
3eyf  2.30  2008  Kd=94nM       // 3eyf.pdf (11-mer) Kd1=94nM(T=297K; ITC); Kd2=43nM(T=287K; ITC); Kd3=240nM(T=307K; ITC); Kd4=34nM(T=285K; Biacore analysis); Kd5=120nM(T=297K; Biacore analysis); incomplete ligand
3cdb  2.30  2008  Kd=95.7nM     // 3cct.pdf (9HI) IC50=5.82nM
3dba  2.57  2008  Kd~10nM       // 3dba.pdf (35G)
2qbp  2.50  2008  Ki=0.004uM    // 2qbp.pdf (527)
3e0p  1.70  2008  Ki=0.012uM    // 3e0p.pdf (B3C) covalent complex; ligand is compound 23
3c56  2.30  2008  Ki=0.013uM    // 3c52.pdf (PH4) ligand is compound 2
2qi5  1.85  2008  Ki=0.014nM    // 2qhy.pdf (MZ7) ligand is inhibitor 32c
2qi6  1.85  2008  Ki=0.027nM    // 2qhy.pdf (MZ8) ligand is inhibitor 28a
2qi4  1.80  2008  Ki=0.036nM    // 2qhy.pdf (MZ6) ligand is inhibitor 30a
2qbq  2.10  2008  Ki=0.036uM    // 2qbp.pdf (4B3)
2r38  1.81  2008  Ki=0.036uM    // 2r38.pdf (G4G) ligand is compound 9 in complex with HIV-1 protease I84V
3ekr  2.00  2008  Ki=0.03uM     // 3eko.pdf (PY9) ligand is compound 14; Ki=0.03uM, IC50=0.06uM, cell IC50=4uM
2p59  2.90  2008  Ki=0.05uM     // 2p59.pdf (GG4) Replicon IC50=0.37um
3c52  2.30  2008  Ki=0.05uM     // 3c52.pdf (PGH)
2qi7  1.85  2008  Ki=0.062nM    // 2qhy.pdf (MZ9) ligand is inhibitor 29b
2qi3  1.95  2008  Ki=0.063nM    // 2qhy.pdf (MZ5) ligand is inhibitor 30d
2qnn  1.48  2008  Ki=0.07uM     // 2pqz.pdf (QN1) ligand is inhibitor 6fg
2r3w  1.92  2008  Ki=0.128uM    // 2r38.pdf (G3G) ligand is compound 8 in complex with HIV-1 protease I84V
2vnp  2.19  2008  Ki=0.12nM     // 2vnp.pdf (DED)
3bc3  2.20  2008  Ki=0.155uM    // 3bc3.pdf (OPT) ligand is compound 2
2rfh  1.70  2008  Ki=0.15uM     // 2rfh.pdf (23N)
2zq0  1.60  2008  Ki=0.15uM     // 2zq0.pdf (ACR) Ki=0.15+/-0.03uM
2v2h  1.18  2008  Ki=0.17mM     // 2v2c.pdf (PGA) Ki=0.17+/-0.06mM
3e8r  1.90  2008  Ki=0.18nM     // 3e8r.pdf (615)
2qbs  2.10  2008  Ki=0.21uM     // 2qbp.pdf (024)
2za0  1.70  2008  Ki=0.23uM     // 2za0.pdf (MGI) Ki=0.23+/-0.1uM
2zb0  2.10  2008  Ki=0.24uM     // 2zaz.pdf (GK3) IC50=1.5uM
2pwr  1.50  2008  Ki=0.26uM     // 2pqz.pdf (G4G) ligand is inhibitor 6fd
2pvh  2.20  2008  Ki=0.26uM     // 2pvh.pdf (P19)
2z4o  1.60  2008  Ki=0.27nM     // 2qci.pdf (065) Ki=0.27+/-0.06nM
2pwc  1.78  2008  Ki=0.27uM     // 2pqz.pdf (G3G) ligand is inhibitor 6gd
3bm8  2.70  2008  Ki=0.29mM     // 3blu.pdf (PSY) Ki=0.29+/-0.06mM for YopH/PVSN, not D365A mutant
2vh6  1.95  2008  Ki=0.2nM      // 2vh6.pdf (GSV) ligand is compound 21
3eko  1.55  2008  Ki=0.2uM      // 3eko.pdf (PYU) ligand is compound 1; Ki=0.2uM, IC50=0.4uM, cell IC50 >20uM
2p4s  2.20  2008  Ki=0.31nM     // 2p4s.pdf (DIH)
2r6y  2.00  2008  Ki=0.32nM     // 2r6w.pdf (LLC) ligand is compound LY117018
2qf6  3.10  2008  Ki=0.32uM     // 2qf6.pdf (A56) Ki=0.32+/-0.04uM
3blu  2.00  2008  Ki=0.35mM     // 3blu.pdf (PVS) covalent complex; Ki=0.35+/-0.06mM
2pvn  2.00  2008  Ki=0.35nM     // 2pvh.pdf (P63) Ki=0.00035uM
3c1k  1.84  2008  Ki=0.36nM     // 3c1k.pdf (T15) ligand is compound 15
2pvm  2.00  2008  Ki=0.36uM     // 2pvh.pdf (P29)
2v2c  1.89  2008  Ki=0.39mM     // 2v2c.pdf (PGA) Ki=0.39+/-0.14mM
2qnp  1.41  2008  Ki=0.39uM     // 2pqz.pdf (QN2) ligand is inhibitor 6af
2vw1  2.39  2008  Ki=0.3mM      // 2vw1.pdf (DAN)
3ckp  2.30  2008  Ki=0.449uM    // 3ckp.pdf (012)
2r6w  2.00  2008  Ki=0.44nM     // 2r6w.pdf (LLB) ligand is compound LY156681
2qbr  2.30  2008  Ki=0.47uM     // 2qbp.pdf (910)
2w26  2.08  2008  Ki=0.4nM      // 2w26.pdf (RIV) morpholinone derivative 5, Ki=0.4nM, IC50=0.7nM
2zaz  1.80  2008  Ki=0.4uM      // 2zaz.pdf (GK1) IC50=2.5uM
3b65  1.80  2008  Ki=0.54nM     // 3b5r.pdf (3B6) ligand is compound s-24; Ki=0.54+/-0.03nM
2vw2  1.70  2008  Ki=0.5mM      // 2vw1.pdf (NHE)
2osm  1.60  2008  Ki=0.631uM    // 2osf.pdf (HTS) ligand is compound 4, Ki=0.631+/-0.034uM
2qrp  1.86  2008  Ki=0.63uM     // 2qrg.pdf (S06) ligand is compound 4e, Ki=0.63+/-0.02uM
3bkl  2.18  2008  Ki=0.679uM    // 3bkk.pdf (KAW)
2ri9  1.95  2008  Ki=0.6mM      // 2ri9.pdf (LDY)
2qnq  2.30  2008  Ki=0.77uM     // 2pqz.pdf (QN3) ligand is inhibitor 6cd
2qmg  1.89  2008  Ki=0.7nM      // 2qmg.pdf (SC6) ligand is inhibitor 11; cell line IC50=21nM
3d91  2.20  2008  Ki=0.7nM      // 3d91.pdf (REM) ligand is compound 12 (remikiren)
3bh3  2.10  2008  Ki=0.7uM      // 3bh3.pdf (PNH) covalent complex
2qd7  1.11  2008  Ki=0.80nM     // 2qci.pdf (065) Ki=0.80+/-0.06nM
2rkf  1.80  2008  Ki=0.83nM     // 2rkf.pdf (AB1) Ki=0.83+/-0.11nM
3bkk  2.17  2008  Ki=0.83uM     // 3bkk.pdf (KAF)
2qd8  1.35  2008  Ki=0.85nM     // 2qci.pdf (065) Ki=0.85+/-0.15nM
3cke  2.40  2008  Ki=0.8uM      // 3bnx.pdf (FDF)
3bgb  1.90  2008  Ki=0.9uM      // 3bgb.pdf (LJG) ligand is compound 9b
3d04  2.40  2008  Ki=0.9uM      // 3cf8.pdf (SAK) IC50=2+/-0.1uM, Ki=0.9+/-0.1uM
2vqt  2.10  2008  Ki=1.0uM      // 2vjx.pdf (15A) ligand is compound 2a
2z7g  2.52  2008  Ki=1.13nM     // 2z7g.pdf (EH9) ligand is compound 2, (+)-EHNA
2qhc  2.80  2008  Ki=1.1nM      // 2qhc.pdf (AB1) Ki=1.1+/-0.3nM
3c2u  1.30  2008  Ki=1.25mM     // 3c2u.pdf (B3P) Ki=1.25+/-0.03mM(pH=8.0)
2v6n  1.98  2008  Ki=1.38uM     // 2v6n.pdf (XP1) IC50=0.1uM, Wu et al. (2006) reported a Ki value of 17.4nM
3b67  1.90  2008  Ki=1.4nM      // 3b5r.pdf (B67) ligand is compound c-23; Ki=1.4+/-0.3nM
3e93  2.00  2008  Ki=1.4nM      // 3e92.pdf (19B) ligand is compound 19, Ki=1.4nM
2r3t  1.80  2008  Ki=1.4uM      // 2r38.pdf (G4G) ligand is compound 9 in complex with HIV-1 protease I50V
2zcq  2.38  2008  Ki=1.5nM      // 2zcp.pdf (B65) IC50=100~300nM
3d1z  1.30  2008  Ki=1.6nM      // 3cyw.pdf (017) Ki=1.6+/-0.1nM
3b5r  1.80  2008  Ki=1.7nM      // 3b5r.pdf (B5R) ligand is compound c-31; Ki=1.7+/-0.2nM
3bqc  1.50  2008  Ki=1.85uM     // 3bqc.pdf (EMO) crystal structure in high pH
2vkm  2.05  2008  Ki=1.8nM      // 2vkm.pdf (BSD) inhibitor 24; IC50=1nM in Chinese hamster cells
2rkd  1.90  2008  Ki=1.9mM      // 2rk7.pdf (3PP) ligand is analogue 12, Ki=1.9+/-0.4mM
3ckz  1.90  2008  Ki=1.9nM      // 3ckz.pdf (ZMR) relative Ki=1.9*0.1nM
2qg0  1.85  2008  Ki=1.9uM      // 2qf6.pdf (A94) Ki=1.9+/-0.2uM
2w54  3.30  2008  Ki=103.6nM    // 2w3r.pdf (HHR) Wild-type R.capsulatus XDH complex with pterin-6-aldehyde; Ki=103.57+/-18.96nM
3cyx  1.20  2008  Ki=10nM       // 3cyw.pdf (ROC) Ki=10+/-1nM
3e92  2.00  2008  Ki=10nM       // 3e92.pdf (G6A) ligand is compound 6, Ki=10nM
3d1g  1.64  2008  Ki=10uM       // 3d1e.pdf (322) RU7 compound binds to DNA polymerase III subunit beta
2vi5  2.30  2008  Ki=110uM      // 2vi5.pdf (Y19) ligand is compound 33, Ki =110+/-14uM
2z7h  2.08  2008  Ki=115nM      // 2p1c.pdf (GG3) Ki=115nM, IC50=4.17uM
2vjx  1.85  2008  Ki=11uM       // 2vjx.pdf (IFL) ligand is compound 6
3d67  3.40  2008  Ki=11uM       // 3d67.pdf (GEM)
2e9v  2.00  2008  Ki=12.59nM    // 2e9v.pdf (85A) SMILES line in SI file is: pKi_Experiment=7.9, pKi_MMPBSA=44
3cf8  2.40  2008  Ki=12.7uM     // 3cf8.pdf (QUE) IC50=39.3+/-2.7uM, Ki=12.7+/-0.6uM
2uy0  1.76  2008  Ki=120nM      // 2uxz.pdf (HV1) ligand is compound 15
3bl0  1.90  2008  Ki=121nM      // 3bl0.pdf (BL0) ligand is compound 5
2qw1  1.70  2008  Ki=125uM      // 2qw1.pdf (3MG) Ki=125+/-15uM
2q7o  2.90  2008  Ki=12nM       // 2q7o.pdf (IMH) ligand is compound 2, Ki*=12000pM
3d7z  2.10  2008  Ki=12nM       // 3d7z.pdf (GK5) ligand is compound 3, IC50=75nM
3f0r  2.54  2008  Ki=130nM      // 3f0r.pdf (TSN) ligand is compound trichostatin A
2zcr  1.92  2008  Ki=135nM      // 2zcp.pdf (B69)
2zn7  2.10  2008  Ki=13nM       // 2zmm.pdf (410)
2vo5  2.30  2008  Ki=13uM       // 2vjx.pdf (VBZ) ligand is compound 4a
3d4z  1.39  2008  Ki=13uM       // 3d4y.pdf (GIM)
3cf9  2.60  2008  Ki=14.9uM     // 3cf8.pdf (AGI) IC50=11+/-2.5uM, Ki=14.9+/-0.3uM
3ewj  1.80  2008  Ki=143nM      // 3ewj.pdf (642) ligand is compound 21
2osf  1.60  2008  Ki=148uM      // 2osf.pdf (TH0) ligand is compound 3, Ki(TH0)=148+/-39uM, Ki(S24)=314+/-69uM, IC50(S24)=1.77uM
1w12  2.40  2008  Ki=14nM       // 1w0z.pdf (SL1) covalent complex
3dd8  1.90  2008  Ki=14nM       // 3dd8.pdf (2C7)
3efk  2.20  2008  Ki=14nM       // 3efj.pdf (MT4) ligand is compound 50, Ki=14+/-1nM
2r9x  1.90  2008  Ki=14uM       // 2pu2.pdf (WH6)
2ra0  2.30  2008  Ki=15.9nM     // 2ra0.pdf (JNJ) ligand is compound 51a
3c88  1.60  2008  Ki=157nM      // 3c88.pdf (5-mer)
3d94  2.30  2008  Ki=157nM      // 3d94.pdf (D94) Ki=157nM, IC50=118nm
3czv  2.00  2008  Ki=16nM       // 3czv.pdf (AZM) Ki=16+/-0.7nM
3fas  1.40  2008  Ki=171nM      // 3fas.pdf (GLU)
2pyi  1.88  2008  Ki=179uM      // 2pyi.pdf (DL8) Ki=179+/-11uM
3cyw  1.40  2008  Ki=17nM       // 3cyw.pdf (017) Ki=17+/-2nM
3d50  1.79  2008  Ki=17uM       // 3d4y.pdf (OEV)
2zc9  1.58  2008  Ki=180nM      // 2zc9.pdf (22U) ligand is compound 2, Ki=180+/-140nM
2zgx  1.80  2008  Ki=180nM      // 2zc9.pdf (29U) ligand is compound 4, Ki=180+/-30nM
2jt5   NMR  2008  Ki=18nM       // 2jt5.pdf (JT5)
3b7u  1.90  2008  Ki=18nM       // 3b7u.pdf (KEL) ligand is KELatorphan
2qrh  1.83  2008  Ki=19.6uM     // 2qrg.pdf (M08) ligand is compound 4c, Ki=19.6+/-0.2uM
3b9g  1.40  2008  Ki=19uM       // 3b9g.pdf (IMH) Ki=6.2nM for wt TvNH
2rka  1.95  2008  Ki=1mM        // 2rk7.pdf (PGA) ligand is analogue 13, Ki=1.0+/-0.04mM
2p4y  2.25  2008  Ki=1nM        // 2p4y.pdf (C03)
2r43  1.58  2008  Ki=1uM        // 2r38.pdf (G3G) ligand is compound 8 in complex with HIV-1 protease I50V
3ddg  1.74  2008  Ki=1uM        // 3ddf.pdf (GB7) ligand is compound 12, measured at 20C
3bar  1.90  2008  Ki=2.0uM      // 2q8z.pdf (U5P) covalent complex; Mt Ki=0.19+/-0.01uM, Pf Ki=2.0+/-0.1uM
2pqz  1.55  2008  Ki=2.15uM     // 2pqz.pdf (G0G) ligand is inhibitor 6ad
2qd6  1.28  2008  Ki=2.1nM      // 2qci.pdf (065) Ki=2.1+/-0.4nM
2q8z  1.80  2008  Ki=2.1uM      // 2q8z.pdf (NUP) Ki=2.1uM (source pf); Ki=0.84+/-0.025uM (source mt)
2vr4  1.80  2008  Ki=2.1uM      // 2vjx.pdf (17B) ligand is compound 2c
3d1x  1.05  2008  Ki=2.2nM      // 3cyw.pdf (ROC) Ki=2.2+/-0.3nM
2qlm  2.10  2008  Ki=2.3uM      // 2qlm.pdf (F68) ligand is compound 25
3bl1  2.10  2008  Ki=2.52uM     // 3bl1.pdf (BL1) ligand is compound 10
3b66  1.65  2008  Ki=2.5nM      // 3b5r.pdf (B66) ligand is compound s-21; Ki=2.5+/-0.2nM
2qp6  1.45  2008  Ki=208nM      // 2qp6.pdf (MB1) inhibitor 1, Human, recombinant isozymes.
3b7r  1.81  2008  Ki=20nM       // 2r59.pdf (BIR) Ki=20+/-4nM for inhibitor RB3040
2ves  1.90  2008  Ki=20nM       // 2ves.pdf (GVR)
1w0z  1.90  2008  Ki=21nM       // 1w0z.pdf (SI1)
2p1c  2.45  2008  Ki=21nM       // 2p1c.pdf (GG3) Ki=21nM, IC50=250nM
3cs7  2.20  2008  Ki=21pM       // 3cs7.pdf (LG0) ligand is compound 2r
2yz3  2.30  2008  Ki=220nM      // 2yz3.pdf (M5P)
3ddf  1.20  2008  Ki=22uM       // 3ddf.pdf (GB6) ligand is compound 11, measured at 20C
3egk  2.20  2008  Ki=22uM       // 3egk.pdf (M18) ligand is compound 5
2rk8  2.00  2008  Ki=230uM      // 2rk7.pdf (PPF) ligand is analogue 10, Ki=230+/-14uM
3dln  1.91  2008  Ki=249nM      // 3dln.pdf (GLU) ligand is glutamate
2pvl  1.90  2008  Ki=24nM       // 2pvh.pdf (P55)
3be9  2.00  2008  Ki=24nM       // 3be9.pdf (P04) ligand is compound 10; IC50=0.29uM (HCT116), IC50=0.88uM (PC3)
3cl2  2.54  2008  Ki=25.9nM     // 3ckz.pdf (G39) relative Ki=81*0.32nM
2jt6   NMR  2008  Ki=25nM       // 2jt5.pdf (JT6)
2zmm  2.10  2008  Ki=25nM       // 2zmm.pdf (35B) ligand is compound 8
2v54  2.40  2008  Ki=25uM       // 2v54.pdf (TYD) Ki=25+/-5uM
3djk  1.00  2008  Ki=26pM       // 3djk.pdf (G55) ligand is compound 3d, Ki=26pM, IC50=5nM
1w10  2.00  2008  Ki=28nM       // 1w0z.pdf (SJ1) covalent complex
1w13  2.00  2008  Ki=2nM        // 1w0z.pdf (SM1)
2vj8  1.80  2008  Ki=2nM        // 2vj8.pdf (HA2) peptidase activity Ki=0.002uM, Epoxide hydrolase activity IC50=0.15uM
3bla  2.60  2008  Ki=2nM        // 3bl7.pdf (DD3) IC50~2nM
3eqr  2.00  2008  Ki=2nM        // 3eqp.pdf (T74) ligand is compound 2; Ki=0.002uM; IC50=0.01uM in cell lines
3d4y  1.52  2008  Ki=2uM        // 3d4y.pdf (MVL)
2vh0  1.70  2008  Ki=3.1nM      // 2vh0.pdf (GSI) ligand is compound 15
3bmq  1.70  2008  Ki=3.2uM      // 3bmc.pdf (AX5) Pteridine Reductase 1 complex NADP+ and AX5 compound 17, Ki=3.2uM
2uxz  1.75  2008  Ki=3.3nM      // 2uxz.pdf (HI1) ligand is compound 12d
2qo8  1.40  2008  Ki=3.4nM      // 2qo8.pdf (3CC) ligand is compound 2
2q6f  2.00  2008  Ki=3.6uM      // 2q6f.pdf (6-mer) Ki=3.6+/-0.4uM (IBV Mpro/N3); Ki=2.6+/-0.3uM(IBV Mpro/N27); Ki=2.8+/-0.2uM(IBV Mpro/H16)
2za5  2.30  2008  Ki=3.7nM      // 2za5.pdf (2FF) Ki=3.7+/-0.5nM; IC50=3.6+/-0.3nM
2qln  2.15  2008  Ki=3.7uM      // 2qln.pdf (F59) ligand is compound 26
3bft  2.27  2008  Ki=323nM      // 3bft.pdf (S2P) Ki=323+/-84nM
2qhy  1.85  2008  Ki=33nM       // 2qhy.pdf (MZ1) ligand is inhibitor 12h
3cm2  2.50  2008  Ki=340nM      // 3clx.pdf (X23) Fluorescence IC50=970+/-120nM, Cheng-Prusoff, Kenakin, Huang get Ki=870, 420, 340nM
2q9y  2.85  2008  Ki=36uM       // 2q9y.pdf (BTM) Ki for BTAC in the presence of PPi and Mg2+ is 36uM
2pu2  1.86  2008  Ki=37uM       // 2pu2.pdf (DK2) IC50(R)=70uM, Ki(S)=158uM, Ki(R)=140uM
3bgs  2.10  2008  Ki=380pM      // 2q7o.pdf (DIH) ligand is compound 4
2vr0  2.80  2008  Ki=38uM       // 2vr0.pdf (HQO)
3efj  2.60  2008  Ki=39nM       // 3efj.pdf (MT3) ligand is compound 7, Ki=39+/-6nM
1w14  2.20  2008  Ki=3nM        // 1w0z.pdf (SH1) covalent complex
2qg2  1.80  2008  Ki=4.0uM      // 2qf6.pdf (A91) Ki=4.0+/-1.0uM
3d83  1.90  2008  Ki=4.4nM      // 3d83.pdf (GK6) ligand is compound 8
2qn3  1.96  2008  Ki=4.4uM      // 2qn3.pdf (F55) ligand is compound 27
3bv9  1.80  2008  Ki=4.4uM      // 3bv9.pdf (6-mer) Ki=4.4+/-2.4uM; IC50=6.9+/-1.2uM
3bc4  1.82  2008  Ki=4.5uM      // 3bc4.pdf (LLG) incomplete ligand structure
3e9b  2.15  2008  Ki=4.5uM      // 3e6k.pdf (S2C)
2qci  1.20  2008  Ki=4.6nM      // 2qci.pdf (065) Ki=4.6+/-0.7nM
2qnb  1.80  2008  Ki=4.6uM      // 2qnb.pdf (BZD) ligand is compound 15
3ds9  1.76  2008  Ki=41nM       // 3ds9.pdf (8-mer) incomplete ligand
2qi0  2.10  2008  Ki=42nM       // 2qhy.pdf (MZ3) ligand is inhibitor 11b
2vc7  2.05  2008  Ki=432.7uM    // 2vc7.pdf (HT5) Ki=432.7+/-53.2uM
2vl1  2.15  2008  Ki=45mM       // 2vl1.pdf (2-mer) Fragment: RESIDUES 2-455
2pnc  2.40  2008  Ki=466uM      // 2pnc.pdf (CLU) Ki=466+/-163uM; Kd~1.2mM
2vvs  2.24  2008  Ki=46nM       // 2vvs.pdf (OAN)
2r2m  2.10  2008  Ki=47.1nM     // 2r2m.pdf (I50) ligand is compound 1
2z3z  1.95  2008  Ki=48.8uM     // 2eep.pdf (AIO) covalent complex
2qtt  1.93  2008  Ki=48uM       // 2qtg.pdf (FMC) Ki=48+/-5uM; ligand in reference is referred to as Formycin A (FMA)
2vsl  2.10  2008  Ki=4nM        // 2vsl.pdf (4-mer) Ki=4+/-2nM; IC50=406+/-37nM
2zda  1.73  2008  Ki=4nM        // 2zc9.pdf (32U) ligand is compound 5, Ki=4+/-1.2nM
3b68  1.90  2008  Ki=4nM        // 3b5r.pdf (B68) ligand is compound s-4; Ki=4+/-0.7nM
3d0e  2.00  2008  Ki=4nM        // 3d0e.pdf (G93) IC50=13nM
3ckr  2.70  2008  Ki=5.001uM    // 3ckp.pdf (009)
3dyo  1.80  2008  Ki=5.0mM      // 3dyo.pdf (IPT) measured with 0.01mM Mg2+
3bmo  1.60  2008  Ki=5.4uM      // 3bmc.pdf (AX4) Pteridine Reductase 1 complex NADP+ and AX4 compound 16, Ki=5.4uM
3cen  1.60  2008  Ki=5.5nM      // 3cen.pdf (FXA) ligand is compound 14
3e16  1.60  2008  Ki=5.78uM     // 3e0p.pdf (B4C) covalent complex; ligand is compound 12
3e5a  2.30  2008  Ki=5.9nM      // 3e5a.pdf (VX6)
2qi1  2.00  2008  Ki=50nM       // 2qhy.pdf (MZ4) ligand is inhibitor 11c
3d52  1.60  2008  Ki=520uM      // 3d4y.pdf (GHR)
2qoa  1.60  2008  Ki=52nM       // 2qo8.pdf (MAJ) ligand is compound 1, not compound 3
3bfu  1.95  2008  Ki=531nM      // 3bft.pdf (R2P) Ki=531+/-98nM
2qhz  1.85  2008  Ki=53nM       // 2qhy.pdf (MZ2) ligand is inhibitor 12j
2ole  2.40  2008  Ki=56.2nM     // 2ole.pdf (KR2) ligand is compound 10f; Ki=56.2nM; IC50=70nM
2jkp  1.99  2008  Ki=59uM       // 2jke.pdf (CTS) ligand is castanospermine 2
2jke  1.70  2008  Ki=59uM       // 2jke.pdf (NOJ) ligand is deoxynojirimycin 1
2pvk  1.90  2008  Ki=5nM        // 2pvh.pdf (P45)
2rd6  2.30  2008  Ki=5nM        // 2rd6.pdf (78P) ligand is compound 4a
3d20  1.05  2008  Ki=5nM        // 3cyw.pdf (017) Ki=5+/-1nM; redundant to 2hs1
2vk6  1.50  2008  Ki=5uM        // 2vk6.pdf (DAN) Ki=5uM(pH=7); Ki=40uM(pH=5)
3bcs  2.00  2008  Ki=6.1uM      // 3bcs.pdf (CJB) ligand is compound 1(-D-glucopyranosyl) uracil
2r59  1.89  2008  Ki=6.5nM      // 2r59.pdf (PH0) Ki=6.5+/-1nM for inhibitor RB3041
2qrg  1.85  2008  Ki=6.6uM      // 2qrg.pdf (M07) ligand is compound 4a, Ki=6.6+/-0.3uM
2zfp  2.25  2008  Ki=6.8uM      // 2zc9.pdf (19U) ligand is compound 1, Ki=6.8+/-1.5uM
3b7j  2.40  2008  Ki=6.8uM      // 3b7j.pdf (JUG) Ki=6.8uM; IC50=30+/-4uM
2epn  1.61  2008  Ki=60nM       // 2epn.pdf (NGT) Ki=60+/-17nM
2qmj  1.90  2008  Ki=62uM       // 2qmj.pdf (ACR) Ki=62+/-13uM
3f3a  2.00  2008  Ki=64.8uM     // 3f3a.pdf (TRP) Ki=64.8+/-4.67uM
3c8a  1.52  2008  Ki=660nM      // 3c88.pdf (5-mer)
2jk7  2.82  2008  Ki=67nM       // 2jk7.pdf (BI6) Ki=67+/-18nM
3d3x  2.25  2008  Ki=69uM       // 3d3x.pdf (4-mer) IC50=340uM, Type E botulinum toxin complex with SNAP-25 substrate peptide; incomplete ligand
1w11  2.00  2008  Ki=6nM        // 1w0z.pdf (SK1)
2zcs  2.03  2008  Ki=6nM        // 2zcp.pdf (B70)
3d1y  1.05  2008  Ki=6nM        // 3cyw.pdf (ROC) Ki=6+/-1nM
3d9v  3.30  2008  Ki=6nM        // 3d9v.pdf (H52)
3b4f  1.89  2008  Ki=7.2nM      // 3b4f.pdf (TUO) ligand is compound 5
2pq9  1.60  2008  Ki=7.8nM      // 2pq9.pdf (GG9) Ki=7.8+/-0.5nM
2e9u  2.00  2008  Ki=7.94nM     // 2e9u.pdf (A25) -logKi=8.1 in in supporting information
2qrq  1.80  2008  Ki=7.9uM      // 2qrg.pdf (S13) ligand is compound 4b, Ki=7.9+/-0.1uM
3bbt  2.80  2008  Ki=700nM      // 3bbt.pdf (FMM) IC50=1.4+/-0.1uM
3d51  1.43  2008  Ki=70uM       // 3d4y.pdf (GOX)
2vot  1.95  2008  Ki=72nM       // 2vjx.pdf (NHV) ligand is compound 1c
3c8b  1.47  2008  Ki=786nM      // 3c88.pdf (5-mer)
2rkg  1.80  2008  Ki=8.2nM      // 2rkf.pdf (AB1) Ki=8.2+/-0.7nM
2qtg  1.84  2008  Ki=8.3uM      // 2qtg.pdf (MTH) Ki=8.3+/-1.2uM
2v77  1.60  2008  Ki=8.7uM      // 2v77.pdf (PAY)
2rke  1.80  2008  Ki=82.5uM     // 2rk7.pdf (SAT) ligand is analogue 23, Ki =82.5+/-5uM
3cl0  2.20  2008  Ki=84.8nM     // 3ckz.pdf (G39) relative Ki=265*0.32nM
3c89  1.58  2008  Ki=845nM      // 3c88.pdf (5-mer)
2eep  2.20  2008  Ki=88.1nM     // 2eep.pdf (AIO) covalent complex
2rk7  1.90  2008  Ki=89uM       // 2rk7.pdf (OXL) ligand is analogue 1, Ki=89+/-4uM
2pvj  1.70  2008  Ki=8nM        // 2pvh.pdf (P44)
2rcw  2.80  2008  Ki=8nM        // 2rcw.pdf (AAI) ligand is compound 3, A620223
3caj  1.80  2008  Ki=8nM        // 3caj.pdf (EZL) ligand is compound 3; redundant to 3dd0
2r9w  1.80  2008  Ki=8uM        // 2pu2.pdf (23C)
3bxs  1.60  2008  Ki=8uM        // 3bxr.pdf (DRS) products 2, Ki=8uM
3bgc  1.80  2008  Ki=9.6uM      // 3bgb.pdf (LJH) ligand is compound 6d
2vnt  2.20  2008  Ki=9.9nM      // 2vnt.pdf (QGG) ligand is compound 33 or 34, preference for the R-isomer, QGG(R) Ki=9.9nM, (S)Ki=111nM
2qrm  1.90  2008  Ki=92.5uM     // 2qrg.pdf (M09) ligand is compound 4d, Ki=92.5+/-4.2uM
3f3c  2.10  2008  Ki=950nM      // 3f3a.pdf (PFF) Ki=950+/-100nM
3dc2  2.70  2008  Ki=950uM      // 3dc2.pdf (TLA) Ki=950+/-120uM, IC50=36+/-6uM
2vl4  1.90  2008  Ki=975nM      // 2vjx.pdf (MNM) ligand is compound 5
3emg  2.60  2008  Ki=9nM        // 3emg.pdf (685) IC50=0.07uM
3kf4  1.90  2009  IC50<0.5nM    // 3kf4.pdf (B90) Tyrosine-protein kinase transforming protein Abl complex AP24283
3fz1  1.90  2009  IC50=0.012uM  // 3fyj.pdf (B98) benzthiophene inhibitor bound to human (CDK-2), compound 2 lacks a NH2
3h59  2.10  2009  IC50=0.013uM  // 3h59.pdf (H59) ligand is compound 20; binding data confirmed
3g9e  2.30  2009  IC50=0.019uM  // 3g8i.pdf (RO7) PPAR gamma and compound (S)-2Aa
2w1c  3.24  2009  IC50=0.01uM   // 2w1c.pdf (L0C) ligand is compound 9
2wev  2.30  2009  IC50=0.01uM   // 2wev.pdf (CK7)
3cvk  2.31  2009  IC50=0.01uM   // 3cvk.pdf (N34) IC50<0.01uM, compound 4c
3d5m  2.20  2009  IC50=0.01uM   // 3d28.pdf (4MS) IC50<0.01uM, compound 34
3gur  2.50  2009  IC50=0.01uM   // 3gur.pdf (BYG) covalent complex; IC50<0.01uM, ligand is N11+GTT
2wez  1.70  2009  IC50=0.023uM  // 2wez.pdf (ZYE) ligand is compound 17, the -OCH3 group on ligand is wrong as CF3 in reference
3ii5  2.79  2009  IC50=0.024uM  // 3ii5.pdf (831) B-Raf wild-type enzyme with compound 10n
3hmm  1.70  2009  IC50=0.025uM  // 3gxl.pdf (855) ALK-5 with GW855857(compound 3d), ALK-5 IC50=0.025uM, TGF beta=0.095uM
3gxl  1.80  2009  IC50=0.025uM  // 3gxl.pdf (QIG) ALK-5 with GW857175(compound 8d), ALK-5 IC50=0.025uM, TGF beta=0.09uM
3igv  2.60  2009  IC50=0.025uM  // 3gyn.pdf (B80) HCV NS5B polymerase complex compound 29, IC50<0.025uM
3ig6  1.83  2009  IC50=0.025uM  // 3ig6.pdf (438) ligand is compound 11 bound to uPA
3hf6  1.80  2009  IC50=0.026uM  // 3hf6.pdf (LX0) inhibitor 7b co-crystallized with TPH1
3fei  2.40  2009  IC50=0.02uM   // 3fei.pdf (CTM)
3g8i  2.20  2009  IC50=0.038uM  // 3g8i.pdf (RO7) PPAR alpha and compound (S)-2Aa, IC50=0.038uM
3fyk  3.50  2009  IC50=0.04uM   // 3fyj.pdf (B98) benzthiophene lead bound to MAPKAP Kinase-2 (MK-2), compound 2 lacks a NH2
3gyn  2.15  2009  IC50=0.061uM  // 3gyn.pdf (B42) HCV NS5B polymerase complex compound 49
3ff6  3.19  2009  IC50=0.07uM   // 3ff6.pdf (RCP) ligand is compound 2
3hp5  2.30  2009  IC50=0.07uM   // 3hp2.pdf (52P) p38a in complex with compound 2
3gol  2.85  2009  IC50=0.081uM  // 3gol.pdf (XND) HCV NS5b polymerase in complex with 1, 5 benzodiazepine inhibitor (R)-11d
2w3k  2.05  2009  IC50=0.08nM   // 2w3i.pdf (L1D) ligand is compound 17
3fxv  2.26  2009  IC50=0.094uM  // 3fxv.pdf (643) FXR binding to compound 7a
2w6n  1.87  2009  IC50=0.125uM  // 2w6m.pdf (OA2) ligand is compound 2c
3jpv  2.35  2009  IC50=0.12uM   // 3jpv.pdf (1DR) human proto-oncogene serine threonine kinase (PIM1) with compound 9
3du8  2.20  2009  IC50=0.146uM  // 3du8.pdf (553) IC50=0.146+/-0.045uM, compound 89S
3kvx  2.40  2009  IC50=0.148uM  // 3kvx.pdf (FMY) ligand is compound 9l bind in the ATP pocket of JNK3
3g42  2.10  2009  IC50=0.14uM   // 3g42.pdf (792) ligand is compound 11c bound to TACE
3fui  2.20  2009  IC50=0.157uM  // 3fts.pdf (812) ligand is compound 14, IC50=0.157+/-0.03uM
3kb3  1.95  2009  IC50=0.15uM   // 3kb3.pdf (A8S) ternary complex of PYL2-ABA-HAB1, (+)-ABA IC50=0.15uM, (-)-ABA IC50=1.7uM
3fv8  2.28  2009  IC50=0.16uM   // 3fv8.pdf (JK3) JNK3 complexed with compound 4g
3fun  1.58  2009  IC50=0.189uM  // 3fts.pdf (798) ligand is compound 18, IC50=0.189+/-0.02uM
3hng  2.70  2009  IC50=0.18uM   // 3hng.pdf (8ST) ligand is compound 3
2w3i  1.90  2009  IC50=0.1nM    // 2w3i.pdf (L1C) ligand is compound 26
3c7p  1.70  2009  IC50=0.1nM    // 3c7p.pdf (POF) ligand is compound 4
3hd3  1.75  2009  IC50=0.1uM    // 3hd3.pdf (25B) structure of 8a bound to cruzain
2wf0  1.60  2009  IC50=0.21uM   // 2wez.pdf (ZY0) ligand is compound 22
2wtd  2.75  2009  IC50=0.21uM   // 2wtc.pdf (ZZK) ligand is compound 51
3iej  2.18  2009  IC50=0.22uM   // 3iej.pdf (599) ligand is compound 32 bound to Cys25Ser CatS
2wbd  2.40  2009  IC50=0.23uM   // 2wbb.pdf (RO5) ligand is compound 4, IC50=0.23uM
2wi6  2.18  2009  IC50=0.23uM   // 2wi1.pdf (ZZ6) ligand is compound 21e
3kah  2.30  2009  IC50=0.26uM   // 3kab.pdf (4DH) Peptidyl-prolyl cis-trans isomerase NIMA-interacting 1 with compound 20
3ej5  2.50  2009  IC50=0.27mM   // 3ej5.pdf (EJ5) ligand is compound 1
3il6  2.50  2009  IC50=0.27uM   // 3il5.pdf (B83) E. faecalis FabH in complex with compound 23i
3g6z  2.00  2009  IC50=0.2nM    // 3g6z.pdf (A7T) ligand is compound (+)-26g, in buffer IC50=0.2nM, in plasma IC50=19nM
3i06  1.10  2009  IC50=0.2nM    // 3i06.pdf (QL2) cruzain covalently bound to a purine nitrile, compound 32
3k3b  2.40  2009  IC50=0.2uM    // 3k3b.pdf (L31) ligand is compound 3 bound to human kinesin Eg5
2wtc  3.00  2009  IC50=0.31uM   // 2wtc.pdf (VGM) ligand is compound 48
2w6p  1.85  2009  IC50=0.333uM  // 2w6m.pdf (OA4) ligand is compound 3c
2w71  1.99  2009  IC50=0.334uM  // 2w6m.pdf (L23) ligand is compound 6b
3hr1  1.53  2009  IC50=0.37nM   // 3hqw.pdf (PF9) cAMP and cAMP-inhibited cGMP 3, 5-cyclic phosphodiesterase 10A with compound 9
2waj  2.40  2009  IC50=0.398uM  // 2waj.pdf (SNB) ligand is compound 16, pIC50=6.4
2wmw  2.43  2009  IC50=0.39uM   // 2wmq.pdf (ZYW) Fragment: KINASE DOMAIN, RESIDUES 1-289
3hqz  1.70  2009  IC50=0.42nM   // 3hqw.pdf (PF8) cAMP and cAMP-inhibited cGMP 3, 5-cyclic phosphodiesterase 10A with compound 3
3fr5  2.20  2009  IC50=0.45uM   // 3fr2.pdf (I4A) ligand is compound 30
3gw5  2.00  2009  IC50=0.47nM   // 3gw5.pdf (72X) ligand is compound 21l bound to human renin
3k48  2.80  2009  IC50=0.49uM   // 3k48.pdf (16-mer) peptide 4.2, residues 104-241; IC50=0.49~27uM
3g70  2.00  2009  IC50=0.4nM    // 3g6z.pdf (A5T) ligand is compound (+)-26h, in buffer IC50=0.4nM, in plasma IC50=36nM
3g3n  2.40  2009  IC50=0.51uM   // 3g3n.pdf (TC8) PDE7A catalytic domain in complex with compound 15, IC50=0.51+/-0.02uM
2wo8  2.00  2009  IC50=0.52uM   // 2wo8.pdf (077) ligand is compound 1
2wqb  2.95  2009  IC50=0.54uM   // 2wqb.pdf (QQ1) bound to the TIE2 kinase domain
3fqh  2.26  2009  IC50=0.57uM   // 3fqe.pdf (057) ligand is compound 4
3dv1  2.10  2009  IC50=0.59uM   // 3dv1.pdf (AR9) ligand is compound 2a
3fr2  2.20  2009  IC50=0.59uM   // 3fr2.pdf (8CA) ligand is compound 2a
2zv2  2.40  2009  IC50=0.5uM    // 2zv2.pdf (609) ligand is STO-609
3g1m  1.70  2009  IC50=0.5uM    // 3g1m.pdf (RF3) ligand is compound 2, BDM31381
3fr4  2.16  2009  IC50=0.65uM   // 3fr2.pdf (F8A) ligand is compound 26, in reference table 2, n should be 1, not 2
3hp2  2.15  2009  IC50=0.68uM   // 3hp2.pdf (P36) p38a in complex with compound 1
3fnu  3.00  2009  IC50=0.69uM   // 3fnt.pdf (006)
3gc7  1.80  2009  IC50=0.6nM    // 3gc7.pdf (B45) ligand is compound 1
3fej  2.01  2009  IC50=0.74uM   // 3fei.pdf (CTM)
2wtj  2.10  2009  IC50=0.7uM    // 2wtc.pdf (WTJ) ligand is compound 63
3fpd  2.40  2009  IC50=0.7uM    // 3fpd.pdf (Q4A)
3eq7  2.89  2009  IC50=0.81nM   // 3eq7.pdf (X99) ligand is compound 6
3kaf  2.30  2009  IC50=0.83uM   // 3kab.pdf (4D9) Peptidyl-prolyl cis-trans isomerase NIMA-interacting 1 with compound 18d
2wmx  2.45  2009  IC50=0.86uM   // 2wmq.pdf (ZY6) Fragment: KINASE DOMAIN, RESIDUES 1-289
3hw1  2.48  2009  IC50=0.87mM   // 3hvg.pdf (EV2) BACE1-Compound 1 complex, IC50=0.87+/-0.26mM
3fc2  2.45  2009  IC50=0.87nM   // 3fc2.pdf (IBI) ligand is compound  BI 6727
3eq8  2.73  2009  IC50=0.88nM   // 3eq7.pdf (X98) ligand is compound 8
3g72  1.90  2009  IC50=0.8nM    // 3g6z.pdf (A6T) ligand is compound (-)-26h, in buffer IC50=0.8nM, in plasma IC50=88nM
3djf  2.30  2009  IC50=0.8uM    // 3djf.pdf (BC3) BCX-34, compound 4; IC50=0.8+/-0.05uM
2wi5  2.10  2009  IC50=0.90uM   // 2wi1.pdf (ZZ5) ligand is compound 13
2w1d  2.97  2009  IC50=0.91uM   // 2w1c.pdf (L0D) ligand is compound 5
2wbb  2.22  2009  IC50=0.92uM   // 2wbb.pdf (RO3) ligand is compound 1, IC50=0.92uM
3jzb  2.01  2009  IC50=0.97nM   // 3jzb.pdf (4HY) TR alpha complex with Triac, IC50=0.97+/-0.09nM
2zoq  2.39  2009  IC50=0.9uM    // 2zoq.pdf (5ID)
3ezv  1.99  2009  IC50=1.04uM   // 3ezr.pdf (EZV) inhibitor 9
3fy0  2.35  2009  IC50=1.09uM   // 3fxz.pdf (DW1) PAK1 kinase domain with ruthenium complex rac-DW12, IC50=1090+/-80nM
2woa  2.26  2009  IC50=1.15uM   // 2wo8.pdf (576) ligand is compound 7a
3ft4  1.90  2009  IC50=1.17uM   // 3ft2.pdf (9-mer) HA-1 peptide
3jzk  2.10  2009  IC50=1.23uM   // 3jzk.pdf (YIN) structure of compound 1a with human MDM2, IC50=1.23+/-0.82uM
2w1i  2.60  2009  IC50=1.2nM    // 2w1c.pdf (L0I) ligand is compound 12
3hyf  1.70  2009  IC50=1.2uM    // 3hyf.pdf (ON1) p15-Ec in complex with compound 9
3a4o  3.00  2009  IC50=1.3nM    // 3a4o.pdf (STU)
3e0q  1.90  2009  IC50=1.3uM    // 3e0q.pdf (JFD) ligand is compound Sm_VS1; IC50=1.30+/-0.07uM
3f9n  1.90  2009  IC50=1.3uM    // 3f9n.pdf (38M) ligand is compound 38
3fci  1.27  2009  IC50=1.3uM    // 3fcf.pdf (3FI) ligand is compound 6
3dp0  2.50  2009  IC50=1.42uM   // 3doy.pdf (2BC) ligand is compound 3m, IC50=1.42+/-0.28uM
3k3g  2.40  2009  IC50=1.4mM    // 3k3g.pdf (MMU) Urea Transporter Bound to 1, 3-dimethylurea, IC50=1.4+/-0.2mM
3d28  2.30  2009  IC50=1.4uM    // 3d28.pdf (B34) ligand is compound 3
3duy  1.97  2009  IC50=1.4uM    // 3duy.pdf (AFJ) ligand is compound 1
3dp2  2.40  2009  IC50=1.50uM   // 3doy.pdf (4BE) ligand is compound 3j, IC50=1.50+/-0.25uM
3doy  2.40  2009  IC50=1.52uM   // 3doy.pdf (2BE) ligand is compound 3i, IC50=1.52+/-0.19uM
3dp3  2.30  2009  IC50=1.52uM   // 3doy.pdf (4BB) ligand is compound 3q, IC50=1.52+/-0.11uM
2wi4  2.40  2009  IC50=1.56uM   // 2wi1.pdf (ZZ4) ligand is compound 12
3fzs  1.75  2009  IC50=1.5uM    // 3fzp.pdf (B96) ligand is compound  BIRB796
3ftw  1.85  2009  IC50=1.67mM   // 3ftw.pdf (11X) ligand is compound 4
3eyg  1.90  2009  IC50=1.6nM    // 3eyg.pdf (MI1) JAK1-CP-690, 550 complex
3idp  2.70  2009  IC50=1.6nM    // 3idp.pdf (L1E) B-Raf V600E kinase domain in complex with compound 1
3il5  2.60  2009  IC50=1.6uM    // 3il5.pdf (B82) E. faecalis FabH in complex with compound 13a
2zvj  2.30  2009  IC50=1.8uM    // 2zvj.pdf (KOM)
3hj0  1.34  2009  IC50=1.96uM   // 3hj0.pdf (A93) ligand is compound 4 is a covalent small molecule kinetic stabilizer
3doz  2.50  2009  IC50=1.98uM   // 3doy.pdf (3BE) ligand is compound 3k, IC50=1.98+/-0.21uM
3k3i  1.70  2009  IC50=1.9uM    // 3k3i.pdf (JZJ) p38 alpha bound to novel DGF-out compound PF-00215955
3fmr  2.89  2009  IC50=10.6nM   // 3fmq.pdf (TN4)
3fck  1.64  2009  IC50=100uM    // 3fcf.pdf (FCK) ligand is compound 22
3hy7  1.69  2009  IC50=106nM    // 3hy7.pdf (097) ligand is compound Marimastat
3fu6  2.05  2009  IC50=106uM    // 3fts.pdf (80G) ligand is compound 9, IC50=106+/-20uM
3h2a  2.40  2009  IC50=108.9uM  // 3h21.pdf (B57) Dihydropteroate Synthase with compound 7
3co9  2.10  2009  IC50=10nM     // 3co9.pdf (3MS) IC50<10nM, compound 3c
3cwj  2.40  2009  IC50=10nM     // 3cwj.pdf (321) IC50<10nM, compound 3a
3ezr  1.90  2009  IC50=10uM     // 3ezr.pdf (EZR) inhibitor 17
3fmq  2.50  2009  IC50=11.1nM   // 3fmq.pdf (FUG)
3hqy  2.00  2009  IC50=11.5nM   // 3hqw.pdf (PF6) cAMP and cAMP-inhibited cGMP 3, 5-cyclic phosphodiesterase 10A with compound 2
3hhm  2.80  2009  IC50=11.9nM   // 3hhm.pdf (KWT) three quite different data in references
3jzq  1.80  2009  IC50=110nM    // 3jzo.pdf (12-mer) ligand is compound 12-mer peptide inhibitor pDIQ
3ftv  1.70  2009  IC50=1167uM   // 3fts.pdf (11X) ligand is compound 4, IC50=1167+/-168uM
3e3b  3.20  2009  IC50=11nM     // 3e3b.pdf (CCK) ligand is compound CC04820 complex with hCK2-alpha2
3fzr  2.70  2009  IC50=11nM     // 3fzp.pdf (3JZ) ligand is compound PF-431396
3hxf  1.90  2009  IC50=11uM     // 3hxb.pdf (BD9) Engineered RabGGTase complex with compound 32, IC50=11+/-1.2uM
2w70  1.77  2009  IC50=12.0uM   // 2w6m.pdf (L22) ligand is compound 6a
3dgq  1.60  2009  IC50=12.0uM   // 3dd3.pdf (EAA) ligand is ethacrynic acid
3hha  1.27  2009  IC50=12.6nM   // 3hha.pdf (NOW) cathepsin L in complex with AZ12878478 compound 26, pIC50=7.9, 1.26x10-8M
2w1e  2.93  2009  IC50=12nM     // 2w1c.pdf (L0E) ligand is compound 10
3fi3  2.20  2009  IC50=12nM     // 3fi2.pdf (JK2) ligand is compound SR3737
3fxz  1.64  2009  IC50=130nM    // 3fxz.pdf (FLL) PAK1 kinase domain with ruthenium complex lambda-FL172, IC50=130+/-10nM
3h03  1.90  2009  IC50=135uM    // 3h03.pdf (UBP) GluR2 AMPA receptor with UBP277, IC50=135+/-12uM
2wf4  1.80  2009  IC50=13nM     // 2wf4.pdf (ZY4) different ligand structure
3a29  2.60  2009  IC50=13nM     // 3a29.pdf (2T0) ligand is compound 8L
3e3u  1.56  2009  IC50=13nM     // 3e3u.pdf (NVC)
3f8s  2.43  2009  IC50=13nM     // 3f8s.pdf (PF2) ligand is compound 5, IC50=12.9+/-4.6uM
3i81  2.08  2009  IC50=13nM     // 3i81.pdf (EBI) ligand is compound 9d cocrystallized with IGF-1R
3h3c  2.00  2009  IC50=140nM    // 3h3c.pdf (P1E) PYK2 in complex with compound 2a, cell IC50=88nM
3fu3  2.00  2009  IC50=1443uM   // 3fts.pdf (92G) ligand is compound 7, IC50=1443+/-63uM
3e51  1.90  2009  IC50=14nM     // 3e51.pdf (N35) ligand is compound 2e
3eta  2.60  2009  IC50=14nM     // 3eta.pdf (351) ligand is compound 19
2w6z  1.90  2009  IC50=1500uM   // 2w6m.pdf (L21) ligand is compound 5
2v5a  2.31  2009  IC50=150nM    // 2v58.pdf (LZL) inhibitor 3
3fue  2.38  2009  IC50=1510uM   // 3fts.pdf (11S) ligand is compound 12, IC50=1510+/-139uM
3dz6  1.83  2009  IC50=15nM     // 3dz2.pdf (M8E) ligand is compound 14e
3ft5  1.90  2009  IC50=15uM     // 3ft5.pdf (MO8) fragment 1 complex with hsp90
3h0v  2.24  2009  IC50=15uM     // 3h0v.pdf (M2T) Human AdoMetDC and MMTA
3fal  2.36  2009  IC50=165nM    // 3fal.pdf (LO2) ligand is compound 19
3kba  2.00  2009  IC50=16nM     // 3kba.pdf (WOW) Progesterone receptor bound to Compound 20
3kce  1.90  2009  IC50=16uM     // 3kab.pdf (4BY) Peptidyl-prolyl cis-trans isomerase NIMA-interacting 1 with compound 4
3fum  2.15  2009  IC50=170uM    // 3fts.pdf (80A) ligand is compound 17, IC50=170+/-5uM
3et7  2.70  2009  IC50=17nM     // 3et7.pdf (349) PYK2 complexed with compound PF-2318841
3hy9  2.02  2009  IC50=17nM     // 3hy7.pdf (098) ligand is compound 11
3h23  2.20  2009  IC50=19.3uM   // 3h21.pdf (B54) Dihydropteroate Synthase with compound 4
3gwu  2.14  2009  IC50=19.7uM   // 3gwu.pdf (SRE) Leucine transporter LeuT in complex with sertraline, IC50=19.7+/-9.2uM
3h21  2.32  2009  IC50=19.8uM   // 3h21.pdf (B52) Dihydropteroate Synthase with compound 2
2wf3  2.08  2009  IC50=19nM     // 2wf1.pdf (ZY3) ligand is compound 11, in reference, CF3 group is different from O-CH3 in PDB
3e8n  2.50  2009  IC50=19nM     // 3e8n.pdf (VRA) ligand is compound RDEA119
3eka  3.10  2009  IC50=1mM      // 3eka.pdf (ASC)
3i0s  2.70  2009  IC50=1nM      // 3i0r.pdf (RT7) HIV reverse transcriptase in complex with inhibitor 7
2w0d  2.00  2009  IC50=2.0nM    // 2w0d.pdf (CGS)
3ik3  1.90  2009  IC50=2.0nM    // 3ik3.pdf (0LI)
3iw4  2.80  2009  IC50=2.1nM    // 3iw4.pdf (LW4) PKC alpha in complex with NVP-AEB071, compound 1, IC50=2.1+/-0.2nM
3jsi  2.72  2009  IC50=2.1nM    // 3jsi.pdf (WTC) Human phosphodiesterase 9 in complex with inhibitor 2, see support info
3ha6  2.36  2009  IC50=2.1uM    // 3ha6.pdf (2JZ) ligand is compound 10; covalent complex
3f88  2.60  2009  IC50=2.3nM    // 3f7z.pdf (3HT) ligand is compound 20x, combine 3 letter code ligand 2HT and 3HT
3gwv  2.35  2009  IC50=2.54mM   // 3gwu.pdf (RFX) Leucine transporter LeuT in complex with R-fluoxetine, IC50=2.54+/-0.41mM
2wgs  2.55  2009  IC50=2.5uM    // 2wgs.pdf (1AZ) IC50=2.5+/-0.4uM
2zis  2.60  2009  IC50=2.8nM    // 2zir.pdf (NH8) ligand is compound 8k
3g6g  2.31  2009  IC50=2.8nM    // 3g6g.pdf (G6G) Proto-oncogene tyrosine-protein kinase Src and DSA8, IC50=2.8+/-0.3nM
3kfc  2.40  2009  IC50=2.8nM    // 3kfc.pdf (61X) Compound 7e was cocrystallized with LXRbeta
3fkt  1.90  2009  IC50=2.8uM    // 3e3w.pdf (SII) inhibitor compound 16, IC50=2.8+/-0.12uM
3jzc  2.50  2009  IC50=2.94nM   // 3jzb.pdf (4HY) TR beta complex with Triac, IC50=2.94+/-0.52nM
3hc8  1.79  2009  IC50=2.9nM    // 3hc8.pdf (PD4) ligand is compound 1 Aminopyridiopyrazinones as PDE5 Inhibitors
3ex2  1.55  2009  IC50=200uM    // 3ewu.pdf (6CN)
2who  2.00  2009  IC50=20nM     // 2who.pdf (VGI) ligand is compound1 with  Delta C55-1b NS5B polymerase; IC50=20nM
2zyb  2.55  2009  IC50=20nM     // 2zm1.pdf (KSL) ligand is compound 4
3eyh  2.00  2009  IC50=20nM     // 3eyg.pdf (IZA) JAK1-CMP6 complex
3dg8  2.58  2009  IC50=20uM     // 3dg8.pdf (RJ6) RJF 00670 with bifunctional quadruple mutant TS-DHFR, IC50=20+/-2uM
2w6m  2.00  2009  IC50=21.5uM   // 2w6m.pdf (OA1) ligand is compound 2
3fup  2.40  2009  IC50=21.7nM   // 3eyg.pdf (MI1) JAK2-CP-690, 550 complex
3fhr  1.90  2009  IC50=210nM    // 3fhr.pdf (P4O)
3h2n  2.40  2009  IC50=212.6uM  // 3h21.pdf (B62) Dihydropteroate Synthase with compound 18
3fts  2.33  2009  IC50=212uM    // 3fts.pdf (STL) ligand is compound 2, IC50=212+/-40uM
3h2m  2.31  2009  IC50=215uM    // 3h21.pdf (B61) Dihydropteroate Synthase with compound 17
3hrb  2.20  2009  IC50=21nM     // 3hrb.pdf (I39) unphosphorylated p38 alpha complexed with compound 45, IC50=21+/-1.8nM
2w12  1.46  2009  IC50=22.2uM   // 2w12.pdf (WR2) X-ray(pH=6.5), where get the PH value
3cde  2.10  2009  IC50=22nM     // 3cde.pdf (N3H)
3d25  1.30  2009  IC50=22nM     // 3d25.pdf (9-mer) VLH/R peptides bound to HLA-A2, IC50=22nM. Kd=35uM is for KP7 TCR/HLA-A2-VLH interaction
3dv5  2.10  2009  IC50=22nM     // 3dv1.pdf (BAV) ligand is compound 3
3hv6  1.95  2009  IC50=2300nM   // 3hv3.pdf (R39) ligand is compound 12; IC501=2300+/-260nM(EFC, enzyme fragment complementation); IC502=5500+/-2800nM(HTRF, homogeneoustime-resolved  fluorescence)
3fuj  1.90  2009  IC50=234uM    // 3fts.pdf (00G) ligand is compound 15, wrong N cycle is aromatic in PDB, IC50=234+/-21uM
2w0j  2.05  2009  IC50=240nM    // 2w0j.pdf (ZAT)
3f7u  2.00  2009  IC50=246nM    // 3f7b.pdf (AG4) ligand is compound 6d
3ftu  1.90  2009  IC50=247uM    // 3fts.pdf (RE2) ligand is compound 3, IC50=247+/-26uM
2w7x  2.07  2009  IC50=24nM     // 2w7x.pdf (D1A)
3ewu  1.60  2009  IC50=24uM     // 3ewu.pdf (UEP) 6-acetyl-UMP, covalent adduct; IC50=24+/-13uM
3exo  2.10  2009  IC50=24uM     // 3exo.pdf (5MS)
2w6q  2.05  2009  IC50=25.4uM   // 2w6m.pdf (OA5) ligand is compound 4, the author miss a carbon atom in reference
3h2o  2.70  2009  IC50=25.9uM   // 3h21.pdf (B63) Dihydropteroate Synthase with compound 19
3ejs  1.35  2009  IC50=250nM    // 3ejp.pdf (HN5) ligand is compound 7
3eju  1.32  2009  IC50=250nM    // 3ejp.pdf (HN7) ligand is compound 5
3jzp  1.74  2009  IC50=250nM    // 3jzo.pdf (12-mer) ligand is compound 12-mer peptide inhibitor pDI6W
2wcx  2.00  2009  IC50=25nM     // 2wcx.pdf (VGC) ligand is compound 9a
3fi2  2.28  2009  IC50=25nM     // 3fi2.pdf (JK1) ligand is compound SR3451
3kfa  1.22  2009  IC50=25nM     // 3kf4.pdf (B91) Tyrosine-protein kinase transforming protein Abl complex AP24163, IC50=25nM
2wf2  1.80  2009  IC50=26nM     // 2wf1.pdf (ZY2) ligand is compound 10, in reference, CF3 group is different from O-CH3 in PDB
3dtc  2.60  2009  IC50=26nM     // 3dtc.pdf (VIN) IC50=26+/-12nM, compound 16
2wu6  1.92  2009  IC50=29.2nM   // 2wu6.pdf (DKI) Fragment: RESIDUES 127-484  ; IC50=29.2+/-8nM;
3dga  2.70  2009  IC50=29.9uM   // 3dg8.pdf (RJ1) PfDHFR-TS complexed with RJF01302, IC50=29.9+/-0.5uM
3h06  2.80  2009  IC50=292uM    // 3h03.pdf (VBP) GluR2 AMPA receptor with UBP277, IC50=292+/-26uM
3hvg  2.26  2009  IC50=2mM      // 3hvg.pdf (EV0) BACE1-Compound 8 complex, IC50=2+/-0.6mM
2wf1  1.60  2009  IC50=2nM      // 2wf1.pdf (ZY1) ligand is compound 9, in reference, CF3 group is different from O-CH3 in PDB
3da6  2.00  2009  IC50=2nM      // 3da6.pdf (BZ9) IC501=2+/-0.7nM(Tie-2/BZ9)
3hwn  2.33  2009  IC50=2nM      // 3hwn.pdf (BD3) CATHEPSIN L with AZ13010160, pIC50=8.7, 2nM
3d3p  1.75  2009  IC50=3.16nM   // 3d3p.pdf (20A) ligand is compound 20a, pIC50=8.5, IC50=3.16nM, not 2.76nM
3gfe  2.10  2009  IC50=3.2nM    // 3gfe.pdf (P37) p38a Mitogen-Activated Protein Kinase with a Pyrazolopyridinone Inhibitor
3h0b  2.70  2009  IC50=3.2uM    // 3h0b.pdf (B35) aminoheterocycles as a novel beta-secretase inhibitor, IC50 pH 6.4=3.2uM
2wei  1.65  2009  IC50=3.4nM    // 2wei.pdf (VGG) IC50=3.4+/-0.1nM; Fragment: RESIDUES 70-338;
3kl6  1.45  2009  IC50=3.5nM    // 3kl6.pdf (443) TAK-442
3gs7  1.80  2009  IC50=3.6uM    // 3glz.pdf (8BD) Human transthyretin (TTR) complexed inhibitor 13, inhibition rate 51% at 3.6uM
2w6c  2.69  2009  IC50=3.9nM    // 2w6c.pdf (BM4) IC50=3.9+/-1.3nM
3kai  1.90  2009  IC50=3.9uM    // 3kab.pdf (4FI) Peptidyl-prolyl cis-trans isomerase NIMA-interacting 1 with compound 23b
3ft8  2.00  2009  IC50=30nM     // 3ft5.pdf (MOJ) ligand is compound 19
2vur  2.20  2009  IC50=30uM     // 2vur.pdf (YX1) IC50=30uM, but no dose-response curves shows IC50>10mM for cpOGA
3g4f  2.65  2009  IC50=30uM     // 3g4f.pdf (FPF) incubated with the enzyme and 10uM FPP, 2F-FPP exhibits an IC50 value
3ksl  2.05  2009  IC50=30uM     // 3ksl.pdf (SZH) RnPFTase:4 complexes
3hv4  2.60  2009  IC50=310nM    // 3hv3.pdf (L51) ligand is compound 21; IC501=310+/-50nM(EFC, enzyme fragment complementation); IC502=290+/-80nM(HTRF, homogeneoustime-resolved  fluorescence)
3fcl  1.70  2009  IC50=315uM    // 3fcf.pdf (3FL) ligand is compound 27
3h26  2.50  2009  IC50=32.4uM   // 3h21.pdf (B56) Dihydropteroate Synthase with compound 6
3fqa  2.35  2009  IC50=320mM    // 3fq7.pdf (GAB) IC50=320+/-0.015mM, GSAMM248I-Gabaculine; PMP is a cofactor
3fdn  1.90  2009  IC50=33nM     // 3fdn.pdf (MMH) ligand is compound 12w
3f3w  2.60  2009  IC50=34nM     // 3f3v.pdf (1BU) IC50=34+/-12nM
2wi2  2.09  2009  IC50=350uM    // 2wi1.pdf (ZZ3) ligand is compound 10, X-ray structure(cocrystal)
2wi3  1.90  2009  IC50=350uM    // 2wi1.pdf (ZZ3) ligand is compound 10, X-ray structure(soak)
3gww  2.46  2009  IC50=355mM    // 3gwu.pdf (SFX) Leucine transporter LeuT in complex with S-fluoxetine, IC50=355+/-46mM
3hqw  1.70  2009  IC50=35nM     // 3hqw.pdf (PF4) cAMP and cAMP-inhibited cGMP 3, 5-cyclic phosphodiesterase 10A with compound 1
3jzr  2.10  2009  IC50=36nM     // 3jzo.pdf (12-mer) ligand is compound 12-mer peptide inhibitor pDI6W
3ex3  1.45  2009  IC50=36uM     // 3ewu.pdf (U5P) 6-azido-UMP, covalent adduct, IC50=36+/-17uM
3hfj  2.02  2009  IC50=36uM     // 3hfj.pdf (DZ9) Bacillus anthracis nadD in complex with compound 3_02
2jle  2.90  2009  IC50=384nM    // 2jle.pdf (I15) ligand is compound 6, K103N mutant IC50=384+/-30nM, wt IC50=50+/-8.5nM
2wfg  2.20  2009  IC50=38uM     // 2wfg.pdf (ZZB) include special element B
3igb  2.24  2009  IC50=38uM     // 3igb.pdf (454) Beta-secretase 1 complex compound 3
2zzu  2.50  2009  IC50=39nM     // 2zzu.pdf (359) Fragment: UNP RESIDUES 61-212 ;  UNP RESIDUES 213-466 ; UNP RESIDUES 33-250 ;
3fq7  2.15  2009  IC50=3mM      // 3fq7.pdf (PXG) IC50=3+/-0.008mM, GSAMWT-mCPP
2w1g  2.71  2009  IC50=3nM      // 2w1c.pdf (L0G) ligand is compound 16
3h5u  1.95  2009  IC50=3nM      // 3h5s.pdf (H5U) structure 5 bound to C Delta 21 NS5B polymerase, IC50=0.003uM
3i0r  2.98  2009  IC50=3nM      // 3i0r.pdf (RT3) HIV reverse transcriptase in complex with inhibitor 3
3ia6  2.31  2009  IC50=3nM      // 3ia6.pdf (UNT) nuclear hormone receptor PPAR-gamma with compound 17j, IC50=0.003uM
3e37  1.80  2009  IC50=4.05uM   // 3e30.pdf (ED5) ligand is compound 5, IC501=4050nM(Human FTase); IC502=3.0nM(P. falciparum FTase)
3dpk  1.95  2009  IC50=4.1nM    // 3dpk.pdf (8C5)
3fc8  1.85  2009  IC50=4.1uM    // 3fc8.pdf (IFA) ligand is compound 23b
3hxb  2.25  2009  IC50=4.1uM    // 3hxb.pdf (BD5) Engineered RabGGTase complex with compound 6, IC50=4.1+/-0.2uM
3hab  2.10  2009  IC50=4.2nM    // 3hab.pdf (677) DPP4 in complex with piperidine fused benzimidazole 25, IC50=0.0042uM
3h0z  2.92  2009  IC50=4.3nM    // 3h0y.pdf (45B) Aurora A in complex with a bisanilinopyrimidine, compound 9
3hxe  1.95  2009  IC50=4.7uM    // 3hxb.pdf (BD8) Engineered RabGGTase complex with compound 37, IC50=4.7+/-0.1uM; dissociation constant(KI)=5.4uM
3fcb  1.80  2009  IC50=4.9uM    // 3fc8.pdf (IFB) ligand is compound 22b
3dz4  1.84  2009  IC50=400nM    // 3dz2.pdf (C8M) ligand is compound 17d
3hdm  2.60  2009  IC50=40nM     // 3hdm.pdf (MMG) serum and glucocorticoid-regulated kinase 1 complex with compound 1
3kf7  2.00  2009  IC50=40nM     // 3kf7.pdf (L9G) structure of p38a in complex with compound 61
3fcf  1.84  2009  IC50=40uM     // 3fcf.pdf (FCF) ligand is compound 14
3itu  1.58  2009  IC50=40uM     // 3itu.pdf (IBM) hPDE2A catalytic domain complexed with IBMX
3ess  1.19  2009  IC50=411nM    // 3ess.pdf (18N) IC50=411+/-38nM
3eq9  2.47  2009  IC50=41nM     // 3eq7.pdf (X97) ligand is compound 11
3fqs  2.10  2009  IC50=41nM     // 3fqe.pdf (585)
3hhu  1.59  2009  IC50=41nM     // 3hhu.pdf (819) BX-2819 binds to Hsp90, IC50=41nM for inhibition of GM-Bodipy binding
2wmu  2.60  2009  IC50=42uM     // 2wmq.pdf (ZYU) Fragment: KINASE DOMAIN, RESIDUES 1-289
3i7g  1.95  2009  IC50=430nM    // 3i7g.pdf (732) MMP-13 in complex with a non zinc-chelating inhibitor
3fw3  1.72  2009  IC50=43nM     // 3f7b.pdf (ETS) ligand is compound dorzolamide
2wot  1.85  2009  IC50=44nM     // 2wot.pdf (ZZG)
3ejt  1.35  2009  IC50=44nM     // 3ejp.pdf (HN6) ligand is compound 6
3ft2  1.80  2009  IC50=44nM     // 3ft2.pdf (9-mer) citrulline variant HA-1 peptide, dissociation rates on cell surface between HA-1 alleles
3ft3  1.95  2009  IC50=44nM     // 3ft2.pdf (9-mer) histidine variant HA-1 peptide, In vitro TAP translocation of peptide
2wih  2.50  2009  IC50=45nM     // 2wih.pdf (P48) ligand is compound 28
3hv3  2.00  2009  IC50=470nM    // 3hv3.pdf (R49) ligand is compound 19; IC501=470+/-70nM(EFC, enzyme fragment complementation); IC502=900+/-420nM(HTRF, homogeneoustime-resolved  fluorescence)
3coh  2.70  2009  IC50=4nM      // 3coh.pdf (83H) ligand is compound 32
3gz9  2.00  2009  IC50=4nM      // 3gz9.pdf (D32) PPARd Complex with compound 10
3k9x  1.90  2009  IC50=4nM      // 3k9x.pdf (MBM) ligand is compound 22 bound to FXa
3hxc  1.95  2009  IC50=5.2uM    // 3hxb.pdf (BD6) Engineered RabGGTase complex with compound 8, IC50=5.2+/-0.6uM
3dcq  1.80  2009  IC50=5.94uM   // 3dcq.pdf (2G0) IC50=5.94+/-1.24uM
2w1f  2.85  2009  IC50=5.9nM    // 2w1c.pdf (L0F) ligand is compound 7
3hdz  1.80  2009  IC50=51nM     // 3hdz.pdf (PD6) ligand is compound 1 as PDE5 Inhibitors, structure lack a CH2
2w1h  2.15  2009  IC50=52nM     // 2w1c.pdf (L0F) ligand is compound 7
2wmr  2.43  2009  IC50=52uM     // 2wmq.pdf (ZYR) Fragment: KINASE DOMAIN, RESIDUES 1-289
3fu0  1.80  2009  IC50=5308uM   // 3fts.pdf (22F) ligand is compound 6
2wu7  2.25  2009  IC50=530nM    // 2wu6.pdf (V25) Fragment: RESIDUES 127-484; IC50=530+/-140nM;
3fl8  2.29  2009  IC50=54nM     // 3fl8.pdf (RAR)
3dpe  1.60  2009  IC50=57nM     // 3dng.pdf (AXB) monoclinic form
3dpf  2.10  2009  IC50=57nM     // 3dng.pdf (AXB) orthorhombic form
3f2a  1.90  2009  IC50=57nM     // 3f2a.pdf (985) Original dose-response IC50=340nM, resynthesized solid IC50=57+/-1.8nM
2wi7  2.50  2009  IC50=58nM     // 2wi1.pdf (2KL) ligand is compound 34d
3fyj  3.80  2009  IC50=5nM      // 3fyj.pdf (B97) benzothiophene inhibitor bound to MAPKAP Kinase-2 (MK-2)
3g86  2.20  2009  IC50=5nM      // 3g86.pdf (T18) structure 18 bound to CD21 NS5B polymerase
3h5s  2.00  2009  IC50=5nM      // 3h5s.pdf (H5S) structure 16 bound to C Delta 21 NS5B polymerase, IC50=0.005uM
3h98  1.90  2009  IC50=5nM      // 3h98.pdf (B5P) HCV NS5b 1b complex with compound 4a, IC50=0.005uM
3jzf  2.13  2009  IC50=5uM      // 3jzf.pdf (JZK) ligand is compound 1 bound to AccC ATP-site
3jzi  2.31  2009  IC50=5uM      // 3jzi.pdf (JZL) ligand is compound 70 bound to biotin carboxylase from E. Coli
3k23  3.00  2009  IC50=6.3nM    // 3k23.pdf (JZN) Glucocorticoid Receptor with Bound D-prolinamide 11, pIC50=8.2+/-0.1
2zir  2.40  2009  IC50=6.4nM    // 2zir.pdf (NH7) ligand is compound 8w
3g6h  2.35  2009  IC50=6.4nM    // 3g6g.pdf (G6H) Proto-oncogene tyrosine-protein kinase Src T338I mutant and DSA1, IC50=6.4+/-1.2nM
3kag  1.90  2009  IC50=6.6uM    // 3kab.pdf (4D7) Peptidyl-prolyl cis-trans isomerase NIMA-interacting 1 with compound 19a
3hac  2.00  2009  IC50=6.7nM    // 3hab.pdf (361) DPP4 complex with compound 34, 34a IC50=0.0067uM, 34b IC50=0.0083uM
2w6o  2.50  2009  IC50=60.8uM   // 2w6m.pdf (OA3) ligand is compound 3
3h0w  1.81  2009  IC50=600nM    // 3h0v.pdf (N8M) Human AdoMetDC and DMAMA
3hvc  2.10  2009  IC50=600nM    // 3hvc.pdf (GG5) human p38 alpha MAP kinase with 4-FPP
3fty  2.15  2009  IC50=619uM    // 3fts.pdf (3IP) ligand is compound 5, IC50=619+/-131uM
3i7i  2.21  2009  IC50=620nM    // 3i7g.pdf (518) MMP-13 in complex with a non zinc-chelating inhibitor
2w0x  2.12  2009  IC50=625uM    // 2w0x.pdf (PD2) ligand is compound 4
2wo9  1.70  2009  IC50=62nM     // 2wo8.pdf (068) ligand is compound 6c
3kab  2.19  2009  IC50=630uM    // 3kab.pdf (4BL) Peptidyl-prolyl cis-trans isomerase NIMA-interacting 1 with compound 5
3fzt  1.95  2009  IC50=637nM    // 3fzp.pdf (4JZ) ligand is compound  PF-4618433
3hdn  3.10  2009  IC50=63nM     // 3hdm.pdf (GMG) serum and glucocorticoid-regulated kinase 1 complex with compound 2
3ig7  1.80  2009  IC50=63nM     // 3ig7.pdf (EFP) inhibitor EFP with CDK-2, compound 19, 9nM x 7=63nM
3f7b  2.05  2009  IC50=64nM     // 3f7b.pdf (AG5) ligand is compound 6f
3f7z  2.40  2009  IC50=65nM     // 3f7z.pdf (34O) ligand is compound 1
3igg  1.80  2009  IC50=66.5nM   // 3ig7.pdf (EFQ) inhibitor EFQ with CDK-2, compound 15, 95nM x 0.7=66.5nM
3jsw  2.30  2009  IC50=66nM     // 3jsi.pdf (JAR) PDE9A inhibitor 7 bound in PDE9A
2wuu  1.42  2009  IC50=68.7nM   // 2wuu.pdf (NHW) IC50=68.7+/-4.2nM
3ewh  1.60  2009  IC50=69nM     // 3da6.pdf (K11) IC501=69+/-10nM(KDR/K11); IC502=240+/-170nM(Tie-2/K11).
3h0y  2.50  2009  IC50=6nM      // 3h0y.pdf (48B) Aurora A in complex with a bisanilinopyrimidine, compound 5
3hhk  1.70  2009  IC50=6nM      // 3hhk.pdf (77Z) ligand is compound 11d bound to NS5B (genotype 1b, BK strain, Delta 21 construct)
3i28  1.95  2009  IC50=6nM      // 3i1y.pdf (34N) soluble epoxide hydrolase and inhibitors 24, human IC50=6nM, rats=9nM
3dng  2.00  2009  IC50=7.4nM    // 3dng.pdf (AXA) ligand is compound 2(S)
3kad  1.95  2009  IC50=7.5uM    // 3kab.pdf (4C0) Peptidyl-prolyl cis-trans isomerase NIMA-interacting 1 with compound 18c
3h9o  2.30  2009  IC50=70nM     // 3h9o.pdf (9BD) Phosphoinositide-dependent protein kinase 1 (PDK-1) in complex with compound 9
3dz2  1.86  2009  IC50=70uM     // 3dz2.pdf (A8M) ligand is compound 21c
2wou  2.30  2009  IC50=72nM     // 2wot.pdf (ZZF)
3kac  2.00  2009  IC50=740uM    // 3kab.pdf (4BX) Peptidyl-prolyl cis-trans isomerase NIMA-interacting 1 with compound 10
3fu5  2.30  2009  IC50=75.2uM   // 3fts.pdf (492) ligand is compound 8, IC50=75.2+/-7.3uM
2wey  2.80  2009  IC50=76nM     // 2wey.pdf (EV1) ligand is compound 1, papaverine
3fl9  2.40  2009  IC50=77.2mM   // 3fl8.pdf (TOP)
3ewz  1.40  2009  IC50=79uM     // 3ewu.pdf (CNU) 5-cyano-UMP, IC50=79+/-36uM
3dz5  2.43  2009  IC50=7nM      // 3dz2.pdf (M8M) ligand is compound 12a
3frz  1.86  2009  IC50=7nM      // 3frz.pdf (AG0) ligand is compound 24
3h0e  2.00  2009  IC50=7nM      // 3h0e.pdf (H0E) caspase-3 complex with compound 3
3i1y  2.47  2009  IC50=7nM      // 3i1y.pdf (33N) soluble epoxide hydrolase and inhibitors 1, human IC50=7nM, rats=4.8nM
3fpm  3.30  2009  IC50=8.9uM    // 3fpm.pdf (793) ligand is compound 17
3f8w  2.30  2009  IC50=82.3uM   // 3e9r.pdf (ADN) ligand is compound adenosine; IC50=82.3+/-0.7uM
2wd1  2.00  2009  IC50=82nM     // 2wd1.pdf (ZZY)
3h2f  2.20  2009  IC50=86.7uM   // 3h21.pdf (B60) Dihydropteroate Synthase with compound 16
3jzs  1.78  2009  IC50=8nM      // 3jzo.pdf (12-mer) ligand is compound 12-mer peptide inhibitor pDIQ
3h22  2.40  2009  IC50=8uM      // 3h21.pdf (B53) Dihydropteroate Synthase with compound 3
2wmv  2.01  2009  IC50=9.2uM    // 2wmq.pdf (ZYV) Fragment: KINASE DOMAIN, RESIDUES 1-289
3dp1  2.30  2009  IC50=9.92uM   // 3doy.pdf (2RB) ligand is compound 3n, IC50=9.92+/-0.59uM
2wti  2.50  2009  IC50=92nM     // 2wtc.pdf (WTI) ligand is compound 53
3gnv  2.75  2009  IC50=93nM     // 3gnv.pdf (XNZ) NS5B-(R)-1b complex, Kd nd, IC50=0.093uM
3hyg  1.40  2009  IC50=93nM     // 3hy7.pdf (099) ligand is compound 8
3hv5  2.25  2009  IC50=95nM     // 3hv3.pdf (R24) ligand is compound 22; IC501=95+/-25nM(EFC, enzyme fragment complementation); IC502=150+/-40nM(HTRF, homogeneoustime-resolved  fluorescence)
3fuk  1.95  2009  IC50=966uM    // 3fts.pdf (58Z) ligand is compound 16, IC50=966+/-322uM
3hxd  1.95  2009  IC50=9uM      // 3hxb.pdf (BD7) Engineered RabGGTase complex with compound 9, IC50=9+/-1uM; dissociation constant(KI)=14.5uM
3dvp  2.50  2009  Kd=0.01mM     // 3dvp.pdf (10-mer) Kd=0.01~0.1mM; incomplete ligand
3ikc  2.60  2009  Kd=0.035uM    // 3ijh.pdf (2-mer) Fab fragment of S67-27 complex Kdo(2-8)-7-O-Me-Kdo, KME-KDO, Kd=0.35x10-7M
3csl  2.70  2009  Kd=0.06uM     // 3csl.pdf (HEM) Heme bound with HasA-HasR, Kd=0.06uM
3c8e  1.50  2009  Kd=0.07mM     // 3c8e.pdf (GSH)
3gws  2.20  2009  Kd=0.081nM    // 3gws.pdf (T3)
2wjg  2.20  2009  Kd=0.08uM     // 2wjg.pdf (GDP)
3g15  1.70  2009  Kd=0.10uM     // 3feg.pdf (HC6) ligand is HC-3; Kd=0.10+/-0.003uM; Ki=0.21+/-0.01uM
3fsj  1.37  2009  Kd=0.113mM    // 3fsj.pdf (D7K) Ki=0.38+/-0.04mM
3bwk  2.42  2009  Kd=0.114mM    // 2oz2.pdf (C1P) covalent complex; ligand is K11017, Ka=8800M-1, Kd=0.114mM
2vk2  1.20  2009  Kd=0.13uM     // 2vk2.pdf (GZL) inferred affinity of YtfQ for galactofuranose is Kd=0.13uM
3fzy  1.95  2009  Kd=0.18uM     // 3fzy.pdf (IHP) Kd=0.18+/-0.02uM
3heg  2.20  2009  Kd=0.18uM     // 3hec.pdf (BAX) ligand is compound sorafenib; IC50=0.057uM
2w3o  1.85  2009  Kd=0.19uM     // 2w3o.pdf (8-mer) Kd=0.19+/-0.02uM, HUMAN PNKP FHA DOMAIN with AN XRCC1-DERIVED tri-PHOSPHOPEPTIDE
3a1c  1.85  2009  Kd=0.1mM      // 3a1c.pdf (ACP)
2w16  2.71  2009  Kd=0.1nM      // 2w16.pdf (8-mer) 8-mer peptide DSN-ARG-DSN-FHO-LYS-FHO-THR-THR
3drf  1.30  2009  Kd=0.1uM      // 3drf.pdf (8-mer)
3drg  2.50  2009  Kd=0.1uM      // 3drf.pdf (9-mer)
3g2t  2.00  2009  Kd=0.1uM      // 3g2t.pdf (13-mer) human GGA1-VHS complexed with SorLA C-terminal Phosphopeptide, Kd=0.1+/-0.03uM; incomplete ligand
3ie3  1.80  2009  Kd=0.21uM     // 3gur.pdf (N11) Kd=0.21+/-0.06uM
3el1  1.70  2009  Kd=0.23nM     // 3ekp.pdf (DR7) ligand is atazanavir; Kd=0.23+/-0.12nM
3eky  1.80  2009  Kd=0.23nM     // 3ekp.pdf (DR7) ligand is atazanavir; Kd=0.23+/-0.12nM; redundant to 3el1
3jvs  1.90  2009  Kd=0.29uM     // 3jvr.pdf (AGY) ligand is compound 3, Kd=0.29+/-0.07uM
3imy  2.55  2009  Kd=0.2nM      // 3imy.pdf (B72) ligand is compound 7
3bwj  2.30  2009  Kd=0.319uM    // 3bwj.pdf (ARX) ligand is compound 1; Kd=0.319+/-0.057uM; IC50=2.6+/-0.3uM
3d1v  2.70  2009  Kd=0.324mM    // 3d1v.pdf (D1V) 2-mercapto(3H)quinazolinone; pKd=3.49, Kd=0.324mM(quinazolinone)
3dla  2.35  2009  Kd=0.35mM     // 3dla.pdf (NXX) incomplete ligand structure
3d7m  2.90  2009  Kd=0.36uM     // 3d7m.pdf (GDP) I56C/Q333C Galpha i1 in complex with GDP-AlF4-, Kd=0.36+/-0.01uM
3ffu  2.80  2009  Kd=0.36uM     // 3ef5.pdf (GTP) Kd=0.36uM(for Mg2+) without GTP
3e8u  2.10  2009  Kd=0.38nM     // 3e8u.pdf (11-mer) Fab 106.3 complex with BNP peptide epitope, Kd=0.38+/-0.07nM
3ekx  1.97  2009  Kd=0.39nM     // 3ekp.pdf (1UN) ligand is NFV; Kd=0.39+/-0.07nM
3ekv  1.75  2009  Kd=0.39nM     // 3ekp.pdf (478) ligand is amprenavir; Kd=0.39+/-0.20nM
2w73  1.45  2009  Kd=0.3uM      // 2w73.pdf (17-mer) A PEPTIDE FROM CALCINEURIN A, Kd1=0.7uM(Temper 35); Kd2=0.3uM(Temper 30)
3g2v  2.10  2009  Kd=0.3uM      // 3g2v.pdf (13-mer) VHS:SoP complex, Kd=0.3+/-0.02uM; incomplete ligand
3hjo  1.95  2009  Kd=0.3uM      // 3hjo.pdf (EAA) Glutathione Transferase Pi Y108V Mutant Complex with EASG, Kd=0.3+/-0.1uM; multiple ligands
3hik  1.77  2009  Kd=0.445uM    // 3hik.pdf (6-mer) Pentamer phosphopeptide-PLHSpT ; Kd=0.445+/-0.180uM
3fvh  1.58  2009  Kd=0.447uM    // 3c5l.pdf (7-mer) Kd=0.447+/-0.110uM
3ed0  2.30  2009  Kd=0.45uM     // 3ed0.pdf (EMO) Kd=0.45uM(ITC); Kd=4.59uM(SPR); Ki=1.9+/-0.3uM; IC50=9.7+/-1.0uM
2zx5  2.65  2009  Kd=0.469pM    // 2zwz.pdf (ZX5) ligand is compound 2; Kd=0.469+/-0.14pM; Ki=0.469pM
3f33  1.70  2009  Kd=0.46mM     // 3f33.pdf (PFL) ligand is compound 1; binding data in suppl info
3hxi  1.80  2009  Kd=0.47uM     // 3hxg.pdf (GTG) Kd=0.27uM(fluorescence titration); Kd=0.47+/-0.01uM(ITC)
2w77  2.90  2009  Kd=0.65nM     // 2w16.pdf (10-mer) 10-mer peptide SER-LYS-GLY-FHO-SER-SER-GLY-LYS-FH7-SER, Kd=0.65+/-0.07nM
3eu7  2.20  2009  Kd=0.66uM     // 3eu7.pdf (19-mer) 19 meric peptide from Breast cancer type 2 susceptibility protein; incomplete ligand
3f35  1.92  2009  Kd=0.69mM     // 3f33.pdf (DIE) ligand is compound 5(1); binding data in supplementary info; redundant to 3f34
3f34  1.68  2009  Kd=0.69mM     // 3f33.pdf (DIE) ligand is compound 5(2); binding data in suppl info
3g2s  1.70  2009  Kd=0.6uM      // 3g2s.pdf (13-mer) VHS Domain of human GGA1 complexed with SorLA C-terminal Peptide, Kd=0.6+/-0.02uM; incomplete ligand
2zym  1.80  2009  Kd=0.73uM     // 2zym.pdf (ACX) Kd=0.73+/-0.02uM
2kgi   NMR  2009  Kd=0.75uM     // 2kgi.pdf (9-mer) H3(1-9)K4me3 peptide
3gnw  2.39  2009  Kd=0.79nM     // 3gnv.pdf (XNC) NS5B in complex with (S)-4c; Kd=0.79nM, IC50=0.026uM
3e73  2.80  2009  Kd=0.7mM      // 3e73.pdf (GSH)
3a3y  2.80  2009  Kd=0.7nM      // 3a3y.pdf (OBN) X-ray(Na+,K+ ATPase ); Kd=0.7nM(ATPase in E2P-like states).
2k7l   NMR  2009  Kd=0.7uM      // 2k7l.pdf (19-mer) C-terminal domain of human RAP74 with centFCP1-T584PO4 peptide, Kd=0.7+/-0.1uM
2v58  2.10  2009  Kd=0.82nM     // 2v58.pdf (LZJ) ligand is inhibitor 1, Kd=0.82+/-0.22nM(SPR); Kd<5.0nM(ITC).
3iw5  2.50  2009  Kd=0.839uM    // 3iw5.pdf (DF3) ligand is compound 14, Kd=0.839+/-0.145uM
2w7y  2.35  2009  Kd=0.83uM     // 2w7y.pdf (3-mer) Ka=(1.2+/-0.3)x10-6M(UV); Ka=(1.01+/-0.16)x10-6M(ITC)
3ijy  2.85  2009  Kd=0.91uM     // 3ijh.pdf (2-mer) Fab fragment of S67-27 complex Kdo(2-8)Kdo, KDA-KDO, Kd=9.1x10-7M
3esj  2.70  2009  Kd=0.925mM    // 3elc.pdf (CC7) ligand is compound 7, Kd=0.925+/-0.71mM, temperature is 10 degree
3e12  1.70  2009  Kd=1.02uM     // 3e0i.pdf (KD0) Kd=1.02+/-0.01uM(pH=7.5); Kd=1.94+/-0.01uM(pH=5.0)
3dxm  2.85  2009  Kd=1.0uM      // 3dxk.pdf (N24) Kd=1.0+/-0.2uM; IC50=11uM
2kdh   NMR  2009  Kd=1.1mM      // 2kdh.pdf (KDH) Kd=1.1mM
2w8j  1.50  2009  Kd=1.1mM      // 2w8j.pdf (PLS) Kd=1.1+/-0.1mM
3img  1.80  2009  Kd=1.1mM      // 3img.pdf (BZ3) ligand is compound 33
3i9g  1.90  2009  Kd=1.1nM      // 3i9g.pdf (S1P) S1P:LT1009 Fab complex, Kd=1.1+/-0.1nM(50uM Ca2+), Kd=130+/-30nM (without Ca2+)
2weq  2.20  2009  Kd=1.27uM     // 2wep.pdf (GDM) Kd=1.27+/-0.09uM
2zyn  1.70  2009  Kd=1.2uM      // 2zym.pdf (BCD) Kd=1.2+/-0.1uM
3f36  1.70  2009  Kd=1.3mM      // 3f33.pdf (IP0) ligand is compound 7; binding data in supplementary info
3ekp  2.15  2009  Kd=1.3nM      // 3ekp.pdf (478) ligand is amprenavir; Kd=1.3+/-0.01nM
3ghe  2.40  2009  Kd=1.3uM      // 3ghb.pdf (15-mer) anti-HIV-1 Fab 537-10D complex V3 peptide MN, SUPPLEMENTAL DATA
3h1x  1.40  2009  Kd=1.3uM      // 3h1x.pdf (IMN) ligand is indomethacin; Kd=1.3+/-0.2uM
3fxb  2.90  2009  Kd=1.4uM      // 3fxb.pdf (4CS) the UehA-ectoine complex, Kd=1.4+/-0.1uM
3h6z  2.80  2009  Kd=1.5uM      // 3h6z.pdf (6-mer) dSfmbt-4MBT and histone H4K20me1 peptide complex, Kd=1.5+/-0.03uM
3iue  1.73  2009  Kd=1.5uM      // 3imc.pdf (FG3) ligand is compound 4
3k8d  1.90  2009  Kd=1.7uM      // 3k8d.pdf (KDO) Kd=1.7+/-0.53uM, incomplete ligand structrue
3ivx  1.73  2009  Kd=1.8uM      // 3imc.pdf (FG6) ligand is compound 8
3hrf  1.90  2009  Kd=10.3uM     // 3hrc.pdf (P47) Human PDK1 kinase domain complex with ATP and PS48
2vr3  1.95  2009  Kd=10.5uM     // 2vr3.pdf (13-mer) Clumping factor A bound to FIBRINOGEN GAMMA-CHAIN; incomplete ligand
2w47  1.40  2009  Kd=10.5uM     // 2vzq.pdf (UNF) Ka=9.5x10+4M-1
3ekw  1.60  2009  Kd=10.9nM     // 3ekp.pdf (DR7) ligand is atazanavir; Kd=10.9+/-1.60nM
3ime  2.39  2009  Kd=1000uM     // 3imc.pdf (BZ2) ligand is compound 5
2wzf  2.10  2009  Kd=100nM      // 2wzf.pdf (UDP-BGC)
2kfx   NMR  2009  Kd=100uM      // 2kfx.pdf (WW7) P+L-P.L-P.L.L4, two equilirium, Kd1=100uM; Kd2=0.43pM
3ijh  2.10  2009  Kd=100uM      // 3ijh.pdf (KO2) Fab fragment of S67-27 complex Ko, Kd=1000x10-7M
3hv8  1.45  2009  Kd=104.2nM    // 3hv8.pdf (C2E) ligand is c-di-GMP
2k0g   NMR  2009  Kd=107nM      // 2k0g.pdf (CMP)
3gkz  1.90  2009  Kd=10nM       // 3gkz.pdf (B40) scFv6H4 in complex with METH
3gvu  2.05  2009  Kd=10nM       // 3gvu.pdf (STI) ligand is imatinib
3hx3  1.69  2009  Kd=10nM       // 3hx3.pdf (RET) CRALBP mutant R234W complex 11-cis-retinal
2kbs   NMR  2009  Kd=10uM       // 2kbr.pdf (8-mer) octameric peptide from Cadherin-23(Cad23-PBM peptide), Kd=10+/-0.2uM
2vxn  0.82  2009  Kd=10uM       // 2vxn.pdf (PGH)
3cfn  1.87  2009  Kd=10uM       // 3cfn.pdf (2AN)
3dow  2.30  2009  Kd=11.5uM     // 3dow.pdf (12-mer) Kd=11.5+/-1.1uM, Gamma-aminobutyric acid receptor-associated protein bound to CRT peptide; incomplete ligand
3imc  1.60  2009  Kd=1100uM     // 3imc.pdf (BZ3) ligand is compound 1
2weh  2.10  2009  Kd=1125nM     // 2weg.pdf (FB1) ligand is compound 5
2weo  1.40  2009  Kd=118nM      // 2weg.pdf (FBW) ligand is compound 3
3jvk  1.80  2009  Kd=118uM      // 3jvk.pdf (8-mer) histone H3.3 peptide(GGK(ac)APRKQ); Kd=118+/-28uM
3g5d  2.20  2009  Kd=11nM       // 3f3v.pdf (1N1) Kd=11+/-3nM; IC50=0.4+/-0.2nM
3juq  1.75  2009  Kd=12.4uM     // 3jum.pdf (AJD&AKD) ligand is compound racemic-1, Kd=12.4+/-0.82uM
3cx9  2.80  2009  Kd=12.9uM     // 3cx9.pdf (LPX) Kd=5.6uM(in the absence of myristate); Kd=12.9uM(in the presence of myristate)
3fgc  2.30  2009  Kd=120uM      // 3fgc.pdf (FMN) luciferase/FMN complex, Kd is for reduced FMNH2, not FMN
3gk4  1.90  2009  Kd=120uM      // 3gk1.pdf (53A) ligand is compound SBi523 bound to Ca2+ S100B, Kd=0.12+/-0.03mM
3evd  1.50  2009  Kd=124nM      // 3eva.pdf (GTP) Kd=124+/-6nM; Ki=40+/-10nM
3evc  1.60  2009  Kd=124nM      // 3eva.pdf (GTP) Na+ citrate; Kd=124+/-6nM; Ki=40+/-10nM; redundant to 3evd
2wor  1.70  2009  Kd=125uM      // 2wor.pdf (2AN) S100A7 with 1,8 ANS, Kd=125+/-11uM
2wos  1.70  2009  Kd=125uM      // 2wor.pdf (6AN) S100A7 with 2,6 ANS, Kd=125+/-11uM
3ehn  2.80  2009  Kd=12mM       // 3ehn.pdf (NLC)
3h9f  2.60  2009  Kd=12nM       // 3cek.pdf (92M) supplementary information; compound Mps1-IN-2; IC50=145nM
3hv7  2.40  2009  Kd=12nM       // 3hv3.pdf (1AU) ligand is compound 4; Kd=12+/-2nM
3iw8  2.00  2009  Kd=13.4uM     // 3iw5.pdf (HIZ) ligand is compound 25, Kd=13.4+/-2.3uM
3hwx  2.60  2009  Kd=13.9nM     // 3hww.pdf (TPP) EcMenD ThDP complex, Kd=1.39x10-8M, pH=7.5
3gxz  2.50  2009  Kd=13nM       // 3gxz.pdf (11-mer) ligand is Man-9
3a1t  1.80  2009  Kd=14.8uM     // 3a1s.pdf (GDP) crystal form II; Kd=14.8+/-0.4uM
3a1s  1.50  2009  Kd=14.8uM     // 3a1s.pdf (GDP) in crystal form I; Kd=14.8+/-0.4uM
2w4x  2.42  2009  Kd=14uM       // 2w4x.pdf (STZ) Kd=14+/-0.4uM
3f70  2.10  2009  Kd=14uM       // 3f70.pdf (MLZ) L3MBTL2-H4K20me1 complex, Kd=14+/-0.2uM
3h52  2.80  2009  Kd=14uM       // 3h52.pdf (19-mer) binding of NCoR for GR-LBD in the presence of mifepristone; incomplete ligand
3k41  1.90  2009  Kd=150mM      // 3k41.pdf (M6D) EQKM mutant, wildtype Kd=1mM
3gcp  2.25  2009  Kd=15nM       // 3gcp.pdf (SB2) ligand is SB203580
3fbr  3.50  2009  Kd=15uM       // 3dnt.pdf (9-mer) HipA bound the EF-Tu peptide IREGGRTVGA, Kd=15+/-5uM
2zwz  2.36  2009  Kd=16.3nM     // 2zwz.pdf (ZWZ) ligand is compound 1; Kd=16.3+/-2.5nM; Ki=16.3nM
3f39  1.85  2009  Kd=16.5mM     // 3f33.pdf (IPH) ligand is compound 9; supplementary information
3gcu  2.10  2009  Kd=165nM      // 3gcp.pdf (R48) ligand is compound 11d; Kd=165+/-58nM
3bpc  1.85  2009  Kd=16uM       // 3bpc.pdf (2-mer) ligand is KDA-KDB
3iiy  2.65  2009  Kd=16uM       // 3iiw.pdf (11-mer) Eed in complex with a trimethylated histone H1K26 peptide, Kd=16+/-1uM; incomplete ligand
3dsz  2.00  2009  Kd=17.1nM     // 3dsz.pdf (LIZ) Kd=17.1+/-2nM for Tb7.N9 structure, Kd=13.2+/-1.5nM for Tb7.N9.N34
2w10  1.90  2009  Kd=170nM      // 2vwf.pdf (12-mer) 12-mer TYROSINE-PROTEIN PHOSPHATASE NON-RECEPTOR TYPE 23, Kd=0.17+/-0.06uM
3ekq  2.20  2009  Kd=176.0nM    // 3ekp.pdf (ROC) ligand is SQV; Kd=176.0+/-4.2nM
3gm0  2.40  2009  Kd=17nM       // 3gkz.pdf (B41) scFv6H4 in complex with MDMA
3ern  2.10  2009  Kd=18.91mM    // 3elc.pdf (CAR) AraCMP, Kd=18.91+/-5.8mM, temperature is 10 degree
3el5  1.60  2009  Kd=18.9nM     // 3ekp.pdf (1UN) ligand is NFV; Kd=18.9+/-0.25nM
3dgo  2.50  2009  Kd=180nM      // 3dgl.pdf (ATP) Kd=180+/-30nM
3h91  1.50  2009  Kd=185uM      // 2l11.pdf (15-mer) Protein 1 Fragment: UNP residues 9-62 ; Kd=185+/-20uM;
3fjg  2.20  2009  Kd=187uM      // 3fir.pdf (3PG)
2v59  2.40  2009  Kd=18nM       // 2v58.pdf (LZK) ligand is inhibitor 2, Kd=6.53+/-0.64nM(SPR); Kd=18+/-9nM(ITC).
3dnt  1.66  2009  Kd=18uM       // 3dnt.pdf (ATP) Kd=18+/-2uM
3f3u  2.50  2009  Kd=18uM       // 3f3t.pdf (1AW) ligand is compound 1b, Kd=18+/-0.9uM
3hg1  3.00  2009  Kd=18uM       // 3hg1.pdf (10-mer) ligand is human leukocyte antigen (HLA)-A*0201-ELA peptide (ELAGIGILTV); Kd=18+/-1uM at temperature 25 degree
3fuc  1.45  2009  Kd=190pM      // 3fuc.pdf (9D9&9DG) PNP in complex with DFPP-DG, Kd=190+/-90pM
3fj7  1.70  2009  Kd=195uM      // 3fir.pdf (PEQ) PEP and PEQ are the same ligands
3d4f  1.55  2009  Kd=19nM       // 3d4f.pdf (LN1) Kd1=19+/-3nM(progress curves); Kd2=27+/-2nM(direct competition reaction.); Ki=0.11+/-0.01uM
2wf5  1.30  2009  Kd=1uM        // 2wf5.pdf (BG6)
3elc  2.50  2009  Kd=2.02mM     // 3elc.pdf (F01) Kd=2.02+/-0.42mM measured at 10C
3dkj  2.00  2009  Kd=2.0uM      // 3dgr.pdf (PRP) human NAMPT complexed benzamide and phosphoribosyl pyrophosphate, Kd=2.0+/-0.2uM(for PRP)
3iuc  2.40  2009  Kd=2.17uM     // 3iuc.pdf (ADP) ITC Kd=3.8uM
3d45  3.00  2009  Kd=2.1uM      // 3d45.pdf (7MG) Kd=2.1+/-0.07uM
3a1e  1.95  2009  Kd=2.2mM      // 3a1c.pdf (ACP)
3g2w  2.40  2009  Kd=2.2uM      // 3g2w.pdf (14-mer) VHS Domain of human GGA1 complexed with a DXXLL hinge peptide, Kd=2.2+/-0.4uM; incomplete ligand
3fwv  2.20  2009  Kd=2.3uM      // 3fwv.pdf (6-mer) TPR Protein, T-MOD(VMY) in complex with MEEVF peptide
3iw7  2.40  2009  Kd=2.3uM      // 3iw5.pdf (IPK) ligand is compound 15, Kd=2.3+/-0.57uM; incomplete ligand structure
2kfh   NMR  2009  Kd=2.4mM      // 2kff.pdf (12-mer) Rab11-FIP2 GPF peptide FNYESTGPFTAK, Ki=2.4+/-0.1mM
3f38  1.75  2009  Kd=2.4mM      // 3f33.pdf (2MY) ligand is compound 8(1); binding data in supplementary info; redundant to 3f37
3f37  1.54  2009  Kd=2.4mM      // 3f33.pdf (2MY) ligand is compound 8(2); binding data in suppl info
3e3c  2.50  2009  Kd=2.4uM      // 3e3c.pdf (HHG)
2vxa  2.60  2009  Kd=2.5uM      // 2vx9.pdf (RBF) HhDod for RF, Kd=2.5uM
3e6y  2.50  2009  Kd=2.5uM      // 3e6y.pdf (CW1) ligand is cotylenin A
3jup  1.90  2009  Kd=2.63uM     // 3jum.pdf (AKD) ligand is compound S-1, Kd=2.63+/-1.1uM
3gxy  2.40  2009  Kd=2.6uM      // 3gxy.pdf (3-mer)
2w6t  2.90  2009  Kd=2.7nM      // 2w16.pdf (10-mer) 10-mer peptide SER-LYS-GLY-FHO-SER-SER-GLY-ORN-FHO-SER, Kd=2.7+/-0.2nM
2w78  3.00  2009  Kd=2.7nM      // 2w16.pdf (7-mer) 7-mer peptide SER-LYS-GLY-FHO-LYS-FH7-SER, Kd=2.7+/-0.7nM; incomplete ligand structure
3kjd  1.95  2009  Kd=2.9nM      // 3kcz.pdf (78P) ligand is inhibitor ABT-888
3ggw  1.70  2009  Kd=2.9uM      // 3ggw.pdf (12-mer) FAB F22-4 complex a peptide, ITC Kd=2.9+/-0.3uM, SPR Kd=3.3+/-0.2uM; incomplete ligand
3gl6  1.90  2009  Kd=20.7uM     // 2kgi.pdf (9-mer) unmodified Histone H3 N-terminal residues 1-9
3dp9  2.30  2009  Kd=208pM      // 3dp9.pdf (BIG) Kd=208+/-46pM; IC50=6+/-1nM
3gf2  1.80  2009  Kd=20mM       // 3gf2.pdf (SAL) hypothetical regulator ST1710 complexed with sodium salicylate, Kd=20+/-4.9mM
3g0e  1.60  2009  Kd=20nM       // 3g0e.pdf (B49) KIT kinase domain in complex with sunitinib, Kd=20+/-13nM
3hy5  3.04  2009  Kd=20nM       // 3hx3.pdf (RET) wild type CRALBP complex 11-cis-retinal, two fold weak than R234W mutant
3ij1  2.10  2009  Kd=20uM       // 3iiw.pdf (11-mer) Eed in complex with a trimethylated histone H4K20 peptide, Kd=20+/-0.9uM; incomplete ligand
3k5i  2.00  2009  Kd=20uM       // 3k5h.pdf (AIR) Kd=20+/-8uM
3isj  2.20  2009  Kd=210uM      // 3imc.pdf (A8D) ligand is compound 2
3ioc  2.50  2009  Kd=210uM      // 3iob.pdf (A5D) ligand is compound PS-14a, Kd=210+/-20uM
3g19  1.85  2009  Kd=214nM      // 3g19.pdf (3-mer) ligand is LLL tripeptide
2w87  1.60  2009  Kd=22.2uM     // 2vzq.pdf (GCU) Ka=4.5x10+4M-1
3g0f  2.60  2009  Kd=22nM       // 3g0e.pdf (B49) D816H mutant KIT kinase domain in complex with sunitinib, Kd=22+/-15nM
3h1z  1.83  2009  Kd=22uM       // 3h1z.pdf (15-mer) ligand is compound 15-mer PIPKI gamma-p90 peptide
2zq1  1.68  2009  Kd=239nM      // 2zdk.pdf (11U) ligand is compound 1b(closed form); Kd=239+/-26nM; Ki=49+/-15nM
3d78  1.60  2009  Kd=23nM       // 3cyz.pdf (NBB) Kd=23+/-4nM
3k5k  1.70  2009  Kd=23nM       // 3k5k.pdf (DXQ) ligand is compound 8; Kd=23+/-8nM; IC50=15+/-10nM
3ifp  2.95  2009  Kd=24.5nM     // 3ifl.pdf (7-mer) Amyloid beta A4 protein
3iqg  1.90  2009  Kd=24.9uM     // 3iqg.pdf (5-mer) Kd=24.9+/-3.6uM; incomplete ligand
2kff   NMR  2009  Kd=245uM      // 2kff.pdf (12-mer) Rab11-FIP2 NPF peptide FNYESTNPFTAK, Kd=245+/-35uM
3eyu  2.71  2009  Kd=24nM       // 3eys.pdf (8-mer) Ror2(518-525)
2rol   NMR  2009  Kd=24uM       // 2rol.pdf (12-mer) Eps8L1 SH3 domain complex 12-mer peptide from T-cell surface glycoprotein CD3 epsilon chain
3iux  1.65  2009  Kd=25.1nM     // 3iux.pdf (18-mer) human MDM2 complex with 18-residues inhibitor stingin-1, Kd=25.1+/-5.1nM
2kbr   NMR  2009  Kd=25.4uM     // 2kbr.pdf (18-mer) harmonin N-terminal complex 18-mer peptide of cadherin23, Kd=25.4+/-0.8uM
3iqh  1.90  2009  Kd=25.8uM     // 3iqg.pdf (5-mer) Kd=25.8+/-1.7uM; incomplete ligand
3dgl  1.80  2009  Kd=250nM      // 3dgl.pdf (ATP) Kd=250+/-9nM; redundant to 2p09
2wp1  2.10  2009  Kd=251uM      // 2wp1.pdf (10-mer) Kd=251+/-62uM, BD2 bound to Histone H3 peptide; incomplete ligand
3ekt  1.97  2009  Kd=26pM       // 3ekp.pdf (017) ligand is DRV; Kd=26+/-10pM; redundant to 6dh0
3f3t  2.50  2009  Kd=26uM       // 3f3t.pdf (1AU) ligand is compound 1c, Kd=26+/-1.3uM; IC50=64.1+/-15.3uM
2khh   NMR  2009  Kd=276nM      // 2khh.pdf (9-mer) ligand is nucleoporin FxFG repeats; Kd=276+/-80nM
2zq2  1.40  2009  Kd=276nM      // 2zdk.pdf (13U) ligand is compound 1d(open form); Kd=276+/-76nM; Ki=102+/-18nM
3gfw  2.74  2009  Kd=27nM       // 3cek.pdf (S22) supplementary information; compound Mps1-IN-1; IC50=367nM
2uzj  1.55  2009  Kd=27uM       // 2uzj.pdf (E64) covalent complex; Kd=27+/-7uM
2zfs  1.51  2009  Kd=287nM      // 2zdk.pdf (12U) ligand is compound 1c(closed form); Kd=287+/-48nM; Ki=81+/-39nM
2zhd  1.94  2009  Kd=287nM      // 2zdk.pdf (12U) ligand is compound 1c(open form); Kd=287+/-48nM; Ki=81+/-39nM; redundant to 2zfs
2w92  1.65  2009  Kd=28uM       // 2w92.pdf (NGT) Kd=28+/-4uM
3iub  1.50  2009  Kd=29uM       // 3imc.pdf (FG2) ligand is compound 3
3gk2  1.98  2009  Kd=2mM        // 3gk1.pdf (27A) ligand is compound SBi279 bound to Ca2+ S100B, Kd=2+/-1mM
3fhb  2.30  2009  Kd=2uM        // 3c49.pdf (GAB)
2wn9  1.75  2009  Kd=3.0nM      // 2wn9.pdf (ZY5) Kd=3.0+/-0.096nM
3da9  1.80  2009  Kd=3.1uM      // 3da9.pdf (44U) IC50=18uM
3iw6  2.10  2009  Kd=3.29uM     // 3iw5.pdf (PP0) ligand is compound 10, Kd=3.29+/-0.64uM
3ga5  1.87  2009  Kd=3.2uM      // 3ga5.pdf (RGG) Salmonella GBP in complex with GGal; binding data found in another reference
3eqs  1.65  2009  Kd=3.3nM      // 3eqs.pdf (12-mer) human MDM2 in complex with a 12-mer peptide, Kd1=3.3nM(ITC); Kd2=3.4uM(SPR); incomplete ligand
3ivv  1.25  2009  Kd=3.7uM      // 3hqi.pdf (10-mer) SPOPMATH-PucSBC1_pep1 complex, Kd=3.7+/-0.03uM; incomplete ligand structure
2wa8  2.15  2009  Kd=3.8uM      // 2w9r.pdf (10-mer) N-END RULE PEPTIDE Fpep: GRSKGEELFT
3gqo  2.60  2009  Kd=3.9uM      // 3gpo.pdf (APR) macro domain of VEEV virus in complex with ADP-ribose, Kd=3.9+/-0.65uM
2zft  1.76  2009  Kd=300nM      // 2zdk.pdf (10U) ligand is compound 1a(closed form); Kd1=300+/-34nM(Tris); Kd2=316+/-60nM(Tricine); Kd3=301+/-43M(Hepes); Kd4=245+/-38nM(PPi); Ki=117+/-25nM
3fdt  2.00  2009  Kd=30uM       // 2l11.pdf (15-mer) Kd=30+/-5uM;
2wl5  1.80  2009  Kd=30uM       // 2wkt.pdf (COA) ACETYL-COA ACETYLTRANSFERASE H348N MUTANT WITH COENZYME A, Kd=30+/-2uM
2weg  1.10  2009  Kd=314nM      // 2weg.pdf (FBV) ligand is compound 2
3eu5  2.80  2009  Kd=32nM       // 3eu5.pdf (GBO)
2wnj  1.80  2009  Kd=330nM      // 2wn9.pdf (ZY7) Kd=330+/-58nM
3gx0  2.30  2009  Kd=330uM      // 3gx0.pdf (GDS) GST-like protein yfcG in complex with GSH, Kd=330+/-10uM
3hec  2.50  2009  Kd=34.0uM     // 3hec.pdf (STI) ligand is compound imatinib; IC50=70.0uM
3el0  2.00  2009  Kd=34.1nM     // 3ekp.pdf (1UN) ligand is NFV; Kd=34.1+/-1.3nM
3gcq  2.00  2009  Kd=342nM      // 3gcp.pdf (1BU) ligand is compound 10b, Kd=342+/-39nM
2w2u  2.20  2009  Kd=35uM       // 2w2u.pdf (14-mer) Kd=35.0+/-9.4uM, ligand is a 14-mer peptide of Saci1373 (ESCRT-III); incomplete ligand
2vx9  1.65  2009  Kd=36nM       // 2vx9.pdf (RBF) X-ray(dodecin E45A with RF) while Kd(wild type dodecin with RF)
3fea  1.33  2009  Kd=36nM       // 3fe7.pdf (10-mer) Kd=36+/-2nM, p53-peptidomimetic Ac-Phe-Met-Aib-Pmp-6-Cl-Trp-Glu-Ac3c-Leu-NH2
3gp0  1.90  2009  Kd=36nM       // 3gp0.pdf (NIL) ligand is Nilotinib
3k27  1.76  2009  Kd=36uM       // 3jpx.pdf (9-mer) H3K9me3; Kd1=24+/-3uM(fluorescence polarization assay); Kd2=36+/-3uM(ITC)
3dri  1.80  2009  Kd=37.7uM     // 3drf.pdf (6-mer)
2wig  2.15  2009  Kd=370uM      // 2wid.pdf (TC3) covalent complex; nonaged hBChE; compound TA4; Kd=370+/-40uM; Ki=4+/-0.5uM
2we3  2.00  2009  Kd=37uM       // 2we0.pdf (DUT)
3iqi  1.70  2009  Kd=38.7uM     // 3iqg.pdf (5-mer) Kd=38.7+/-2.8uM; incomplete ligand
2w08  1.70  2009  Kd=380uM      // 2w08.pdf (TPO)
3iob  1.80  2009  Kd=380uM      // 3iob.pdf (A4D) ligand is compound PS-6, Kd=380+/-30uM
3jzo  1.80  2009  Kd=3nM        // 3jzo.pdf (12-mer) pDI peptide; Kd=3nM(FP); IC50=550nM
3eys  1.95  2009  Kd=3uM        // 3eys.pdf (6-mer) incomplete ligand
3hqr  2.00  2009  Kd=3uM        // 3hqr.pdf (OGA) ligand is compound NOG
3el9  1.60  2009  Kd=4.00nM     // 3ekp.pdf (DR7) ligand is atazanavir; Kd=4.00+/-0.21nM
3e85  1.95  2009  Kd=4.2uM      // 3e85.pdf (BSU) Kd=4.2+/-1.6uM
3g8e  3.00  2009  Kd=4.5uM      // 3g8e.pdf (IS1) Visfatin with IS001, Kd=4.5+/-0.28uM
3efs  2.30  2009  Kd=4.6uM      // 3efr.pdf (ATP) Kd=4.6+/-0.5uM
3ftq  2.90  2009  Kd=4.7uM      // 3ftq.pdf (GNP) see supplement data
2w9r  1.70  2009  Kd=4.8uM      // 2w9r.pdf (11-mer) DNA Protection During Starvation Protein(Lpep: LVKSKATNLLY)
3jzh  2.05  2009  Kd=400uM      // 3jpx.pdf (5-mer)
3fn0  1.80  2009  Kd=40uM       // 3fn0.pdf (9-mer) Envelope polyprotein gp160
3jzg  2.10  2009  Kd=40uM       // 3jpx.pdf (4-mer) H3K27me3; Kd=108+/-17uM(FP); Kd=40+/-6uM(ITC)
2w9h  1.48  2009  Kd=430nM      // 2w9h.pdf (TOP) Kd=430nM(without NADPH); Kd=0.97nM(with 200uM NADPH)
3dpc  2.30  2009  Kd=44uM       // 3dpc.pdf (10-mer) Phosphorylated Peptide P1-P
2rok   NMR  2009  Kd=45uM       // 2rok.pdf (2-mer) ligand is compound 7MG-GDP
3gjd  2.00  2009  Kd=46.8nM     // 3gjc.pdf (LEU) redundant to 3f3e
3kv2  1.55  2009  Kd=47.51nM    // 3kv2.pdf (NNH) nor-NOHA (Nx-hydroxy-nor-Larginine), Kd=517nM(SPR), Kd=47.51nM(ITC)
3dxk  2.70  2009  Kd=470nM      // 3dxk.pdf (N23) Kd=470+/-50nM; IC50=32uM
2wnc  2.20  2009  Kd=479nM      // 2wn9.pdf (TKT) Kd=479+/-57nM
2wkt  2.00  2009  Kd=49uM       // 2wkt.pdf (COA) ACETYL-COA ACETYLTRANSFERASE N316A MUTANT WITH COENZYME A, Kd=49+/-3uM
2wc4  1.70  2009  Kd=5.1uM      // 2wbg.pdf (AMF) ligand is compound 9
3g2u  2.30  2009  Kd=5.4uM      // 3g2u.pdf (13-mer) VHS Domain of human GGA1 complexed with Sotilin C-terminal Peptide, Kd=5.4+/-0.4uM; incomplete ligand
3dpo  2.10  2009  Kd=5.5nM      // 3dpo.pdf (11-mer) E. coli DnaK in complex with a short pyrrhocoricin-derived inhibitor peptide; incomplete ligand
3ivg  1.95  2009  Kd=50uM       // 3imc.pdf (FG5) ligand is compound 7
2wuf  1.90  2009  Kd=51uM       // 2wue.pdf (KEM) ligand is compound DSHA; Kd=51+/-2uM
2vzr  1.95  2009  Kd=52.6uM     // 2vzq.pdf (GCU) Ka=1.9x10+4M-1
3a6t  1.96  2009  Kd=52nM       // 3a6s.pdf (8OG) MutT in complex with 8-OXO-DGMP
3jrs  2.05  2009  Kd=52uM       // 3jrq.pdf (A8S) (+)-ABA-bound PYL1, Kd=52uM(ITC), Kd=340uM(SPR)
3ifo  2.15  2009  Kd=54.5nM     // 3ifl.pdf (7-mer) incomplete ligand
3ioe  1.95  2009  Kd=540uM      // 3iob.pdf (A7D) ligand is compound PS-14b, Kd=540+/-20uM
3cz1  1.50  2009  Kd=55.0nM     // 3cyz.pdf (NBB) Kd=55.0+/-8.0nM
3gcs  2.10  2009  Kd=56nM       // 3gcp.pdf (BAX) ligand is sorafenib; Kd=56+/-5nM
3h78  1.70  2009  Kd=57uM       // 3h77.pdf (BE2) PqsD C112A mutant in complex with 2-AMINOBENZOIC ACID
2ke1   NMR  2009  Kd=5uM        // 2ke1.pdf (10-mer) H3K4me0 peptide, Kd1=5.3+/-1.2uM(Fluorescence spectroscopy); Kd2=6.5+/-0.2uM(ITC).
3gpo  1.90  2009  Kd=5uM        // 3gpo.pdf (APR) macro domain of Chikungunya virus in complex with ADP-ribose, Kd=5+/-0.4uM
3g08  1.60  2009  Kd=6.843nM    // 3g08.pdf (FEE) Kd=6.843+/-3.001nM
3cyz  1.80  2009  Kd=60.0nM     // 3cyz.pdf (9OD) Kd=60.0+/-15.0nM
3dzt  1.80  2009  Kd=60.2nM     // 3dye.pdf (EAH) Kd=60.2+/-10.5nM
3dgn  2.70  2009  Kd=620nM      // 3dgl.pdf (ADP) Kd=620+/-81nM
3hqh  2.30  2009  Kd=63.6uM     // 3hqh.pdf (15-mer) SPOP-MATHx complex with MacroH2A SBC peptide 1, Kd=63.6+/-0.4uM; incomplete ligand
2wij  2.10  2009  Kd=630uM      // 2wid.pdf (TN7) covalent complex; nonaged hBChE; compound TA5; Kd=630+/-60uM; Ki=8+/-0.6uM
2wl4  1.80  2009  Kd=64uM       // 2wkt.pdf (COA) ACETYL-COA ACETYLTRANSFERASE H348A MUTANT WITH COENZYME A, Kd=64+/-4uM
3cft  1.87  2009  Kd=64uM       // 3cfn.pdf (5NS) Kd=64+/-18uM
2wik  2.10  2009  Kd=660uM      // 2wid.pdf (TC5) covalent complex; nonaged hBChE; compound TA6; Kd=660+/-50uM; Ki=17+/-0.3uM
3el4  2.00  2009  Kd=67.4nM     // 3ekp.pdf (ROC) ligand is SQV; Kd=67.4+/-0.3nM
3h85  2.60  2009  Kd=6uM        // 3h1z.pdf (8-mer) PIPKIgamma-p90 peptide
2w8w  2.14  2009  Kd=7.5mM      // 2w8j.pdf (PLS) Kd=7.5+/-0.5mM
2wfj  0.75  2009  Kd=70nM       // 2wfj.pdf (11-mer) Peptidyl-prolyl cis-trans isomerase G complex with CYCLOSPORIN A peptide
3fqk  2.20  2009  Kd=71nM       // 3fqk.pdf (79Z) ligand is compound HCV-796; Kd=71+/-28nM; IC50=81+/-19nM
3fql  1.80  2009  Kd=71nM       // 3fqk.pdf (79Z) ligand is compound HCV-796; Kd=71+/-28nM; IC50=81+/-19nM
3f3v  2.60  2009  Kd=73nM       // 3f3v.pdf (1BU) Kd=73+/-16nM; IC50=21+/-5nM
3gcv  2.30  2009  Kd=74nM       // 3gcp.pdf (SS6) ligand is compound 10h, Kd=74+/-2nM
3fe7  1.35  2009  Kd=75nM       // 3fe7.pdf (10-mer) Kd=75+/-3nM, p53-peptidomimetic Ac-Phe-Met-Aib-Pmp-Trp-Glu-Ac3c-Leu-NH2
3hww  1.95  2009  Kd=75nM       // 3hww.pdf (AKG) EcMenD oxoglutarate complex, Kd=7.5x10-8M (pH=7.5)
3a1d  1.85  2009  Kd=75uM       // 3a1c.pdf (ADP)
3ivc  2.13  2009  Kd=75uM       // 3imc.pdf (FG4) ligand is compound 6
3ivq  2.10  2009  Kd=76.1uM     // 3hqi.pdf (12-mer) SPOPMATH-CiSBC2 complex, Kd=76.1+/-0.9uM; incomplete ligand
2v57  1.90  2009  Kd=79nM       // 2v57.pdf (PRL) one proflavine to homodimer Kd1=79nM, two proflavine to monomer Kd2=4.3uM
2knh   NMR  2009  Kd=7uM        // 2knh.pdf (18-mer) ligand is HEB peptide, Kd=7+/-2uM
3efr  2.55  2009  Kd=8.3uM      // 3efr.pdf (BTN) Kd=8.3+/-2.1uM
3ifl  1.50  2009  Kd=8.4nM      // 3ifl.pdf (7-mer)
3juo  2.20  2009  Kd=8.55uM     // 3jum.pdf (AJD) ligand is compound R-1, Kd=8.55+/-2.6uM
2vwf  1.58  2009  Kd=8.7uM      // 2vwf.pdf (15-mer) 15-mer GRB2-ASSOCIATED-BINDING PROTEIN 2, Kd=8.7+/-0.3uM; incomplete ligand
3eqy  1.63  2009  Kd=8.9nM      // 3eqs.pdf (12-mer) human MDMX in complex with a 12-mer peptide, Kd1=8.9nM(ITC); Kd2=4.2uM(SPR)
3f78  1.60  2009  Kd=800uM      // 3f78.pdf (ICF)
3gk1  2.10  2009  Kd=80uM       // 3gk1.pdf (32A) ligand is compound SBi132+Ca2+ S100B, Kd=0.08+/-0.02mM
3iod  1.75  2009  Kd=80uM       // 3iob.pdf (A6D) ligand is compound PS-14b, Kd=80+/-10uM
2kmx   NMR  2009  Kd=83.3uM     // 2kmx.pdf (ATP) Ka=1.2x10^4M-1, Kd=8.33x10-5M
2wej  1.45  2009  Kd=839nM      // 2weg.pdf (FB2) ligand is compound 1
2wgi  2.85  2009  Kd=85uM       // 2wgi.pdf (PNM) X-ray structure(W154A-PenG); Kd1=85+/-5uM(carbon dioxide for W154A  OXA-10).
2zsc  1.30  2009  Kd=87nM       // 2zsc.pdf (BTN) X-ray(tamavidin-2 with biotin) while Kd=87+/-20nM(tamavidin 2 with 2-iminobiotin)
3kr8  2.10  2009  Kd=8nM        // 3kr8.pdf (XAV) ligand is inhibitor XAV939, Kd=8+/-3nM
2w85   NMR  2009  Kd=9.17uM     // 2w85.pdf (12-mer) Peroxisomal Membrane Anchor Protein Pex14 complex Peroxin-19, Kd=9.17+/-0.03uM
2wji  1.90  2009  Kd=9.6uM      // 2wjg.pdf (GNP)
3gus  1.53  2009  Kd=900nM      // 3gur.pdf (N11) Kd=0.90uM; IC50=0.8uM
2wer  1.60  2009  Kd=90nM       // 2wep.pdf (RDC) Kd=90+/-0.007nM
2w0z  1.70  2009  Kd=93.8uM     // 2vwf.pdf (9-mer) Gab2a truncated, Kd=93.8+/-3.8uM
3fzn  1.62  2009  Kd=97uM       // 3fzn.pdf (D7K) BFDC in complex with MBP, Kd=97+/-9uM
3eor  2.90  2009  Kd~40mM       // 3elc.pdf (CFV) CDV; Temp=10C
3dkg  1.91  2009  Ki<10uM       // 3dkc.pdf (SX8) ligand is compound SGX532; Ki<10uM; IC50>10uM
2wgj  2.00  2009  Ki=0.002uM    // 2wgj.pdf (VGH)
3k84  2.25  2009  Ki=0.003uM    // 3k84.pdf (K84) covalent complex; ligand is compound 4b
3iok  2.10  2009  Ki=0.011uM    // 3io7.pdf (1P6) tyrosine-protein kinase JAK2 complex compound 42
3ggv  3.09  2009  Ki=0.014nM    // 3gga.pdf (GGV) HIV Protease inhibitors with compound 10c
3io7  2.60  2009  Ki=0.017uM    // 3io7.pdf (1P5) Tyrosine-protein kinase JAK2 complex Compound 12
3h8c  2.50  2009  Ki=0.019uM    // 3h89.pdf (NSZ) inhibitors 14
3g35  1.41  2009  Ki=0.021mM    // 3g2y.pdf (F13) ligand is compound 12(F13); Ki=0.021mM
3k83  2.25  2009  Ki=0.022uM    // 3k83.pdf (F27) covalent complex; ligand is compound 17
3h89  2.50  2009  Ki=0.023uM    // 3h89.pdf (NSX) ligand is inhibitor 4
3f5k  1.80  2009  Ki=0.024mM    // 3aht.pdf (CE5) ligand is cellopentaose; Ki=0.024+/-0.02mM
3fkv  1.85  2009  Ki=0.027uM    // 3fkv.pdf (BZB) ligand is compound 36, special B atom in ligand
2zjw  2.40  2009  Ki=0.02uM     // 2zjw.pdf (REF) IC50=0.04uM
3k7f  1.95  2009  Ki=0.02uM     // 3k7f.pdf (F2C) covalent complex; ligand is compound 40
3kcf  2.80  2009  Ki=0.035uM    // 3kcf.pdf (JZO) TGFbRI kinase activity of compound 24
2zy1  1.78  2009  Ki=0.04uM     // 2zy1.pdf (830) IC50=8nM
3f5j  1.95  2009  Ki=0.052mM    // 3aht.pdf (CTT) ligand is cellotetraose; Ki=0.052+/-0.06mM
3ikg  1.86  2009  Ki=0.057uM    // 3ikd.pdf (J8Z) ligand is compound 22b and Pin1 K77 82Q construct
3h5b  1.29  2009  Ki=0.099nM    // 3h5b.pdf (031) ligand is compound 19b; Ki=0.099nM; IC50=0.026nM
3jya  2.10  2009  Ki=0.1301uM   // 3jya.pdf (LWG) ligand is compound 3b
3fx6  1.85  2009  Ki=0.16uM     // 3fx6.pdf (BPX) CPA-R-5 complex; compound R-5 is incorrect in reference
3ikd  2.00  2009  Ki=0.179uM    // 3ikd.pdf (J9Z) ligand is compound 18b and Pin1 K77 82Q construct
3dk1  1.07  2009  Ki=0.18nM     // 3dk1.pdf (G05) ligand is compound 3; IC50=170nM
3f5l  1.37  2009  Ki=0.191mM    // 3aht.pdf (LB2) ligand is compound laminaribiose; Ki=0.191+/-0.02mM
3g32  1.31  2009  Ki=0.194mM    // 3g2y.pdf (3G3) ligand is compound 6(3G3); Ki=0.194mM
3elm  1.90  2009  Ki=0.19nM     // 3elm.pdf (24F)
2zz6  1.66  2009  Ki=0.19uM     // 2zz1.pdf (6AZ) native enzyme and 6-N3-UMP complex
2zo3  1.70  2009  Ki=0.1nM      // 2zc9.pdf (33U) ligand is compound 6, Ki=0.1+/-0.2nM
2wap  2.80  2009  Ki=0.23uM     // 2wap.pdf (PIX) covalent&nbsp; complex; Ki=0.23+/-0.03uM, ligand is a little different from PF-3845
3gs6  2.30  2009  Ki=0.26uM     // 2wca.pdf (NP6)
3blt  2.20  2009  Ki=0.29mM     // 3blt.pdf (PSY) covalent complex; Ki=0.29+/-0.06mM
3eyd  2.30  2009  Ki=0.2nM      // 3eyd.pdf (BE8) ligand is compound 17
3gsm  2.40  2009  Ki=0.33uM     // 2wca.pdf (VPU)
3fv3  1.85  2009  Ki=0.3nM      // 3fv3.pdf (6-mer) Sapp1p in complex with pepstatin A
3g0w  1.95  2009  Ki=0.3nM      // 3g0w.pdf (LGB) ligand is compound 6c, Ki=0.3+/-0.1nM
3g5k  1.70  2009  Ki=0.3nM      // 3g5k.pdf (BB2) ligand is compound 1(actinonin)
2wcg  2.30  2009  Ki=0.42uM     // 2wcg.pdf (MT5)
3g90  2.40  2009  Ki=0.44uM     // 3g90.pdf (J72) Mitogen-activated protein kinase, JNK3 with compound 25
3ctt  2.10  2009  Ki=0.45uM     // 2jjb.pdf (3CU)
2wk6  2.50  2009  Ki=0.48mM     // 2wk6.pdf (IUR)
2zga  1.65  2009  Ki=0.48uM     // 2zga.pdf (YDP) incomplete ligand structure
3ckt  1.65  2009  Ki=0.48uM     // 2zga.pdf (YDP) redundant to 2zga
3jq9  2.30  2009  Ki=0.4uM      // 3bmc.pdf (AX1) Pteridine Reductase 1 complex NADP+ and AX1 compound 13, Ki=0.4uM
3h8b  1.80  2009  Ki=0.511uM    // 3h89.pdf (NSY) ligand is inhibitor 9
2znt  1.60  2009  Ki=0.5nM      // 2zns.pdf (DYH) redundant to 3fv1
2w8f  2.70  2009  Ki=0.5uM      // 2w8e.pdf (BS1) APLYSIA CALIFORNICA ACHBP BOUND TO IN SILICO COMPOUND 31, pKi=6.3+/-0.2
3dxh  1.40  2009  Ki=0.65mM     // 3dxh.pdf (UDP) Ki=0.65+/-0.06mM
3hk1  1.70  2009  Ki=0.67uM     // 3hk1.pdf (B64) AFABP/aP2 complexed with 1, Ki=0.67+/-0.18uM
2k1q   NMR  2009  Ki=0.6uM      // 2k1q.pdf (5-mer) hepatitis c virus ns3 serine protease complex with 5-mer phenethylamide inhibitor
3e9i  2.20  2009  Ki=0.6uM      // 3e9h.pdf (XAH) BsLysRS-LXT-AMP complex; ligand is LXT-AMP; Ki=0.6uM for BsLysRS; Ki=86+/-7uM for EsLysRS
2wb5  2.31  2009  Ki=0.74nM     // 2wb5.pdf (VGB) ligand is GlcNAcstatins D; Ki=0.74+/-0.09nM
3g9l  2.20  2009  Ki=0.74uM     // 3g90.pdf (J67) Mitogen-activated protein kinase, JNK3 with compound 47
3ibu  1.41  2009  Ki=0.7nM      // 3ibi.pdf (O48) adducts of sulfamates 2 with hCA II
2w8y  1.80  2009  Ki=0.82nM     // 2w8y.pdf (486) Ki=0.82+/-0.01nM; binding data measured with rabbit protein; LBD of rabbit and human proteins are identical
2wc3  2.00  2009  Ki=0.83uM     // 2wbg.pdf (AM3) ligand is compound 8
3gba  1.35  2009  Ki=0.848nM    // 3gba.pdf (DYH) ligand is compound DH; Ki=0.848+/-0.150nM.
3ffg  1.54  2009  Ki=0.84nM     // 3ffg.pdf (FFG) ligand is compound 5d
3kck  2.20  2009  Ki=0.8nM      // 3kck.pdf (3KC) ligand is compound 15a
2zu3  1.75  2009  Ki=0.8uM      // 2zu3.pdf (ZU3) covalent complex
3jqb  2.40  2009  Ki=0.96uM     // 3bmc.pdf (DX6) Pteridine Reductase 1 complex NADP+ and DX6 compound 7, Ki=0.96uM
3hb4  2.21  2009  Ki=0.9nM      // 3hb4.pdf (E2B) Ki=0.9+/-0.15nM; IC50=42nM
3iss  2.50  2009  Ki=0.9uM      // 3iss.pdf (EPU) MurA3 UDP-MurNAc3 phosphite structure
3g34  1.31  2009  Ki=1.1mM      // 3g2y.pdf (1CE) ligand is compound 11(1CE); Ki=1.1mM
3dcc  1.60  2009  Ki=1.1nM      // 3d8w.pdf (D9Z) ligand is inhibitor CHL, Ki=1.1+/-0.2nM
3g3m  1.40  2009  Ki=1.1uM      // 3g3d.pdf (5FU) Human ODCases with compound 40, 5-fluoro-6-iodo-UMP, but PDB still is 5FU
3ebp  2.00  2009  Ki=1.24uM     // 3ebo.pdf (CPB) ligand is Flavopiridol
3egt  2.00  2009  Ki=1.26nM     // 3dyf.pdf (722)
2kfg   NMR  2009  Ki=1.2mM      // 2kff.pdf (12-mer) Rab11-FIP2 DPF peptide FNYESTDPFTAK, Ki=1.2+/-0.1mM
3jq7  1.80  2009  Ki=1.2uM      // 3bmc.pdf (DX2) Pteridine Reductase 1 complex NADP+ and DX2 compound 2, Ki=1.2uM
2woq  1.75  2009  Ki=1.33mM     // 2woq.pdf (AYC) covalent complex; IC50=2.1mM
3g31  1.70  2009  Ki=1.3mM      // 3g2y.pdf (GF1) ligand is compound 4(GF1); Ki=1.3mM
3ehy  1.90  2009  Ki=1.4uM      // 3ehx.pdf (TBL) ligand is compound 2; Ki=1.4+/-0.2uM
2zxg  1.55  2009  Ki=1.5nM      // 2zxg.pdf (S23) crystal structure(E. coli APN); Ki=1.5+/-0.2nM(E. coli APN); Ki=2.2+/-0.5nM(Hog kidney APN)
3fcq  1.75  2009  Ki=1.7mM      // 3f28.pdf (M3S) ligand is compound 9
2wkz  1.70  2009  Ki=1.7nM      // 2wkz.pdf (5AH)
3e4a  2.60  2009  Ki=1.7nM      // 3e4a.pdf (QIX) incomplete ligand structure in RCSB PDB
3cso  2.71  2009  Ki=1.7uM      // 3cso.pdf (XNI) Ki=1.7+/-1.2uM; IC50=1.8+/-1.1uM
3jvr  1.76  2009  Ki=1.89uM     // 3jvr.pdf (AGX) ligand is compound 2, Ki=1.89+/-0.32uM
3g9n  2.80  2009  Ki=1.8uM      // 3g90.pdf (J88) Mitogen-activated protein kinase, JNK3 with compound 41
2wj1  1.84  2009  Ki=1.9nM      // 2wj1.pdf (S99) ligand is compound 2
3gjs  1.90  2009  Ki=10.2uM     // 3gjq.pdf (5-mer) covalent complex; ligand is Ac-YVAD-Cho peptide, Ki=10.2+/-0.41uM
2wd7  1.90  2009  Ki=10.6uM     // 2wd7.pdf (VGD) PTERIDINE REDUCTASE 1 (PTR1) FROM TRYPANOSOMA BRUCEI complex compound 4
2kaw   NMR  2009  Ki=10.7uM     // 2kaw.pdf (SUZ) Ki=10.7+/-1.2uM.
3dux  1.60  2009  Ki=100nM      // 2zc9.pdf (64U) ligand is compound 7, Ki=100+/-39nM
3djq  1.53  2009  Ki=1046.4uM   // 3djo.pdf (UDP) Ki=1046.4+/-50.2uM
3g2y  1.31  2009  Ki=10mM       // 3g2y.pdf (GF4)
2vwn  1.61  2009  Ki=10nM       // 2vvc.pdf (H25) ligand is compound 14
3fur  2.30  2009  Ki=10nM       // 3fur.pdf (Z12) PPARg with INT131, displace [3H]-rosiglitazone with a Ki of 10nM
3hs4  1.10  2009  Ki=10nM       // 3hs4.pdf (AZM)
3gbe  1.70  2009  Ki=10uM       // 3gbd.pdf (NOJ) SmuA in complex with the inhibitor deoxynojirimycin
3dcs  1.80  2009  Ki=11.4nM     // 3d8w.pdf (MZM) ligand is inhibitor MZM, Ki=11.4+/-2nM; redundant to 3daz
3daz  1.60  2009  Ki=11.8nM     // 3d8w.pdf (MZM) ligand is inhibitor MZM, Ki=11.8+/-1.8nM
3iww  2.30  2009  Ki=11nM       // 3iww.pdf (YZE) GCPII in complex with compound 32d
2w67  2.25  2009  Ki=11uM       // 2w66.pdf (F34) ligand is compound 5, Ki=11+/-1uM
3ibc  2.75  2009  Ki=12.4uM     // 3ibc.pdf (5-mer) caspase-7/Ac-YVAD-Cho complex, Ki=12.4+/-0.5uM
3gbb  2.10  2009  Ki=126nM      // 3gba.pdf (MS8) ligand is compound MSV-19; Ki=126+/-45nM.
2jjb  1.90  2009  Ki=12nM       // 2jjb.pdf (3CU+GLC) ligand is compound 2; casuarine 6-O-a-glucopyranoside
3eft  1.85  2009  Ki=12nM       // 3eft.pdf (3BS)
3eax  1.90  2009  Ki=12uM       // 3eax.pdf (LZP) ligand is compound LZP6, Ki=12+/-0.6uM; IC50=16+/-2uM
3hfv  2.60  2009  Ki=13.6uM     // 3hfv.pdf (MTY) human mitochondrial phenylalanyl-tRNA synthetase complexed with m-tyrosine
3khv  2.35  2009  Ki=13.99mM    // 3khv.pdf (4AL) AMPM inhibitor
2wks  2.95  2009  Ki=130nM      // 2wks.pdf (CB6) ligand is compound 9d, Ki=130+/-13nM
3hig  2.09  2009  Ki=13nM       // 3hig.pdf (BRN) human diamine oxidase in complex with Berenil, Ki=13+/-1nM
3hfz  2.90  2009  Ki=13uM       // 3hfv.pdf (MTY) Thermus thermophilus Phenylalanyl-tRNA synthetase comlexed with m-tyrosine
3ibl  1.55  2009  Ki=14.6nM     // 3ibi.pdf (O59) adducts of sulfamates 3 with hCA II
2wzs  2.25  2009  Ki=140uM      // 2wvz.pdf (MVL) ligand is mannoimidazole
3i7e  1.70  2009  Ki=14pM       // 3i6o.pdf (DJR) ligand is compound 2, Ki=14pM, IC50=1.2nM
2ww2  1.90  2009  Ki=14uM       // 2wvz.pdf (SWA) ligand is swainsonine
3dx2  1.40  2009  Ki=150nM      // 3dx0.pdf (MZB) ligand is compound 2
3djx  1.69  2009  Ki=1557.9uM   // 3djo.pdf (C5P) Ki=1557.9+/-84.3uM
3eb1  2.40  2009  Ki=16.3uM     // 3eax.pdf (LZQ) ligand is compound LZP25, Ki=16.3+/-1.1uM; IC50=20+/-5uM
2zgm  1.90  2009  Ki=16.4mM     // 2zgm.pdf (LAT)
2wl0  1.90  2009  Ki=16nM       // 2wkz.pdf (5AH)
3dnd  2.26  2009  Ki=16uM       // 3dnd.pdf (LL2) ligand B
3evf  1.45  2009  Ki=170nM      // 3eva.pdf (GTA) MPD; Ki=170+/-20nM is for DEN MTase, not yellow fever
3gjt  2.20  2009  Ki=170nM      // 3gjq.pdf (5-mer) covalent complex; ligand is Ac-IEPD-Cho peptide, Ki=170+/-7nM
3ggu  1.80  2009  Ki=170pM      // 3ggt.pdf (017) PRDRV5 in complex with darunavir, Ki=170+/-20pM
3hav  2.45  2009  Ki=170uM      // 3ham.pdf (SRY) streptomycin-ATP-APH(2)-IIa ternary complex, competitive inhibitor
3d6q  1.60  2009  Ki=172uM      // 3d6o.pdf (U3S) Ki=172+/-4uM
3gep  2.60  2009  Ki=176.8uM    // 3gep.pdf (24H) PH8.5, human HGPRT complex (S)-HPMPG, Ki=176.8+/-10uM
3d6p  1.60  2009  Ki=179uM      // 3d6o.pdf (U2S) Ki=179+/-3uM
3g3d  1.70  2009  Ki=18.2uM     // 3g3d.pdf (5FU) covalent complex; Human ODCases with compound 41, 5-fluoro-6-azido-UMP
3jqg  1.90  2009  Ki=18uM       // 3bmc.pdf (AX6) Pteridine Reductase 1 complex NADP+ and AX6 compound 18, Ki=18uM
3gxt  2.70  2009  Ki=18uM       // 3gxt.pdf (NOJ) data from ref. 25, for alpha-galactosidase from Aspergillus niger
3ebo  1.90  2009  Ki=19.01uM    // 3ebo.pdf (57D) ligand is Chrysin
3fnm  1.70  2009  Ki=19.7uM     // 3fnm.pdf (AVN) Ki=19.7+/-7.2uM
3f6g  2.00  2009  Ki=19uM       // 3f6g.pdf (ILE)
3f6h  2.70  2009  Ki=19uM       // 3f6g.pdf (ILE) Fragment: Regulatory domain, UNP residues 390-516 ; IC50=86 +/-20uM; Ki=19 +/-5uM;
3grj  2.49  2009  Ki=1mM        // 3gqz.pdf (G14) AmpC beta-lactamase with compound 12
3dd0  1.48  2009  Ki=1nM        // 3d8w.pdf (EZL)
3dcw  1.50  2009  Ki=1nM        // 3d8w.pdf (EZL) redundant to 3dd0
3jxw  2.80  2009  Ki=1nM        // 3jxw.pdf (LXG) ligand is compound 12b
3jy9  2.10  2009  Ki=1nM        // 3jy9.pdf (JZH) ligand is compound 9 in complex with JAK2, Ki=0.001uM
2w8g  2.60  2009  Ki=1uM        // 2w8e.pdf (BS2) APLYSIA CALIFORNICA ACHBP BOUND TO IN SILICO COMPOUND 35, pKi=6.0+/-0.2
3ggj  2.60  2009  Ki=1uM        // 3gep.pdf (25H) PH7.4, human HGPRT complex PEEHx, Ki=1+/-0.5uM
3d9z  1.65  2009  Ki=2.0nM      // 3d8w.pdf (D9Z) ligand is inhibitor CHL, Ki=2.0+/-0.4nM
2wky  2.20  2009  Ki=2.57nM     // 2wky.pdf (IBC)
2wca  2.30  2009  Ki=2.5uM      // 2wca.pdf (NP6)
3fa3  2.60  2009  Ki=2.5uM      // 3fa3.pdf (OAF) Ki=2.5+/-0.2uM.
3kgp  2.35  2009  Ki=2.68mM     // 3kgp.pdf (4AZ) ligand is inhibitor AMBA
3gvb  1.80  2009  Ki=2.6mM      // 3gqz.pdf (3GV) ligand is compound 8
3ibi  1.93  2009  Ki=2.6nM      // 3ibi.pdf (BOW) adducts of sulfamates 1 with hCA II
3dkf  1.80  2009  Ki=2.7nM      // 3dkc.pdf (SX8) ligand is compound SGX532; Ki1=2.7nM(unphosphorylated form of MET); Ki2=23nM(phosphorylated form of MET); IC50=4nM
3ejq  1.45  2009  Ki=2.7nM      // 3ejp.pdf (HN3) ligand is compound 3; IC50=29nM
3ejr  1.27  2009  Ki=2.7nM      // 3ejp.pdf (HN4) ligand is compound 4; IC50=29nM
3ejp  1.32  2009  Ki=2.8nM      // 3ejp.pdf (HN2) ligand is compound 2; IC50=30nM
3d7b  1.60  2009  Ki=203uM      // 3d6o.pdf (U4S) Ki=203+/-1uM
3ewc  2.11  2009  Ki=20nM       // 3ewc.pdf (MCF) Ki=20+/-5nM
3eig  1.70  2009  Ki=21nM       // 3eig.pdf (MTX) Ki=21+/-11nM; IC50=3100+/-1600nM; compound methotrexate
3ex6  1.30  2009  Ki=220uM      // 3ex6.pdf (U5P) covalent complex; ligand is compound 1
3fee  1.56  2009  Ki=230nM      // 3fec.pdf (QUS) Ki=230+/-24nM
2zx8  2.33  2009  Ki=231.4pM    // 2zwz.pdf (ZX8)
3hl7  1.88  2009  Ki=23nM       // 3hl7.pdf (I47) ligand is SD-0006, Ki=0.023uM
3ibn  2.20  2009  Ki=24.5nM     // 3ibi.pdf (O60) adducts of sulfamates 4 with hCA II
3fk1  1.70  2009  Ki=2420uM     // 3fjx.pdf (GPF) ligand is glyphosate; Ki=2420+/-87uM; IC50=6600+/-190uM
3iph  2.10  2009  Ki=25.1nM     // 3iph.pdf (G11) p38 in complex with inhibitor 11, Ki=25.1nM
2zx6  2.42  2009  Ki=25.1pM     // 2zwz.pdf (ZX6)
3g0i  2.10  2009  Ki=250uM      // 3g0i.pdf (VPR) Aspergillus niger epoxide hydrolase in complex with valpromide
3ehx  1.90  2009  Ki=25nM       // 3ehx.pdf (BDL) ligand is compound 1; Ki=25+/-2nM
3gc4  1.80  2009  Ki=25nM       // 3eos.pdf (AAQ) ligand is compound 11; Ki=25+/-2nM
3jwq  2.87  2009  Ki=25nM       // 3jwq.pdf (VIA) chimeric PDE5/PDE6 catalytic domain complex sildenafil, Ki=25+/-2nM
3dx1  1.21  2009  Ki=265uM      // 3dx0.pdf (YHO) ligand is compound 3
3bm6  2.10  2009  Ki=26nM       // 3bm6.pdf (C9P) ligand is compound 11
3djv  1.60  2009  Ki=27.9uM     // 3djo.pdf (C3P) Ki=27.9+/-1.3uM
3ff3  1.37  2009  Ki=270uM      // 3ff3.pdf (GLU)
3e9h  2.10  2009  Ki=28nM       // 3e9h.pdf (KAA) BsLysRS-LysSA complex; ligand is LysSA; Ki=28+/-3nM for EsLysRS
3h30  1.56  2009  Ki=29.2uM     // 2rkp.pdf (RFZ) Ki=29.2uM(competitive); Ki=39.7uM(noncompetitive)
2zns  2.00  2009  Ki=290nM      // 2zns.pdf (GLU) redundant to 3fuz
3hii  2.15  2009  Ki=290nM      // 3hig.pdf (PNT) human diamine oxidase in complex with Pentamidine, Ki=290+/-19nM
2w5i  2.40  2009  Ki=29uM       // 2w5g.pdf (ATP) ligand is Ap3A; Ki=4.7uM (for p-A3-p); redundant to 2w5g
2zz1  1.57  2009  Ki=29uM       // 2zz1.pdf (6CN) wild type enzyme in complex with 6-CN-UMP
2zz2  1.53  2009  Ki=29uM       // 2zz2.pdf (6CN) ligand is compound 34
3gsg  2.10  2009  Ki=2mM        // 3gqz.pdf (GF1) ligand is compound 1
3ge7  1.50  2009  Ki=2nM        // 3eos.pdf (AFQ) ligand is compound 13; Ki=2+/-1nM
3fdm  2.26  2009  Ki=2nM        // 3fdl.pdf (17-mer) alpha/beta foldamer in complex with Bcl-xL; incomplete ligand
3hvj  1.79  2009  Ki=2nM        // 3hvj.pdf (705) ligand is compound 5 is a bisubstrate inhibitor, Ki=2nM, IC50=9nM
3g30  1.80  2009  Ki=3.1mM      // 3g2y.pdf (G30) ligand is compound 3(G30); Ki=3.1mM
2wqp  1.75  2009  Ki=3.1uM      // 2wqp.pdf (WQP) ligand is compound 1, Ki=3.1+/-0.1uM
2wr8  1.77  2009  Ki=3.6uM      // 2wr8.pdf (SAH)
3ggc  2.78  2009  Ki=3.6uM      // 3gep.pdf (H26) PH7.4, human HGPRT complex PEEHx, Ki=3.6+/-0.2uM
3dx3  1.42  2009  Ki=300nM      // 3dx0.pdf (YTB) ligand is compound 4a
3hio  2.00  2009  Ki=300nM      // 3hio.pdf (C2X) Ricin A-chain complex Cyclic G(9-DA)GA 2-OMe, Ki=300nM at PH4.0
3c14  2.68  2009  Ki=300uM      // 3c14.pdf (POP) AC activity inhibition by PPi-Ca2+, low affinity range 30-300uM
2vwo  1.60  2009  Ki=31nM       // 2vvc.pdf (LZG) ligand is compound 22
2whp  2.20  2009  Ki=31uM       // 2whp.pdf (HI6) Ki=31+/-2uM
2zx7  2.48  2009  Ki=32.2pM     // 2zwz.pdf (ZX7)
3g1d  1.50  2009  Ki=330uM      // 3g1d.pdf (U) ligand is compound 1
3h0a  2.10  2009  Ki=33nM       // 3gz9.pdf (D30) PPARgamma, Retinoic Acid Receptor Alpha (RXRa) Complex with compound 21 and peptide
3fed  1.29  2009  Ki=34.6nM     // 3fec.pdf (BIX) Ki=34.6+/-5.7nM
3hl5  1.80  2009  Ki=34uM       // 3hl5.pdf (9JZ)
2wbg  1.85  2009  Ki=35.2uM     // 2wbg.pdf (LGS) ligand is compound 7
3dx0  1.70  2009  Ki=36nM       // 3dx0.pdf (MSN) redundant to 2f7o
2zu4  1.93  2009  Ki=38nM       // 2zu3.pdf (ZU3) covalent complex
3d8y  1.72  2009  Ki=396uM      // 3d6o.pdf (T3S) Ki=396+/-2uM
3gr2  1.80  2009  Ki=3mM        // 3gqz.pdf (GF4) ligand is compound 3
2vvc  1.95  2009  Ki=3nM        // 2vvc.pdf (LZF) ligand is compound 15
3hvh  1.30  2009  Ki=3nM        // 3hvh.pdf (542) ligand is inhibitor 3; Ki=3nM, IC50=12nM
3hvk  1.30  2009  Ki=3nM        // 3hvk.pdf (719) ligand is inhibitor 7, Ki=3nM, IC50=15nM
3dxg  1.39  2009  Ki=4.0mM      // 3dxg.pdf (U5P) Ki=4.00+/-0.41mM
3hkt  2.36  2009  Ki=4.1uM      // 3hkt.pdf (2SD)
2zxa  2.57  2009  Ki=4.47nM     // 2zwz.pdf (ZXA) ligand is compound 7
3g2z  1.50  2009  Ki=4.4mM      // 3g2y.pdf (GZ2) ligand is compound 2(GZ2); Ki=4.4mM
3hkn  1.80  2009  Ki=4.51uM     // 3hkn.pdf (MFS) ligand is compound 4
3hkq  1.70  2009  Ki=4.55uM     // 3hkq.pdf (1SD) ligand is compound 1-S-D-Galactopyranosylsulfonamide
3gtc  1.90  2009  Ki=4.5mM      // 3gqz.pdf (GTC) ligand is compound 20
3f82  2.50  2009  Ki=4.6nM      // 3f82.pdf (353) Ki=4.6+/-0.3nM; IC50=3.9+/-0.5uM
2wj2  2.55  2009  Ki=4.7nM      // 2wj1.pdf (OL1) ligand is compound 1
3gjq  2.60  2009  Ki=4.7uM      // 3gjq.pdf (5-mer) Caspase-3 Binds Ac-WEHD-Cho peptide, Ki=4.7+/-0.19uM
3dc3  1.70  2009  Ki=4.9nM      // 3d8w.pdf (AZM) ligand is inhibitor AZM, Ki=4.9+/-1nM
3djo  1.60  2009  Ki=40.8uM     // 3djo.pdf (U2P) Ki=40.8+/-3.4uM
3kmc  1.80  2009  Ki=400nM      // 3kmc.pdf (403) catalytic domain of TACE in complex with inhibitor 2
3e90  2.45  2009  Ki=41nM       // 3e90.pdf (NKK) covalent complex
3d8z  1.98  2009  Ki=423uM      // 3d6o.pdf (TXS) Ki=423+/-6uM
3f7g  2.30  2009  Ki=43nM       // 3f7g.pdf (389) ligand is compound 1
3i6o  1.17  2009  Ki=45pM       // 3i6o.pdf (GR6) ligand is compound 14c, Ki=45pM, IC50=2nM
3f7i  1.90  2009  Ki=46nM       // 3f7g.pdf (G13) ligand is compound 14b
3ebh  1.65  2009  Ki=478.2nM    // 3ebh.pdf (BES) IC50=8~14uM
3dhk  1.73  2009  Ki=47nM       // 2zc9.pdf (23U) ligand is compound 3, Ki=47+/-27nM
3eos  1.78  2009  Ki=4nM        // 3eos.pdf (PK2) ligand is compound 12, Ki=4+/-2nM
2zxb  2.61  2009  Ki=5.0uM      // 2zwz.pdf (ZXB) ligand is compound 8
3ip8  1.50  2009  Ki=5.2mM      // 3ip8.pdf (B85) AMDase in complex with benzylphosphonate, competitive inhibitor Ki=5.2mM
3hek  1.95  2009  Ki=5.4nM      // 3hek.pdf (BD0) HSP90 N-terminal domain in complex with compound 15, Ki=5.4nM, IC50=112nM
3hll  1.95  2009  Ki=5.8nM      // 3hl7.pdf (I45) ligand is PH-797804, Ki=5.8+/-0.3nM
3fl5  2.30  2009  Ki=52nM       // 3fl5.pdf (TXQ) IC50=0.11uM
3i4a  1.90  2009  Ki=52uM       // 3i4a.pdf (LN5) covalent complex; ligand is compound 13, Ki=52+/-4uM
2zx9  2.62  2009  Ki=54.2pM     // 2zwz.pdf (ZX9) ligand is compound 5, show time-dependent Ki from 1.005nM to 54.2pM
3gc5  1.40  2009  Ki=55nM       // 3eos.pdf (2MQ) ligand is compound 8; Ki=55+/-3nM
3f8e  2.00  2009  Ki=59nM       // 3f8e.pdf (TE1) ligand is compound 4z
3fqe  2.50  2009  Ki=5nM        // 3fqe.pdf (P5C) ligand is compound 3, Ki=5-20nM
3hku  1.80  2009  Ki=5nM        // 3hku.pdf (TOR) ligand is topiramate, Ki=0.005uM
3hvi  1.20  2009  Ki=5nM        // 3hvi.pdf (619) ligand is compound 4 is a bisubstrate inhibitor, Ki=5nM, IC50=21nM
3jy0  2.40  2009  Ki=5nM        // 3jy0.pdf 